# Blender 5.0.1
# www.blender.org
mtllib radar_mainscreen.mtl
o Cube
v 0.000000 -0.000000 -2.500000
v 0.000000 0.000000 2.500000
v 0.000000 0.625000 -2.499999
v 0.000000 0.625000 2.500001
v -0.500000 1.500000 2.499999
v -0.500000 1.500000 -2.500000
v 1.000000 0.875000 -2.499999
v 1.000000 0.875000 2.500001
v 1.000000 1.000000 -2.499999
v 1.000000 1.000000 2.500001
v 0.000000 1.000000 -2.499999
v 0.000000 1.000000 2.500001
v 0.000000 1.500000 -2.499999
v 0.000000 1.500000 2.500001
v -1.000000 0.000000 2.500000
v -1.000000 -0.000000 -2.500001
v -1.000000 4.000000 2.500000
v -1.000000 4.000000 -2.500001
v -0.500000 4.000000 2.499999
v -0.500000 4.000000 -2.500000
v 0.062500 1.000000 2.437501
v 0.062500 1.000000 1.562501
v 0.312500 1.000000 2.437501
v 0.312500 1.000000 1.562501
v 0.125000 1.062500 1.625001
v 0.125000 1.062500 2.375001
v 0.250000 1.062500 1.625001
v 0.250000 1.062500 2.375001
v 0.250000 1.062500 -1.624999
v 0.250000 1.062500 -2.374999
v 0.125000 1.062500 -1.624999
v 0.125000 1.062500 -2.374999
v 0.312500 1.000000 -2.437499
v 0.312500 1.000000 -1.562499
v 0.062500 1.000000 -2.437499
v 0.062500 1.000000 -1.562499
v 0.062500 1.000000 -0.562499
v 0.062500 1.000000 -1.437499
v 0.312500 1.000000 -0.562499
v 0.312500 1.000000 -1.437499
v 0.125000 1.062500 -1.374999
v 0.125000 1.062500 -0.624999
v 0.250000 1.062500 -1.374999
v 0.250000 1.062500 -0.624999
v 0.250000 1.062500 0.375001
v 0.250000 1.062500 -0.374999
v 0.125000 1.062500 0.375001
v 0.125000 1.062500 -0.374999
v 0.312500 1.000000 -0.437499
v 0.312500 1.000000 0.437501
v 0.062500 1.000000 -0.437499
v 0.062500 1.000000 0.437501
v 0.250000 1.062500 1.375001
v 0.250000 1.062500 0.625001
v 0.125000 1.062500 1.375001
v 0.125000 1.062500 0.625001
v 0.312500 1.000000 0.562501
v 0.312500 1.000000 1.437501
v 0.062500 1.000000 0.562501
v 0.062500 1.000000 1.437501
v 0.437500 1.000000 1.812501
v 0.500000 1.000000 1.875001
v 0.437500 1.000000 2.437501
v 0.437500 1.000000 1.875001
v 0.500000 1.000000 2.437501
v 0.492187 1.020000 1.882814
v 0.492187 1.020000 1.929689
v 0.445312 1.020000 1.929689
v 0.445312 1.020000 1.882814
v 0.445312 1.020000 2.132814
v 0.445312 1.020000 2.179689
v 0.492187 1.020000 2.179689
v 0.492187 1.020000 2.132814
v 0.437500 1.000000 2.125001
v 0.500000 1.000000 2.125001
v 0.437500 1.000000 2.062501
v 0.500000 1.000000 2.062501
v 0.492187 1.020000 2.070314
v 0.492187 1.020000 2.117189
v 0.445312 1.020000 2.117189
v 0.445312 1.020000 2.070314
v 0.875000 1.000000 1.812501
v 0.937500 1.000000 1.875001
v 0.875000 1.000000 2.437501
v 0.875000 1.000000 1.875001
v 0.937500 1.000000 2.437501
v 0.929687 1.020000 1.882814
v 0.929687 1.020000 1.929689
v 0.882812 1.020000 1.929689
v 0.882812 1.020000 1.882814
v 0.882812 1.020000 2.132814
v 0.882812 1.020000 2.179689
v 0.929687 1.020000 2.179689
v 0.929687 1.020000 2.132814
v 0.875000 1.000000 2.125001
v 0.937500 1.000000 2.125001
v 0.875000 1.000000 2.062501
v 0.437500 1.000000 2.062501
v 0.500000 1.000000 2.062501
v 0.437500 1.000000 2.000001
v 0.500000 1.000000 2.000001
v 0.937500 1.000000 2.062501
v 0.929687 1.020000 2.070314
v 0.929687 1.020000 2.117189
v 0.882812 1.020000 2.117189
v 0.882812 1.020000 2.070314
v 0.875000 1.000000 2.062501
v 0.937500 1.000000 2.062501
v 0.875000 1.000000 2.000001
v 0.937500 1.000000 2.000001
v 0.882812 1.020000 1.945314
v 0.882812 1.020000 1.992189
v 0.929687 1.020000 1.992189
v 0.929687 1.020000 1.945314
v 0.937500 1.000000 1.937501
v 0.875000 1.000000 1.937501
v 0.937500 1.000000 2.125001
v 0.445312 1.020000 1.945314
v 0.445312 1.020000 1.992189
v 0.492187 1.020000 1.992189
v 0.492187 1.020000 1.945314
v 0.500000 1.000000 1.937501
v 0.437500 1.000000 1.937501
v 0.500000 1.000000 2.125001
v 0.500000 1.000000 2.000001
v 0.437500 1.000000 2.000001
v 0.492187 1.020000 2.007814
v 0.492187 1.020000 2.054689
v 0.445312 1.020000 2.054689
v 0.445312 1.020000 2.007814
v 0.437500 1.000000 2.125001
v 0.500000 1.000000 2.187501
v 0.437500 1.000000 2.187501
v 0.437500 1.000000 2.375001
v 0.445312 1.020000 2.257814
v 0.445312 1.020000 2.304689
v 0.492187 1.020000 2.304689
v 0.492187 1.020000 2.257814
v 0.437500 1.000000 2.250001
v 0.500000 1.000000 2.250001
v 0.500000 1.000000 2.375001
v 0.437500 1.000000 2.187501
v 0.500000 1.000000 2.187501
v 0.492187 1.020000 2.195314
v 0.492187 1.020000 2.242189
v 0.445312 1.020000 2.242189
v 0.445312 1.020000 2.195314
v 0.937500 1.000000 2.000001
v 0.875000 1.000000 2.000001
v 0.929687 1.020000 2.007814
v 0.929687 1.020000 2.054689
v 0.882812 1.020000 2.054689
v 0.882812 1.020000 2.007814
v 0.875000 1.000000 2.125001
v 0.937500 1.000000 2.187501
v 0.875000 1.000000 2.187501
v 0.875000 1.000000 2.375001
v 0.882812 1.020000 2.257814
v 0.882812 1.020000 2.304689
v 0.929687 1.020000 2.304689
v 0.929687 1.020000 2.257814
v 0.875000 1.000000 2.250001
v 0.937500 1.000000 2.250001
v 0.500000 1.000000 2.250001
v 0.437500 1.000000 2.250001
v 0.500000 1.000000 2.312501
v 0.437500 1.000000 2.312501
v 0.937500 1.000000 2.375001
v 0.875000 1.000000 2.187501
v 0.937500 1.000000 2.187501
v 0.929687 1.020000 2.195314
v 0.929687 1.020000 2.242189
v 0.882812 1.020000 2.242189
v 0.882812 1.020000 2.195314
v 0.937500 1.000000 2.250001
v 0.875000 1.000000 2.250001
v 0.937500 1.000000 2.312501
v 0.875000 1.000000 2.312501
v 0.882812 1.020000 2.320314
v 0.882812 1.020000 2.367189
v 0.929687 1.020000 2.367189
v 0.929687 1.020000 2.320314
v 0.937500 1.000000 2.312501
v 0.445312 1.020000 2.320314
v 0.445312 1.020000 2.367189
v 0.492187 1.020000 2.367189
v 0.492187 1.020000 2.320314
v 0.500000 1.000000 2.312501
v 0.437500 1.000000 2.312501
v 0.500000 1.000000 2.375001
v 0.437500 1.000000 2.375001
v 0.492187 1.020000 2.382814
v 0.492187 1.020000 2.429689
v 0.445312 1.020000 2.429689
v 0.445312 1.020000 2.382814
v 0.500000 1.000000 1.812501
v 0.492187 1.020000 1.820314
v 0.492187 1.020000 1.867189
v 0.445312 1.020000 1.867189
v 0.445312 1.020000 1.820314
v 0.875000 1.000000 2.312501
v 0.937500 1.000000 2.375001
v 0.875000 1.000000 2.375001
v 0.929687 1.020000 2.382814
v 0.929687 1.020000 2.429689
v 0.882812 1.020000 2.429689
v 0.882812 1.020000 2.382814
v 0.937500 1.000000 1.812501
v 0.929687 1.020000 1.820314
v 0.929687 1.020000 1.867189
v 0.882812 1.020000 1.867189
v 0.882812 1.020000 1.820314
v 0.875000 1.000000 1.812501
v 0.937500 1.000000 1.812501
v 0.875000 1.000000 1.750001
v 0.937500 1.000000 1.750001
v 0.437500 1.000000 1.812501
v 0.500000 1.000000 1.812501
v 0.437500 1.000000 1.750001
v 0.500000 1.000000 1.750001
v 0.882812 1.020000 1.695314
v 0.882812 1.020000 1.742189
v 0.929687 1.020000 1.742189
v 0.929687 1.020000 1.695314
v 0.937500 1.000000 1.687501
v 0.875000 1.000000 1.687501
v 0.937500 1.000000 1.875001
v 0.937500 1.000000 1.750001
v 0.875000 1.000000 1.750001
v 0.929687 1.020000 1.757814
v 0.929687 1.020000 1.804689
v 0.882812 1.020000 1.804689
v 0.882812 1.020000 1.757814
v 0.875000 1.000000 1.875001
v 0.937500 1.000000 1.937501
v 0.875000 1.000000 1.937501
v 0.445312 1.020000 1.695314
v 0.445312 1.020000 1.742189
v 0.492187 1.020000 1.742189
v 0.492187 1.020000 1.695314
v 0.500000 1.000000 1.687501
v 0.437500 1.000000 1.687501
v 0.500000 1.000000 1.875001
v 0.500000 1.000000 1.750001
v 0.437500 1.000000 1.750001
v 0.492187 1.020000 1.757814
v 0.492187 1.020000 1.804689
v 0.445312 1.020000 1.804689
v 0.445312 1.020000 1.757814
v 0.437500 1.000000 1.875001
v 0.500000 1.000000 1.937501
v 0.437500 1.000000 1.937501
v 0.437500 1.000000 1.687501
v 0.500000 1.000000 1.687501
v 0.437500 1.000000 1.625001
v 0.500000 1.000000 1.625001
v 0.875000 1.000000 1.687501
v 0.937500 1.000000 1.687501
v 0.875000 1.000000 1.625001
v 0.937500 1.000000 1.625001
v 0.882812 1.020000 1.570314
v 0.882812 1.020000 1.617189
v 0.929687 1.020000 1.617189
v 0.929687 1.020000 1.570314
v 0.937500 1.000000 1.562501
v 0.875000 1.000000 1.562501
v 0.937500 1.000000 1.625001
v 0.875000 1.000000 1.625001
v 0.929687 1.020000 1.632814
v 0.929687 1.020000 1.679689
v 0.882812 1.020000 1.679689
v 0.882812 1.020000 1.632814
v 0.445312 1.020000 1.570314
v 0.445312 1.020000 1.617189
v 0.492187 1.020000 1.617189
v 0.492187 1.020000 1.570314
v 0.500000 1.000000 1.562501
v 0.437500 1.000000 1.562501
v 0.500000 1.000000 1.625001
v 0.437500 1.000000 1.625001
v 0.492187 1.020000 1.632814
v 0.492187 1.020000 1.679689
v 0.445312 1.020000 1.679689
v 0.445312 1.020000 1.632814
v 0.820312 1.020000 1.632814
v 0.820312 1.020000 1.679689
v 0.867187 1.020000 1.679689
v 0.867187 1.020000 1.632814
v 0.812500 1.000000 1.625001
v 0.875000 1.000000 1.625001
v 0.812500 1.000000 1.562501
v 0.875000 1.000000 1.562501
v 0.867187 1.020000 1.570314
v 0.867187 1.020000 1.617189
v 0.820312 1.020000 1.617189
v 0.820312 1.020000 1.570314
v 0.875000 1.000000 1.625001
v 0.812500 1.000000 1.625001
v 0.875000 1.000000 1.687501
v 0.812500 1.000000 1.687501
v 0.812500 1.000000 1.937501
v 0.875000 1.000000 1.937501
v 0.812500 1.000000 1.875001
v 0.820312 1.020000 1.757814
v 0.820312 1.020000 1.804689
v 0.867187 1.020000 1.804689
v 0.867187 1.020000 1.757814
v 0.812500 1.000000 1.750001
v 0.875000 1.000000 1.750001
v 0.875000 1.000000 1.875001
v 0.812500 1.000000 1.687501
v 0.875000 1.000000 1.687501
v 0.867187 1.020000 1.695314
v 0.867187 1.020000 1.742189
v 0.820312 1.020000 1.742189
v 0.820312 1.020000 1.695314
v 0.875000 1.000000 1.750001
v 0.812500 1.000000 1.750001
v 0.875000 1.000000 1.812501
v 0.812500 1.000000 1.812501
v 0.820312 1.020000 1.820314
v 0.820312 1.020000 1.867189
v 0.867187 1.020000 1.867189
v 0.867187 1.020000 1.820314
v 0.875000 1.000000 1.812501
v 0.820312 1.020000 2.382814
v 0.820312 1.020000 2.429689
v 0.867187 1.020000 2.429689
v 0.867187 1.020000 2.382814
v 0.812500 1.000000 2.375001
v 0.875000 1.000000 2.375001
v 0.812500 1.000000 2.312501
v 0.875000 1.000000 2.312501
v 0.867187 1.020000 2.320314
v 0.867187 1.020000 2.367189
v 0.820312 1.020000 2.367189
v 0.820312 1.020000 2.320314
v 0.812500 1.000000 2.312501
v 0.875000 1.000000 2.312501
v 0.812500 1.000000 2.250001
v 0.875000 1.000000 2.250001
v 0.820312 1.020000 2.195314
v 0.820312 1.020000 2.242189
v 0.867187 1.020000 2.242189
v 0.867187 1.020000 2.195314
v 0.875000 1.000000 2.187501
v 0.812500 1.000000 2.187501
v 0.875000 1.000000 2.375001
v 0.875000 1.000000 2.250001
v 0.812500 1.000000 2.250001
v 0.867187 1.020000 2.257814
v 0.867187 1.020000 2.304689
v 0.820312 1.020000 2.304689
v 0.820312 1.020000 2.257814
v 0.812500 1.000000 2.375001
v 0.812500 1.000000 2.187501
v 0.875000 1.000000 2.187501
v 0.812500 1.000000 2.125001
v 0.820312 1.020000 2.007814
v 0.820312 1.020000 2.054689
v 0.867187 1.020000 2.054689
v 0.867187 1.020000 2.007814
v 0.812500 1.000000 2.000001
v 0.875000 1.000000 2.000001
v 0.875000 1.000000 2.125001
v 0.812500 1.000000 1.937501
v 0.875000 1.000000 1.937501
v 0.867187 1.020000 1.945314
v 0.867187 1.020000 1.992189
v 0.820312 1.020000 1.992189
v 0.820312 1.020000 1.945314
v 0.875000 1.000000 2.000001
v 0.812500 1.000000 2.000001
v 0.875000 1.000000 2.062501
v 0.812500 1.000000 2.062501
v 0.820312 1.020000 2.070314
v 0.820312 1.020000 2.117189
v 0.867187 1.020000 2.117189
v 0.867187 1.020000 2.070314
v 0.875000 1.000000 2.062501
v 0.812500 1.000000 2.062501
v 0.875000 1.000000 2.125001
v 0.812500 1.000000 2.125001
v 0.867187 1.020000 2.132814
v 0.867187 1.020000 2.179689
v 0.820312 1.020000 2.179689
v 0.820312 1.020000 2.132814
v 0.820312 1.020000 1.882814
v 0.820312 1.020000 1.929689
v 0.867187 1.020000 1.929689
v 0.867187 1.020000 1.882814
v 0.875000 1.000000 2.437501
v 0.812500 1.000000 1.875001
v 0.812500 1.000000 2.437501
v 0.875000 1.000000 1.875001
v 0.812500 1.000000 1.812501
v 0.687500 1.000000 1.812501
v 0.750000 1.000000 1.875001
v 0.687500 1.000000 2.437501
v 0.687500 1.000000 1.875001
v 0.750000 1.000000 2.437501
v 0.742187 1.020000 1.882814
v 0.742187 1.020000 1.929689
v 0.695312 1.020000 1.929689
v 0.695312 1.020000 1.882814
v 0.695312 1.020000 2.132814
v 0.695312 1.020000 2.179689
v 0.742187 1.020000 2.179689
v 0.742187 1.020000 2.132814
v 0.687500 1.000000 2.125001
v 0.750000 1.000000 2.125001
v 0.687500 1.000000 2.062501
v 0.750000 1.000000 2.062501
v 0.742187 1.020000 2.070314
v 0.742187 1.020000 2.117189
v 0.695312 1.020000 2.117189
v 0.695312 1.020000 2.070314
v 0.687500 1.000000 2.062501
v 0.750000 1.000000 2.062501
v 0.687500 1.000000 2.000001
v 0.750000 1.000000 2.000001
v 0.695312 1.020000 1.945314
v 0.695312 1.020000 1.992189
v 0.742187 1.020000 1.992189
v 0.742187 1.020000 1.945314
v 0.750000 1.000000 1.937501
v 0.687500 1.000000 1.937501
v 0.750000 1.000000 2.125001
v 0.750000 1.000000 2.000001
v 0.687500 1.000000 2.000001
v 0.742187 1.020000 2.007814
v 0.742187 1.020000 2.054689
v 0.695312 1.020000 2.054689
v 0.695312 1.020000 2.007814
v 0.687500 1.000000 2.125001
v 0.750000 1.000000 2.187501
v 0.687500 1.000000 2.187501
v 0.687500 1.000000 2.375001
v 0.695312 1.020000 2.257814
v 0.695312 1.020000 2.304689
v 0.742187 1.020000 2.304689
v 0.742187 1.020000 2.257814
v 0.687500 1.000000 2.250001
v 0.750000 1.000000 2.250001
v 0.750000 1.000000 2.375001
v 0.687500 1.000000 2.187501
v 0.750000 1.000000 2.187501
v 0.742187 1.020000 2.195314
v 0.742187 1.020000 2.242189
v 0.695312 1.020000 2.242189
v 0.695312 1.020000 2.195314
v 0.750000 1.000000 2.250001
v 0.687500 1.000000 2.250001
v 0.750000 1.000000 2.312501
v 0.687500 1.000000 2.312501
v 0.695312 1.020000 2.320314
v 0.695312 1.020000 2.367189
v 0.742187 1.020000 2.367189
v 0.742187 1.020000 2.320314
v 0.750000 1.000000 2.312501
v 0.687500 1.000000 2.312501
v 0.750000 1.000000 2.375001
v 0.687500 1.000000 2.375001
v 0.742187 1.020000 2.382814
v 0.742187 1.020000 2.429689
v 0.695312 1.020000 2.429689
v 0.695312 1.020000 2.382814
v 0.750000 1.000000 1.812501
v 0.742187 1.020000 1.820314
v 0.742187 1.020000 1.867189
v 0.695312 1.020000 1.867189
v 0.695312 1.020000 1.820314
v 0.687500 1.000000 1.812501
v 0.750000 1.000000 1.812501
v 0.687500 1.000000 1.750001
v 0.750000 1.000000 1.750001
v 0.695312 1.020000 1.695314
v 0.695312 1.020000 1.742189
v 0.742187 1.020000 1.742189
v 0.742187 1.020000 1.695314
v 0.750000 1.000000 1.687501
v 0.687500 1.000000 1.687501
v 0.750000 1.000000 1.875001
v 0.750000 1.000000 1.750001
v 0.687500 1.000000 1.750001
v 0.742187 1.020000 1.757814
v 0.742187 1.020000 1.804689
v 0.695312 1.020000 1.804689
v 0.695312 1.020000 1.757814
v 0.687500 1.000000 1.875001
v 0.750000 1.000000 1.937501
v 0.687500 1.000000 1.937501
v 0.687500 1.000000 1.687501
v 0.750000 1.000000 1.687501
v 0.687500 1.000000 1.625001
v 0.750000 1.000000 1.625001
v 0.695312 1.020000 1.570314
v 0.695312 1.020000 1.617189
v 0.742187 1.020000 1.617189
v 0.742187 1.020000 1.570314
v 0.750000 1.000000 1.562501
v 0.687500 1.000000 1.562501
v 0.750000 1.000000 1.625001
v 0.687500 1.000000 1.625001
v 0.742187 1.020000 1.632814
v 0.742187 1.020000 1.679689
v 0.695312 1.020000 1.679689
v 0.695312 1.020000 1.632814
v 0.757812 1.020000 1.632814
v 0.757812 1.020000 1.679689
v 0.804687 1.020000 1.679689
v 0.804687 1.020000 1.632814
v 0.750000 1.000000 1.625001
v 0.812500 1.000000 1.625001
v 0.750000 1.000000 1.562501
v 0.812500 1.000000 1.562501
v 0.804687 1.020000 1.570314
v 0.804687 1.020000 1.617189
v 0.757812 1.020000 1.617189
v 0.757812 1.020000 1.570314
v 0.812500 1.000000 1.625001
v 0.750000 1.000000 1.625001
v 0.812500 1.000000 1.687501
v 0.750000 1.000000 1.687501
v 0.750000 1.000000 1.937501
v 0.812500 1.000000 1.937501
v 0.750000 1.000000 1.875001
v 0.757812 1.020000 1.757814
v 0.757812 1.020000 1.804689
v 0.804687 1.020000 1.804689
v 0.804687 1.020000 1.757814
v 0.750000 1.000000 1.750001
v 0.812500 1.000000 1.750001
v 0.812500 1.000000 1.875001
v 0.750000 1.000000 1.687501
v 0.812500 1.000000 1.687501
v 0.804687 1.020000 1.695314
v 0.804687 1.020000 1.742189
v 0.757812 1.020000 1.742189
v 0.757812 1.020000 1.695314
v 0.812500 1.000000 1.750001
v 0.750000 1.000000 1.750001
v 0.812500 1.000000 1.812501
v 0.750000 1.000000 1.812501
v 0.757812 1.020000 1.820314
v 0.757812 1.020000 1.867189
v 0.804687 1.020000 1.867189
v 0.804687 1.020000 1.820314
v 0.812500 1.000000 1.812501
v 0.757812 1.020000 2.382814
v 0.757812 1.020000 2.429689
v 0.804687 1.020000 2.429689
v 0.804687 1.020000 2.382814
v 0.750000 1.000000 2.375001
v 0.812500 1.000000 2.375001
v 0.750000 1.000000 2.312501
v 0.812500 1.000000 2.312501
v 0.804687 1.020000 2.320314
v 0.804687 1.020000 2.367189
v 0.757812 1.020000 2.367189
v 0.757812 1.020000 2.320314
v 0.750000 1.000000 2.312501
v 0.812500 1.000000 2.312501
v 0.750000 1.000000 2.250001
v 0.812500 1.000000 2.250001
v 0.757812 1.020000 2.195314
v 0.757812 1.020000 2.242189
v 0.804687 1.020000 2.242189
v 0.804687 1.020000 2.195314
v 0.812500 1.000000 2.187501
v 0.750000 1.000000 2.187501
v 0.812500 1.000000 2.375001
v 0.812500 1.000000 2.250001
v 0.750000 1.000000 2.250001
v 0.804687 1.020000 2.257814
v 0.804687 1.020000 2.304689
v 0.757812 1.020000 2.304689
v 0.757812 1.020000 2.257814
v 0.750000 1.000000 2.375001
v 0.750000 1.000000 2.187501
v 0.812500 1.000000 2.187501
v 0.750000 1.000000 2.125001
v 0.757812 1.020000 2.007814
v 0.757812 1.020000 2.054689
v 0.804687 1.020000 2.054689
v 0.804687 1.020000 2.007814
v 0.750000 1.000000 2.000001
v 0.812500 1.000000 2.000001
v 0.812500 1.000000 2.125001
v 0.750000 1.000000 1.937501
v 0.812500 1.000000 1.937501
v 0.804687 1.020000 1.945314
v 0.804687 1.020000 1.992189
v 0.757812 1.020000 1.992189
v 0.757812 1.020000 1.945314
v 0.812500 1.000000 2.000001
v 0.750000 1.000000 2.000001
v 0.812500 1.000000 2.062501
v 0.750000 1.000000 2.062501
v 0.757812 1.020000 2.070314
v 0.757812 1.020000 2.117189
v 0.804687 1.020000 2.117189
v 0.804687 1.020000 2.070314
v 0.812500 1.000000 2.062501
v 0.750000 1.000000 2.062501
v 0.812500 1.000000 2.125001
v 0.750000 1.000000 2.125001
v 0.804687 1.020000 2.132814
v 0.804687 1.020000 2.179689
v 0.757812 1.020000 2.179689
v 0.757812 1.020000 2.132814
v 0.757812 1.020000 1.882814
v 0.757812 1.020000 1.929689
v 0.804687 1.020000 1.929689
v 0.804687 1.020000 1.882814
v 0.812500 1.000000 2.437501
v 0.750000 1.000000 1.875001
v 0.750000 1.000000 2.437501
v 0.812500 1.000000 1.875001
v 0.750000 1.000000 1.812501
v 0.625000 1.000000 1.812501
v 0.687500 1.000000 1.875001
v 0.625000 1.000000 2.437501
v 0.625000 1.000000 1.875001
v 0.687500 1.000000 2.437501
v 0.679687 1.020000 1.882814
v 0.679687 1.020000 1.929689
v 0.632812 1.020000 1.929689
v 0.632812 1.020000 1.882814
v 0.632812 1.020000 2.132814
v 0.632812 1.020000 2.179689
v 0.679687 1.020000 2.179689
v 0.679687 1.020000 2.132814
v 0.625000 1.000000 2.125001
v 0.687500 1.000000 2.125001
v 0.625000 1.000000 2.062501
v 0.687500 1.000000 2.062501
v 0.679687 1.020000 2.070314
v 0.679687 1.020000 2.117189
v 0.632812 1.020000 2.117189
v 0.632812 1.020000 2.070314
v 0.625000 1.000000 2.062501
v 0.687500 1.000000 2.062501
v 0.625000 1.000000 2.000001
v 0.687500 1.000000 2.000001
v 0.632812 1.020000 1.945314
v 0.632812 1.020000 1.992189
v 0.679687 1.020000 1.992189
v 0.679687 1.020000 1.945314
v 0.687500 1.000000 1.937501
v 0.625000 1.000000 1.937501
v 0.687500 1.000000 2.125001
v 0.687500 1.000000 2.000001
v 0.625000 1.000000 2.000001
v 0.679687 1.020000 2.007814
v 0.679687 1.020000 2.054689
v 0.632812 1.020000 2.054689
v 0.632812 1.020000 2.007814
v 0.625000 1.000000 2.125001
v 0.687500 1.000000 2.187501
v 0.625000 1.000000 2.187501
v 0.625000 1.000000 2.375001
v 0.632812 1.020000 2.257814
v 0.632812 1.020000 2.304689
v 0.679687 1.020000 2.304689
v 0.679687 1.020000 2.257814
v 0.625000 1.000000 2.250001
v 0.687500 1.000000 2.250001
v 0.687500 1.000000 2.375001
v 0.625000 1.000000 2.187501
v 0.687500 1.000000 2.187501
v 0.679687 1.020000 2.195314
v 0.679687 1.020000 2.242189
v 0.632812 1.020000 2.242189
v 0.632812 1.020000 2.195314
v 0.687500 1.000000 2.250001
v 0.625000 1.000000 2.250001
v 0.687500 1.000000 2.312501
v 0.625000 1.000000 2.312501
v 0.632812 1.020000 2.320314
v 0.632812 1.020000 2.367189
v 0.679687 1.020000 2.367189
v 0.679687 1.020000 2.320314
v 0.687500 1.000000 2.312501
v 0.625000 1.000000 2.312501
v 0.687500 1.000000 2.375001
v 0.625000 1.000000 2.375001
v 0.679687 1.020000 2.382814
v 0.679687 1.020000 2.429689
v 0.632812 1.020000 2.429689
v 0.632812 1.020000 2.382814
v 0.687500 1.000000 1.812501
v 0.679687 1.020000 1.820314
v 0.679687 1.020000 1.867189
v 0.632812 1.020000 1.867189
v 0.632812 1.020000 1.820314
v 0.625000 1.000000 1.812501
v 0.687500 1.000000 1.812501
v 0.625000 1.000000 1.750001
v 0.687500 1.000000 1.750001
v 0.632812 1.020000 1.695314
v 0.632812 1.020000 1.742189
v 0.679687 1.020000 1.742189
v 0.679687 1.020000 1.695314
v 0.687500 1.000000 1.687501
v 0.625000 1.000000 1.687501
v 0.687500 1.000000 1.875001
v 0.687500 1.000000 1.750001
v 0.625000 1.000000 1.750001
v 0.679687 1.020000 1.757814
v 0.679687 1.020000 1.804689
v 0.632812 1.020000 1.804689
v 0.632812 1.020000 1.757814
v 0.625000 1.000000 1.875001
v 0.687500 1.000000 1.937501
v 0.625000 1.000000 1.937501
v 0.625000 1.000000 1.687501
v 0.687500 1.000000 1.687501
v 0.625000 1.000000 1.625001
v 0.687500 1.000000 1.625001
v 0.632812 1.020000 1.570314
v 0.632812 1.020000 1.617189
v 0.679687 1.020000 1.617189
v 0.679687 1.020000 1.570314
v 0.687500 1.000000 1.562501
v 0.625000 1.000000 1.562501
v 0.687500 1.000000 1.625001
v 0.625000 1.000000 1.625001
v 0.679687 1.020000 1.632814
v 0.679687 1.020000 1.679689
v 0.632812 1.020000 1.679689
v 0.632812 1.020000 1.632814
v 0.570312 1.020000 1.632814
v 0.570312 1.020000 1.679689
v 0.617187 1.020000 1.679689
v 0.617187 1.020000 1.632814
v 0.562500 1.000000 1.625001
v 0.625000 1.000000 1.625001
v 0.562500 1.000000 1.562501
v 0.625000 1.000000 1.562501
v 0.617187 1.020000 1.570314
v 0.617187 1.020000 1.617189
v 0.570312 1.020000 1.617189
v 0.570312 1.020000 1.570314
v 0.625000 1.000000 1.625001
v 0.562500 1.000000 1.625001
v 0.625000 1.000000 1.687501
v 0.562500 1.000000 1.687501
v 0.562500 1.000000 1.937501
v 0.625000 1.000000 1.937501
v 0.562500 1.000000 1.875001
v 0.570312 1.020000 1.757814
v 0.570312 1.020000 1.804689
v 0.617187 1.020000 1.804689
v 0.617187 1.020000 1.757814
v 0.562500 1.000000 1.750001
v 0.625000 1.000000 1.750001
v 0.625000 1.000000 1.875001
v 0.562500 1.000000 1.687501
v 0.625000 1.000000 1.687501
v 0.617187 1.020000 1.695314
v 0.617187 1.020000 1.742189
v 0.570312 1.020000 1.742189
v 0.570312 1.020000 1.695314
v 0.625000 1.000000 1.750001
v 0.562500 1.000000 1.750001
v 0.625000 1.000000 1.812501
v 0.562500 1.000000 1.812501
v 0.570312 1.020000 1.820314
v 0.570312 1.020000 1.867189
v 0.617187 1.020000 1.867189
v 0.617187 1.020000 1.820314
v 0.625000 1.000000 1.812501
v 0.570312 1.020000 2.382814
v 0.570312 1.020000 2.429689
v 0.617187 1.020000 2.429689
v 0.617187 1.020000 2.382814
v 0.562500 1.000000 2.375001
v 0.625000 1.000000 2.375001
v 0.562500 1.000000 2.312501
v 0.625000 1.000000 2.312501
v 0.617187 1.020000 2.320314
v 0.617187 1.020000 2.367189
v 0.570312 1.020000 2.367189
v 0.570312 1.020000 2.320314
v 0.562500 1.000000 2.312501
v 0.625000 1.000000 2.312501
v 0.562500 1.000000 2.250001
v 0.625000 1.000000 2.250001
v 0.570312 1.020000 2.195314
v 0.570312 1.020000 2.242189
v 0.617187 1.020000 2.242189
v 0.617187 1.020000 2.195314
v 0.625000 1.000000 2.187501
v 0.562500 1.000000 2.187501
v 0.625000 1.000000 2.375001
v 0.625000 1.000000 2.250001
v 0.562500 1.000000 2.250001
v 0.617187 1.020000 2.257814
v 0.617187 1.020000 2.304689
v 0.570312 1.020000 2.304689
v 0.570312 1.020000 2.257814
v 0.562500 1.000000 2.375001
v 0.562500 1.000000 2.187501
v 0.625000 1.000000 2.187501
v 0.562500 1.000000 2.125001
v 0.570312 1.020000 2.007814
v 0.570312 1.020000 2.054689
v 0.617187 1.020000 2.054689
v 0.617187 1.020000 2.007814
v 0.562500 1.000000 2.000001
v 0.625000 1.000000 2.000001
v 0.625000 1.000000 2.125001
v 0.562500 1.000000 1.937501
v 0.625000 1.000000 1.937501
v 0.617187 1.020000 1.945314
v 0.617187 1.020000 1.992189
v 0.570312 1.020000 1.992189
v 0.570312 1.020000 1.945314
v 0.625000 1.000000 2.000001
v 0.562500 1.000000 2.000001
v 0.625000 1.000000 2.062501
v 0.562500 1.000000 2.062501
v 0.570312 1.020000 2.070314
v 0.570312 1.020000 2.117189
v 0.617187 1.020000 2.117189
v 0.617187 1.020000 2.070314
v 0.625000 1.000000 2.062501
v 0.562500 1.000000 2.062501
v 0.625000 1.000000 2.125001
v 0.562500 1.000000 2.125001
v 0.617187 1.020000 2.132814
v 0.617187 1.020000 2.179689
v 0.570312 1.020000 2.179689
v 0.570312 1.020000 2.132814
v 0.570312 1.020000 1.882814
v 0.570312 1.020000 1.929689
v 0.617187 1.020000 1.929689
v 0.617187 1.020000 1.882814
v 0.625000 1.000000 2.437501
v 0.562500 1.000000 1.875001
v 0.562500 1.000000 2.437501
v 0.625000 1.000000 1.875001
v 0.562500 1.000000 1.812501
v 0.507812 1.020000 1.632814
v 0.507812 1.020000 1.679689
v 0.554687 1.020000 1.679689
v 0.554687 1.020000 1.632814
v 0.500000 1.000000 1.625001
v 0.562500 1.000000 1.625001
v 0.500000 1.000000 1.562501
v 0.562500 1.000000 1.562501
v 0.554687 1.020000 1.570314
v 0.554687 1.020000 1.617189
v 0.507812 1.020000 1.617189
v 0.507812 1.020000 1.570314
v 0.562500 1.000000 1.625001
v 0.500000 1.000000 1.625001
v 0.562500 1.000000 1.687501
v 0.500000 1.000000 1.687501
v 0.500000 1.000000 1.937501
v 0.562500 1.000000 1.937501
v 0.500000 1.000000 1.875001
v 0.507812 1.020000 1.757814
v 0.507812 1.020000 1.804689
v 0.554687 1.020000 1.804689
v 0.554687 1.020000 1.757814
v 0.500000 1.000000 1.750001
v 0.562500 1.000000 1.750001
v 0.562500 1.000000 1.875001
v 0.500000 1.000000 1.687501
v 0.562500 1.000000 1.687501
v 0.554687 1.020000 1.695314
v 0.554687 1.020000 1.742189
v 0.507812 1.020000 1.742189
v 0.507812 1.020000 1.695314
v 0.562500 1.000000 1.750001
v 0.500000 1.000000 1.750001
v 0.562500 1.000000 1.812501
v 0.500000 1.000000 1.812501
v 0.507812 1.020000 1.820314
v 0.507812 1.020000 1.867189
v 0.554687 1.020000 1.867189
v 0.554687 1.020000 1.820314
v 0.562500 1.000000 1.812501
v 0.507812 1.020000 2.382814
v 0.507812 1.020000 2.429689
v 0.554687 1.020000 2.429689
v 0.554687 1.020000 2.382814
v 0.500000 1.000000 2.375001
v 0.562500 1.000000 2.375001
v 0.500000 1.000000 2.312501
v 0.562500 1.000000 2.312501
v 0.554687 1.020000 2.320314
v 0.554687 1.020000 2.367189
v 0.507812 1.020000 2.367189
v 0.507812 1.020000 2.320314
v 0.500000 1.000000 2.312501
v 0.562500 1.000000 2.312501
v 0.500000 1.000000 2.250001
v 0.562500 1.000000 2.250001
v 0.507812 1.020000 2.195314
v 0.507812 1.020000 2.242189
v 0.554687 1.020000 2.242189
v 0.554687 1.020000 2.195314
v 0.562500 1.000000 2.187501
v 0.500000 1.000000 2.187501
v 0.562500 1.000000 2.375001
v 0.562500 1.000000 2.250001
v 0.500000 1.000000 2.250001
v 0.554687 1.020000 2.257814
v 0.554687 1.020000 2.304689
v 0.507812 1.020000 2.304689
v 0.507812 1.020000 2.257814
v 0.500000 1.000000 2.375001
v 0.500000 1.000000 2.187501
v 0.562500 1.000000 2.187501
v 0.500000 1.000000 2.125001
v 0.507812 1.020000 2.007814
v 0.507812 1.020000 2.054689
v 0.554687 1.020000 2.054689
v 0.554687 1.020000 2.007814
v 0.500000 1.000000 2.000001
v 0.562500 1.000000 2.000001
v 0.562500 1.000000 2.125001
v 0.500000 1.000000 1.937501
v 0.562500 1.000000 1.937501
v 0.554687 1.020000 1.945314
v 0.554687 1.020000 1.992189
v 0.507812 1.020000 1.992189
v 0.507812 1.020000 1.945314
v 0.562500 1.000000 2.000001
v 0.500000 1.000000 2.000001
v 0.562500 1.000000 2.062501
v 0.500000 1.000000 2.062501
v 0.507812 1.020000 2.070314
v 0.507812 1.020000 2.117189
v 0.554687 1.020000 2.117189
v 0.554687 1.020000 2.070314
v 0.562500 1.000000 2.062501
v 0.500000 1.000000 2.062501
v 0.562500 1.000000 2.125001
v 0.500000 1.000000 2.125001
v 0.554687 1.020000 2.132814
v 0.554687 1.020000 2.179689
v 0.507812 1.020000 2.179689
v 0.507812 1.020000 2.132814
v 0.507812 1.020000 1.882814
v 0.507812 1.020000 1.929689
v 0.554687 1.020000 1.929689
v 0.554687 1.020000 1.882814
v 0.562500 1.000000 2.437501
v 0.500000 1.000000 1.875001
v 0.500000 1.000000 2.437501
v 0.562500 1.000000 1.875001
v 0.500000 1.000000 1.812501
v 0.500000 1.000000 -0.187499
v 0.562500 1.000000 -0.124999
v 0.500000 1.000000 0.437501
v 0.500000 1.000000 -0.124999
v 0.562500 1.000000 0.437501
v 0.554687 1.020000 -0.117186
v 0.554687 1.020000 -0.070311
v 0.507812 1.020000 -0.070311
v 0.507812 1.020000 -0.117186
v 0.507812 1.020000 0.132814
v 0.507812 1.020000 0.179689
v 0.554687 1.020000 0.179689
v 0.554687 1.020000 0.132814
v 0.500000 1.000000 0.125001
v 0.562500 1.000000 0.125001
v 0.500000 1.000000 0.062501
v 0.562500 1.000000 0.062501
v 0.554687 1.020000 0.070314
v 0.554687 1.020000 0.117189
v 0.507812 1.020000 0.117189
v 0.507812 1.020000 0.070314
v 0.500000 1.000000 0.062501
v 0.562500 1.000000 0.062501
v 0.500000 1.000000 0.000001
v 0.562500 1.000000 0.000001
v 0.507812 1.020000 -0.054686
v 0.507812 1.020000 -0.007811
v 0.554687 1.020000 -0.007811
v 0.554687 1.020000 -0.054686
v 0.562500 1.000000 -0.062499
v 0.500000 1.000000 -0.062499
v 0.562500 1.000000 0.125001
v 0.562500 1.000000 0.000001
v 0.500000 1.000000 0.000001
v 0.554687 1.020000 0.007814
v 0.554687 1.020000 0.054689
v 0.507812 1.020000 0.054689
v 0.507812 1.020000 0.007814
v 0.500000 1.000000 0.125001
v 0.562500 1.000000 0.187501
v 0.500000 1.000000 0.187501
v 0.500000 1.000000 0.375001
v 0.507812 1.020000 0.257814
v 0.507812 1.020000 0.304689
v 0.554687 1.020000 0.304689
v 0.554687 1.020000 0.257814
v 0.500000 1.000000 0.250001
v 0.562500 1.000000 0.250001
v 0.562500 1.000000 0.375001
v 0.500000 1.000000 0.187501
v 0.562500 1.000000 0.187501
v 0.554687 1.020000 0.195314
v 0.554687 1.020000 0.242189
v 0.507812 1.020000 0.242189
v 0.507812 1.020000 0.195314
v 0.562500 1.000000 0.250001
v 0.500000 1.000000 0.250001
v 0.562500 1.000000 0.312501
v 0.500000 1.000000 0.312501
v 0.507812 1.020000 0.320314
v 0.507812 1.020000 0.367189
v 0.554687 1.020000 0.367189
v 0.554687 1.020000 0.320314
v 0.562500 1.000000 0.312501
v 0.500000 1.000000 0.312501
v 0.562500 1.000000 0.375001
v 0.500000 1.000000 0.375001
v 0.554687 1.020000 0.382814
v 0.554687 1.020000 0.429689
v 0.507812 1.020000 0.429689
v 0.507812 1.020000 0.382814
v 0.562500 1.000000 -0.187499
v 0.554687 1.020000 -0.179686
v 0.554687 1.020000 -0.132811
v 0.507812 1.020000 -0.132811
v 0.507812 1.020000 -0.179686
v 0.500000 1.000000 -0.187499
v 0.562500 1.000000 -0.187499
v 0.500000 1.000000 -0.249999
v 0.562500 1.000000 -0.249999
v 0.507812 1.020000 -0.304686
v 0.507812 1.020000 -0.257811
v 0.554687 1.020000 -0.257811
v 0.554687 1.020000 -0.304686
v 0.562500 1.000000 -0.312499
v 0.500000 1.000000 -0.312499
v 0.562500 1.000000 -0.124999
v 0.562500 1.000000 -0.249999
v 0.500000 1.000000 -0.249999
v 0.554687 1.020000 -0.242186
v 0.554687 1.020000 -0.195311
v 0.507812 1.020000 -0.195311
v 0.507812 1.020000 -0.242186
v 0.500000 1.000000 -0.124999
v 0.562500 1.000000 -0.062499
v 0.500000 1.000000 -0.062499
v 0.500000 1.000000 -0.312499
v 0.562500 1.000000 -0.312499
v 0.500000 1.000000 -0.374999
v 0.562500 1.000000 -0.374999
v 0.507812 1.020000 -0.429686
v 0.507812 1.020000 -0.382811
v 0.554687 1.020000 -0.382811
v 0.554687 1.020000 -0.429686
v 0.562500 1.000000 -0.437499
v 0.500000 1.000000 -0.437499
v 0.562500 1.000000 -0.374999
v 0.500000 1.000000 -0.374999
v 0.554687 1.020000 -0.367186
v 0.554687 1.020000 -0.320311
v 0.507812 1.020000 -0.320311
v 0.507812 1.020000 -0.367186
v 0.562500 1.000000 -0.187499
v 0.625000 1.000000 -0.124999
v 0.562500 1.000000 0.437501
v 0.562500 1.000000 -0.124999
v 0.625000 1.000000 0.437501
v 0.617187 1.020000 -0.117186
v 0.617187 1.020000 -0.070311
v 0.570312 1.020000 -0.070311
v 0.570312 1.020000 -0.117186
v 0.570312 1.020000 0.132814
v 0.570312 1.020000 0.179689
v 0.617187 1.020000 0.179689
v 0.617187 1.020000 0.132814
v 0.562500 1.000000 0.125001
v 0.625000 1.000000 0.125001
v 0.562500 1.000000 0.062501
v 0.625000 1.000000 0.062501
v 0.617187 1.020000 0.070314
v 0.617187 1.020000 0.117189
v 0.570312 1.020000 0.117189
v 0.570312 1.020000 0.070314
v 0.562500 1.000000 0.062501
v 0.625000 1.000000 0.062501
v 0.562500 1.000000 0.000001
v 0.625000 1.000000 0.000001
v 0.570312 1.020000 -0.054686
v 0.570312 1.020000 -0.007811
v 0.617187 1.020000 -0.007811
v 0.617187 1.020000 -0.054686
v 0.625000 1.000000 -0.062499
v 0.562500 1.000000 -0.062499
v 0.625000 1.000000 0.125001
v 0.625000 1.000000 0.000001
v 0.562500 1.000000 0.000001
v 0.617187 1.020000 0.007814
v 0.617187 1.020000 0.054689
v 0.570312 1.020000 0.054689
v 0.570312 1.020000 0.007814
v 0.562500 1.000000 0.125001
v 0.625000 1.000000 0.187501
v 0.562500 1.000000 0.187501
v 0.562500 1.000000 0.375001
v 0.570312 1.020000 0.257814
v 0.570312 1.020000 0.304689
v 0.617187 1.020000 0.304689
v 0.617187 1.020000 0.257814
v 0.562500 1.000000 0.250001
v 0.625000 1.000000 0.250001
v 0.625000 1.000000 0.375001
v 0.562500 1.000000 0.187501
v 0.625000 1.000000 0.187501
v 0.617187 1.020000 0.195314
v 0.617187 1.020000 0.242189
v 0.570312 1.020000 0.242189
v 0.570312 1.020000 0.195314
v 0.625000 1.000000 0.250001
v 0.562500 1.000000 0.250001
v 0.625000 1.000000 0.312501
v 0.562500 1.000000 0.312501
v 0.570312 1.020000 0.320314
v 0.570312 1.020000 0.367189
v 0.617187 1.020000 0.367189
v 0.617187 1.020000 0.320314
v 0.625000 1.000000 0.312501
v 0.562500 1.000000 0.312501
v 0.625000 1.000000 0.375001
v 0.562500 1.000000 0.375001
v 0.617187 1.020000 0.382814
v 0.617187 1.020000 0.429689
v 0.570312 1.020000 0.429689
v 0.570312 1.020000 0.382814
v 0.625000 1.000000 -0.187499
v 0.617187 1.020000 -0.179686
v 0.617187 1.020000 -0.132811
v 0.570312 1.020000 -0.132811
v 0.570312 1.020000 -0.179686
v 0.562500 1.000000 -0.187499
v 0.625000 1.000000 -0.187499
v 0.562500 1.000000 -0.249999
v 0.625000 1.000000 -0.249999
v 0.570312 1.020000 -0.304686
v 0.570312 1.020000 -0.257811
v 0.617187 1.020000 -0.257811
v 0.617187 1.020000 -0.304686
v 0.625000 1.000000 -0.312499
v 0.562500 1.000000 -0.312499
v 0.625000 1.000000 -0.124999
v 0.625000 1.000000 -0.249999
v 0.562500 1.000000 -0.249999
v 0.617187 1.020000 -0.242186
v 0.617187 1.020000 -0.195311
v 0.570312 1.020000 -0.195311
v 0.570312 1.020000 -0.242186
v 0.562500 1.000000 -0.124999
v 0.625000 1.000000 -0.062499
v 0.562500 1.000000 -0.062499
v 0.562500 1.000000 -0.312499
v 0.625000 1.000000 -0.312499
v 0.562500 1.000000 -0.374999
v 0.625000 1.000000 -0.374999
v 0.570312 1.020000 -0.429686
v 0.570312 1.020000 -0.382811
v 0.617187 1.020000 -0.382811
v 0.617187 1.020000 -0.429686
v 0.625000 1.000000 -0.437499
v 0.562500 1.000000 -0.437499
v 0.625000 1.000000 -0.374999
v 0.562500 1.000000 -0.374999
v 0.617187 1.020000 -0.367186
v 0.617187 1.020000 -0.320311
v 0.570312 1.020000 -0.320311
v 0.570312 1.020000 -0.367186
v 0.632812 1.020000 -0.367186
v 0.632812 1.020000 -0.320311
v 0.679687 1.020000 -0.320311
v 0.679687 1.020000 -0.367186
v 0.625000 1.000000 -0.374999
v 0.687500 1.000000 -0.374999
v 0.625000 1.000000 -0.437499
v 0.687500 1.000000 -0.437499
v 0.679687 1.020000 -0.429686
v 0.679687 1.020000 -0.382811
v 0.632812 1.020000 -0.382811
v 0.632812 1.020000 -0.429686
v 0.687500 1.000000 -0.374999
v 0.625000 1.000000 -0.374999
v 0.687500 1.000000 -0.312499
v 0.625000 1.000000 -0.312499
v 0.625000 1.000000 -0.062499
v 0.687500 1.000000 -0.062499
v 0.625000 1.000000 -0.124999
v 0.632812 1.020000 -0.242186
v 0.632812 1.020000 -0.195311
v 0.679687 1.020000 -0.195311
v 0.679687 1.020000 -0.242186
v 0.625000 1.000000 -0.249999
v 0.687500 1.000000 -0.249999
v 0.687500 1.000000 -0.124999
v 0.625000 1.000000 -0.312499
v 0.687500 1.000000 -0.312499
v 0.679687 1.020000 -0.304686
v 0.679687 1.020000 -0.257811
v 0.632812 1.020000 -0.257811
v 0.632812 1.020000 -0.304686
v 0.687500 1.000000 -0.249999
v 0.625000 1.000000 -0.249999
v 0.687500 1.000000 -0.187499
v 0.625000 1.000000 -0.187499
v 0.632812 1.020000 -0.179686
v 0.632812 1.020000 -0.132811
v 0.679687 1.020000 -0.132811
v 0.679687 1.020000 -0.179686
v 0.687500 1.000000 -0.187499
v 0.632812 1.020000 0.382814
v 0.632812 1.020000 0.429689
v 0.679687 1.020000 0.429689
v 0.679687 1.020000 0.382814
v 0.625000 1.000000 0.375001
v 0.687500 1.000000 0.375001
v 0.625000 1.000000 0.312501
v 0.687500 1.000000 0.312501
v 0.679687 1.020000 0.320314
v 0.679687 1.020000 0.367189
v 0.632812 1.020000 0.367189
v 0.632812 1.020000 0.320314
v 0.625000 1.000000 0.312501
v 0.687500 1.000000 0.312501
v 0.625000 1.000000 0.250001
v 0.687500 1.000000 0.250001
v 0.632812 1.020000 0.195314
v 0.632812 1.020000 0.242189
v 0.679687 1.020000 0.242189
v 0.679687 1.020000 0.195314
v 0.687500 1.000000 0.187501
v 0.625000 1.000000 0.187501
v 0.687500 1.000000 0.375001
v 0.687500 1.000000 0.250001
v 0.625000 1.000000 0.250001
v 0.679687 1.020000 0.257814
v 0.679687 1.020000 0.304689
v 0.632812 1.020000 0.304689
v 0.632812 1.020000 0.257814
v 0.625000 1.000000 0.375001
v 0.625000 1.000000 0.187501
v 0.687500 1.000000 0.187501
v 0.625000 1.000000 0.125001
v 0.632812 1.020000 0.007814
v 0.632812 1.020000 0.054689
v 0.679687 1.020000 0.054689
v 0.679687 1.020000 0.007814
v 0.625000 1.000000 0.000001
v 0.687500 1.000000 0.000001
v 0.687500 1.000000 0.125001
v 0.625000 1.000000 -0.062499
v 0.687500 1.000000 -0.062499
v 0.679687 1.020000 -0.054686
v 0.679687 1.020000 -0.007811
v 0.632812 1.020000 -0.007811
v 0.632812 1.020000 -0.054686
v 0.687500 1.000000 0.000001
v 0.625000 1.000000 0.000001
v 0.687500 1.000000 0.062501
v 0.625000 1.000000 0.062501
v 0.632812 1.020000 0.070314
v 0.632812 1.020000 0.117189
v 0.679687 1.020000 0.117189
v 0.679687 1.020000 0.070314
v 0.687500 1.000000 0.062501
v 0.625000 1.000000 0.062501
v 0.687500 1.000000 0.125001
v 0.625000 1.000000 0.125001
v 0.679687 1.020000 0.132814
v 0.679687 1.020000 0.179689
v 0.632812 1.020000 0.179689
v 0.632812 1.020000 0.132814
v 0.632812 1.020000 -0.117186
v 0.632812 1.020000 -0.070311
v 0.679687 1.020000 -0.070311
v 0.679687 1.020000 -0.117186
v 0.687500 1.000000 0.437501
v 0.625000 1.000000 -0.124999
v 0.625000 1.000000 0.437501
v 0.687500 1.000000 -0.124999
v 0.625000 1.000000 -0.187499
v 0.750000 1.000000 -0.187499
v 0.812500 1.000000 -0.124999
v 0.750000 1.000000 0.437501
v 0.750000 1.000000 -0.124999
v 0.812500 1.000000 0.437501
v 0.804687 1.020000 -0.117186
v 0.804687 1.020000 -0.070311
v 0.757812 1.020000 -0.070311
v 0.757812 1.020000 -0.117186
v 0.757812 1.020000 0.132814
v 0.757812 1.020000 0.179689
v 0.804687 1.020000 0.179689
v 0.804687 1.020000 0.132814
v 0.750000 1.000000 0.125001
v 0.812500 1.000000 0.125001
v 0.750000 1.000000 0.062501
v 0.812500 1.000000 0.062501
v 0.804687 1.020000 0.070314
v 0.804687 1.020000 0.117189
v 0.757812 1.020000 0.117189
v 0.757812 1.020000 0.070314
v 0.750000 1.000000 0.062501
v 0.812500 1.000000 0.062501
v 0.750000 1.000000 0.000001
v 0.812500 1.000000 0.000001
v 0.757812 1.020000 -0.054686
v 0.757812 1.020000 -0.007811
v 0.804687 1.020000 -0.007811
v 0.804687 1.020000 -0.054686
v 0.812500 1.000000 -0.062499
v 0.750000 1.000000 -0.062499
v 0.812500 1.000000 0.125001
v 0.812500 1.000000 0.000001
v 0.750000 1.000000 0.000001
v 0.804687 1.020000 0.007814
v 0.804687 1.020000 0.054689
v 0.757812 1.020000 0.054689
v 0.757812 1.020000 0.007814
v 0.750000 1.000000 0.125001
v 0.812500 1.000000 0.187501
v 0.750000 1.000000 0.187501
v 0.750000 1.000000 0.375001
v 0.757812 1.020000 0.257814
v 0.757812 1.020000 0.304689
v 0.804687 1.020000 0.304689
v 0.804687 1.020000 0.257814
v 0.750000 1.000000 0.250001
v 0.812500 1.000000 0.250001
v 0.812500 1.000000 0.375001
v 0.750000 1.000000 0.187501
v 0.812500 1.000000 0.187501
v 0.804687 1.020000 0.195314
v 0.804687 1.020000 0.242189
v 0.757812 1.020000 0.242189
v 0.757812 1.020000 0.195314
v 0.812500 1.000000 0.250001
v 0.750000 1.000000 0.250001
v 0.812500 1.000000 0.312501
v 0.750000 1.000000 0.312501
v 0.757812 1.020000 0.320314
v 0.757812 1.020000 0.367189
v 0.804687 1.020000 0.367189
v 0.804687 1.020000 0.320314
v 0.812500 1.000000 0.312501
v 0.750000 1.000000 0.312501
v 0.812500 1.000000 0.375001
v 0.750000 1.000000 0.375001
v 0.804687 1.020000 0.382814
v 0.804687 1.020000 0.429689
v 0.757812 1.020000 0.429689
v 0.757812 1.020000 0.382814
v 0.812500 1.000000 -0.187499
v 0.804687 1.020000 -0.179686
v 0.804687 1.020000 -0.132811
v 0.757812 1.020000 -0.132811
v 0.757812 1.020000 -0.179686
v 0.750000 1.000000 -0.187499
v 0.812500 1.000000 -0.187499
v 0.750000 1.000000 -0.249999
v 0.812500 1.000000 -0.249999
v 0.757812 1.020000 -0.304686
v 0.757812 1.020000 -0.257811
v 0.804687 1.020000 -0.257811
v 0.804687 1.020000 -0.304686
v 0.812500 1.000000 -0.312499
v 0.750000 1.000000 -0.312499
v 0.812500 1.000000 -0.124999
v 0.812500 1.000000 -0.249999
v 0.750000 1.000000 -0.249999
v 0.804687 1.020000 -0.242186
v 0.804687 1.020000 -0.195311
v 0.757812 1.020000 -0.195311
v 0.757812 1.020000 -0.242186
v 0.750000 1.000000 -0.124999
v 0.812500 1.000000 -0.062499
v 0.750000 1.000000 -0.062499
v 0.750000 1.000000 -0.312499
v 0.812500 1.000000 -0.312499
v 0.750000 1.000000 -0.374999
v 0.812500 1.000000 -0.374999
v 0.757812 1.020000 -0.429686
v 0.757812 1.020000 -0.382811
v 0.804687 1.020000 -0.382811
v 0.804687 1.020000 -0.429686
v 0.812500 1.000000 -0.437499
v 0.750000 1.000000 -0.437499
v 0.812500 1.000000 -0.374999
v 0.750000 1.000000 -0.374999
v 0.804687 1.020000 -0.367186
v 0.804687 1.020000 -0.320311
v 0.757812 1.020000 -0.320311
v 0.757812 1.020000 -0.367186
v 0.695312 1.020000 -0.367186
v 0.695312 1.020000 -0.320311
v 0.742187 1.020000 -0.320311
v 0.742187 1.020000 -0.367186
v 0.687500 1.000000 -0.374999
v 0.750000 1.000000 -0.374999
v 0.687500 1.000000 -0.437499
v 0.750000 1.000000 -0.437499
v 0.742187 1.020000 -0.429686
v 0.742187 1.020000 -0.382811
v 0.695312 1.020000 -0.382811
v 0.695312 1.020000 -0.429686
v 0.750000 1.000000 -0.374999
v 0.687500 1.000000 -0.374999
v 0.750000 1.000000 -0.312499
v 0.687500 1.000000 -0.312499
v 0.687500 1.000000 -0.062499
v 0.750000 1.000000 -0.062499
v 0.687500 1.000000 -0.124999
v 0.695312 1.020000 -0.242186
v 0.695312 1.020000 -0.195311
v 0.742187 1.020000 -0.195311
v 0.742187 1.020000 -0.242186
v 0.687500 1.000000 -0.249999
v 0.750000 1.000000 -0.249999
v 0.750000 1.000000 -0.124999
v 0.687500 1.000000 -0.312499
v 0.750000 1.000000 -0.312499
v 0.742187 1.020000 -0.304686
v 0.742187 1.020000 -0.257811
v 0.695312 1.020000 -0.257811
v 0.695312 1.020000 -0.304686
v 0.750000 1.000000 -0.249999
v 0.687500 1.000000 -0.249999
v 0.750000 1.000000 -0.187499
v 0.687500 1.000000 -0.187499
v 0.695312 1.020000 -0.179686
v 0.695312 1.020000 -0.132811
v 0.742187 1.020000 -0.132811
v 0.742187 1.020000 -0.179686
v 0.750000 1.000000 -0.187499
v 0.695312 1.020000 0.382814
v 0.695312 1.020000 0.429689
v 0.742187 1.020000 0.429689
v 0.742187 1.020000 0.382814
v 0.687500 1.000000 0.375001
v 0.750000 1.000000 0.375001
v 0.687500 1.000000 0.312501
v 0.750000 1.000000 0.312501
v 0.742187 1.020000 0.320314
v 0.742187 1.020000 0.367189
v 0.695312 1.020000 0.367189
v 0.695312 1.020000 0.320314
v 0.687500 1.000000 0.312501
v 0.750000 1.000000 0.312501
v 0.687500 1.000000 0.250001
v 0.750000 1.000000 0.250001
v 0.695312 1.020000 0.195314
v 0.695312 1.020000 0.242189
v 0.742187 1.020000 0.242189
v 0.742187 1.020000 0.195314
v 0.750000 1.000000 0.187501
v 0.687500 1.000000 0.187501
v 0.750000 1.000000 0.375001
v 0.750000 1.000000 0.250001
v 0.687500 1.000000 0.250001
v 0.742187 1.020000 0.257814
v 0.742187 1.020000 0.304689
v 0.695312 1.020000 0.304689
v 0.695312 1.020000 0.257814
v 0.687500 1.000000 0.375001
v 0.687500 1.000000 0.187501
v 0.750000 1.000000 0.187501
v 0.687500 1.000000 0.125001
v 0.695312 1.020000 0.007814
v 0.695312 1.020000 0.054689
v 0.742187 1.020000 0.054689
v 0.742187 1.020000 0.007814
v 0.687500 1.000000 0.000001
v 0.750000 1.000000 0.000001
v 0.750000 1.000000 0.125001
v 0.687500 1.000000 -0.062499
v 0.750000 1.000000 -0.062499
v 0.742187 1.020000 -0.054686
v 0.742187 1.020000 -0.007811
v 0.695312 1.020000 -0.007811
v 0.695312 1.020000 -0.054686
v 0.750000 1.000000 0.000001
v 0.687500 1.000000 0.000001
v 0.750000 1.000000 0.062501
v 0.687500 1.000000 0.062501
v 0.695312 1.020000 0.070314
v 0.695312 1.020000 0.117189
v 0.742187 1.020000 0.117189
v 0.742187 1.020000 0.070314
v 0.750000 1.000000 0.062501
v 0.687500 1.000000 0.062501
v 0.750000 1.000000 0.125001
v 0.687500 1.000000 0.125001
v 0.742187 1.020000 0.132814
v 0.742187 1.020000 0.179689
v 0.695312 1.020000 0.179689
v 0.695312 1.020000 0.132814
v 0.695312 1.020000 -0.117186
v 0.695312 1.020000 -0.070311
v 0.742187 1.020000 -0.070311
v 0.742187 1.020000 -0.117186
v 0.750000 1.000000 0.437501
v 0.687500 1.000000 -0.124999
v 0.687500 1.000000 0.437501
v 0.750000 1.000000 -0.124999
v 0.687500 1.000000 -0.187499
v 0.812500 1.000000 -0.187499
v 0.875000 1.000000 -0.124999
v 0.812500 1.000000 0.437501
v 0.812500 1.000000 -0.124999
v 0.875000 1.000000 0.437501
v 0.867187 1.020000 -0.117186
v 0.867187 1.020000 -0.070311
v 0.820312 1.020000 -0.070311
v 0.820312 1.020000 -0.117186
v 0.820312 1.020000 0.132814
v 0.820312 1.020000 0.179689
v 0.867187 1.020000 0.179689
v 0.867187 1.020000 0.132814
v 0.812500 1.000000 0.125001
v 0.875000 1.000000 0.125001
v 0.812500 1.000000 0.062501
v 0.875000 1.000000 0.062501
v 0.867187 1.020000 0.070314
v 0.867187 1.020000 0.117189
v 0.820312 1.020000 0.117189
v 0.820312 1.020000 0.070314
v 0.812500 1.000000 0.062501
v 0.875000 1.000000 0.062501
v 0.812500 1.000000 0.000001
v 0.875000 1.000000 0.000001
v 0.820312 1.020000 -0.054686
v 0.820312 1.020000 -0.007811
v 0.867187 1.020000 -0.007811
v 0.867187 1.020000 -0.054686
v 0.875000 1.000000 -0.062499
v 0.812500 1.000000 -0.062499
v 0.875000 1.000000 0.125001
v 0.875000 1.000000 0.000001
v 0.812500 1.000000 0.000001
v 0.867187 1.020000 0.007814
v 0.867187 1.020000 0.054689
v 0.820312 1.020000 0.054689
v 0.820312 1.020000 0.007814
v 0.812500 1.000000 0.125001
v 0.875000 1.000000 0.187501
v 0.812500 1.000000 0.187501
v 0.812500 1.000000 0.375001
v 0.820312 1.020000 0.257814
v 0.820312 1.020000 0.304689
v 0.867187 1.020000 0.304689
v 0.867187 1.020000 0.257814
v 0.812500 1.000000 0.250001
v 0.875000 1.000000 0.250001
v 0.875000 1.000000 0.375001
v 0.812500 1.000000 0.187501
v 0.875000 1.000000 0.187501
v 0.867187 1.020000 0.195314
v 0.867187 1.020000 0.242189
v 0.820312 1.020000 0.242189
v 0.820312 1.020000 0.195314
v 0.875000 1.000000 0.250001
v 0.812500 1.000000 0.250001
v 0.875000 1.000000 0.312501
v 0.812500 1.000000 0.312501
v 0.820312 1.020000 0.320314
v 0.820312 1.020000 0.367189
v 0.867187 1.020000 0.367189
v 0.867187 1.020000 0.320314
v 0.875000 1.000000 0.312501
v 0.812500 1.000000 0.312501
v 0.875000 1.000000 0.375001
v 0.812500 1.000000 0.375001
v 0.867187 1.020000 0.382814
v 0.867187 1.020000 0.429689
v 0.820312 1.020000 0.429689
v 0.820312 1.020000 0.382814
v 0.875000 1.000000 -0.187499
v 0.867187 1.020000 -0.179686
v 0.867187 1.020000 -0.132811
v 0.820312 1.020000 -0.132811
v 0.820312 1.020000 -0.179686
v 0.812500 1.000000 -0.187499
v 0.875000 1.000000 -0.187499
v 0.812500 1.000000 -0.249999
v 0.875000 1.000000 -0.249999
v 0.820312 1.020000 -0.304686
v 0.820312 1.020000 -0.257811
v 0.867187 1.020000 -0.257811
v 0.867187 1.020000 -0.304686
v 0.875000 1.000000 -0.312499
v 0.812500 1.000000 -0.312499
v 0.875000 1.000000 -0.124999
v 0.875000 1.000000 -0.249999
v 0.812500 1.000000 -0.249999
v 0.867187 1.020000 -0.242186
v 0.867187 1.020000 -0.195311
v 0.820312 1.020000 -0.195311
v 0.820312 1.020000 -0.242186
v 0.812500 1.000000 -0.124999
v 0.875000 1.000000 -0.062499
v 0.812500 1.000000 -0.062499
v 0.812500 1.000000 -0.312499
v 0.875000 1.000000 -0.312499
v 0.812500 1.000000 -0.374999
v 0.875000 1.000000 -0.374999
v 0.820312 1.020000 -0.429686
v 0.820312 1.020000 -0.382811
v 0.867187 1.020000 -0.382811
v 0.867187 1.020000 -0.429686
v 0.875000 1.000000 -0.437499
v 0.812500 1.000000 -0.437499
v 0.875000 1.000000 -0.374999
v 0.812500 1.000000 -0.374999
v 0.867187 1.020000 -0.367186
v 0.867187 1.020000 -0.320311
v 0.820312 1.020000 -0.320311
v 0.820312 1.020000 -0.367186
v 0.445312 1.020000 -0.367186
v 0.445312 1.020000 -0.320311
v 0.492187 1.020000 -0.320311
v 0.492187 1.020000 -0.367186
v 0.437500 1.000000 -0.374999
v 0.500000 1.000000 -0.374999
v 0.437500 1.000000 -0.437499
v 0.500000 1.000000 -0.437499
v 0.492187 1.020000 -0.429686
v 0.492187 1.020000 -0.382811
v 0.445312 1.020000 -0.382811
v 0.445312 1.020000 -0.429686
v 0.882812 1.020000 -0.367186
v 0.882812 1.020000 -0.320311
v 0.929687 1.020000 -0.320311
v 0.929687 1.020000 -0.367186
v 0.875000 1.000000 -0.374999
v 0.937500 1.000000 -0.374999
v 0.875000 1.000000 -0.437499
v 0.937500 1.000000 -0.437499
v 0.929687 1.020000 -0.429686
v 0.929687 1.020000 -0.382811
v 0.882812 1.020000 -0.382811
v 0.882812 1.020000 -0.429686
v 0.937500 1.000000 -0.374999
v 0.875000 1.000000 -0.374999
v 0.937500 1.000000 -0.312499
v 0.875000 1.000000 -0.312499
v 0.500000 1.000000 -0.374999
v 0.437500 1.000000 -0.374999
v 0.500000 1.000000 -0.312499
v 0.437500 1.000000 -0.312499
v 0.437500 1.000000 -0.062499
v 0.500000 1.000000 -0.062499
v 0.437500 1.000000 -0.124999
v 0.445312 1.020000 -0.242186
v 0.445312 1.020000 -0.195311
v 0.492187 1.020000 -0.195311
v 0.492187 1.020000 -0.242186
v 0.437500 1.000000 -0.249999
v 0.500000 1.000000 -0.249999
v 0.500000 1.000000 -0.124999
v 0.437500 1.000000 -0.312499
v 0.500000 1.000000 -0.312499
v 0.492187 1.020000 -0.304686
v 0.492187 1.020000 -0.257811
v 0.445312 1.020000 -0.257811
v 0.445312 1.020000 -0.304686
v 0.875000 1.000000 -0.062499
v 0.937500 1.000000 -0.062499
v 0.875000 1.000000 -0.124999
v 0.882812 1.020000 -0.242186
v 0.882812 1.020000 -0.195311
v 0.929687 1.020000 -0.195311
v 0.929687 1.020000 -0.242186
v 0.875000 1.000000 -0.249999
v 0.937500 1.000000 -0.249999
v 0.937500 1.000000 -0.124999
v 0.875000 1.000000 -0.312499
v 0.937500 1.000000 -0.312499
v 0.929687 1.020000 -0.304686
v 0.929687 1.020000 -0.257811
v 0.882812 1.020000 -0.257811
v 0.882812 1.020000 -0.304686
v 0.500000 1.000000 -0.249999
v 0.437500 1.000000 -0.249999
v 0.500000 1.000000 -0.187499
v 0.437500 1.000000 -0.187499
v 0.937500 1.000000 -0.249999
v 0.875000 1.000000 -0.249999
v 0.937500 1.000000 -0.187499
v 0.875000 1.000000 -0.187499
v 0.882812 1.020000 -0.179686
v 0.882812 1.020000 -0.132811
v 0.929687 1.020000 -0.132811
v 0.929687 1.020000 -0.179686
v 0.937500 1.000000 -0.187499
v 0.882812 1.020000 0.382814
v 0.882812 1.020000 0.429689
v 0.929687 1.020000 0.429689
v 0.929687 1.020000 0.382814
v 0.875000 1.000000 0.375001
v 0.937500 1.000000 0.375001
v 0.875000 1.000000 0.312501
v 0.445312 1.020000 -0.179686
v 0.445312 1.020000 -0.132811
v 0.492187 1.020000 -0.132811
v 0.492187 1.020000 -0.179686
v 0.500000 1.000000 -0.187499
v 0.445312 1.020000 0.382814
v 0.445312 1.020000 0.429689
v 0.492187 1.020000 0.429689
v 0.492187 1.020000 0.382814
v 0.437500 1.000000 0.375001
v 0.500000 1.000000 0.375001
v 0.437500 1.000000 0.312501
v 0.500000 1.000000 0.312501
v 0.492187 1.020000 0.320314
v 0.492187 1.020000 0.367189
v 0.445312 1.020000 0.367189
v 0.445312 1.020000 0.320314
v 0.937500 1.000000 0.312501
v 0.929687 1.020000 0.320314
v 0.929687 1.020000 0.367189
v 0.882812 1.020000 0.367189
v 0.882812 1.020000 0.320314
v 0.875000 1.000000 0.312501
v 0.937500 1.000000 0.312501
v 0.875000 1.000000 0.250001
v 0.937500 1.000000 0.250001
v 0.882812 1.020000 0.195314
v 0.882812 1.020000 0.242189
v 0.929687 1.020000 0.242189
v 0.929687 1.020000 0.195314
v 0.937500 1.000000 0.187501
v 0.875000 1.000000 0.187501
v 0.937500 1.000000 0.375001
v 0.437500 1.000000 0.312501
v 0.500000 1.000000 0.312501
v 0.437500 1.000000 0.250001
v 0.500000 1.000000 0.250001
v 0.937500 1.000000 0.250001
v 0.875000 1.000000 0.250001
v 0.929687 1.020000 0.257814
v 0.929687 1.020000 0.304689
v 0.882812 1.020000 0.304689
v 0.882812 1.020000 0.257814
v 0.875000 1.000000 0.375001
v 0.875000 1.000000 0.187501
v 0.937500 1.000000 0.187501
v 0.875000 1.000000 0.125001
v 0.882812 1.020000 0.007814
v 0.882812 1.020000 0.054689
v 0.929687 1.020000 0.054689
v 0.929687 1.020000 0.007814
v 0.875000 1.000000 0.000001
v 0.937500 1.000000 0.000001
v 0.445312 1.020000 0.195314
v 0.445312 1.020000 0.242189
v 0.492187 1.020000 0.242189
v 0.492187 1.020000 0.195314
v 0.500000 1.000000 0.187501
v 0.437500 1.000000 0.187501
v 0.500000 1.000000 0.375001
v 0.500000 1.000000 0.250001
v 0.437500 1.000000 0.250001
v 0.492187 1.020000 0.257814
v 0.492187 1.020000 0.304689
v 0.445312 1.020000 0.304689
v 0.445312 1.020000 0.257814
v 0.437500 1.000000 0.375001
v 0.437500 1.000000 0.187501
v 0.500000 1.000000 0.187501
v 0.437500 1.000000 0.125001
v 0.445312 1.020000 0.007814
v 0.445312 1.020000 0.054689
v 0.492187 1.020000 0.054689
v 0.492187 1.020000 0.007814
v 0.437500 1.000000 0.000001
v 0.500000 1.000000 0.000001
v 0.500000 1.000000 0.125001
v 0.437500 1.000000 -0.062499
v 0.500000 1.000000 -0.062499
v 0.492187 1.020000 -0.054686
v 0.492187 1.020000 -0.007811
v 0.445312 1.020000 -0.007811
v 0.445312 1.020000 -0.054686
v 0.937500 1.000000 0.125001
v 0.875000 1.000000 -0.062499
v 0.937500 1.000000 -0.062499
v 0.929687 1.020000 -0.054686
v 0.929687 1.020000 -0.007811
v 0.882812 1.020000 -0.007811
v 0.882812 1.020000 -0.054686
v 0.937500 1.000000 0.000001
v 0.875000 1.000000 0.000001
v 0.937500 1.000000 0.062501
v 0.875000 1.000000 0.062501
v 0.882812 1.020000 0.070314
v 0.882812 1.020000 0.117189
v 0.929687 1.020000 0.117189
v 0.929687 1.020000 0.070314
v 0.937500 1.000000 0.062501
v 0.500000 1.000000 0.000001
v 0.437500 1.000000 0.000001
v 0.500000 1.000000 0.062501
v 0.437500 1.000000 0.062501
v 0.875000 1.000000 0.062501
v 0.937500 1.000000 0.125001
v 0.875000 1.000000 0.125001
v 0.929687 1.020000 0.132814
v 0.929687 1.020000 0.179689
v 0.882812 1.020000 0.179689
v 0.882812 1.020000 0.132814
v 0.882812 1.020000 -0.117186
v 0.882812 1.020000 -0.070311
v 0.929687 1.020000 -0.070311
v 0.929687 1.020000 -0.117186
v 0.937500 1.000000 0.437501
v 0.875000 1.000000 -0.124999
v 0.875000 1.000000 0.437501
v 0.937500 1.000000 -0.124999
v 0.875000 1.000000 -0.187499
v 0.445312 1.020000 0.070314
v 0.445312 1.020000 0.117189
v 0.492187 1.020000 0.117189
v 0.492187 1.020000 0.070314
v 0.500000 1.000000 0.062501
v 0.437500 1.000000 0.062501
v 0.500000 1.000000 0.125001
v 0.437500 1.000000 0.125001
v 0.492187 1.020000 0.132814
v 0.492187 1.020000 0.179689
v 0.445312 1.020000 0.179689
v 0.445312 1.020000 0.132814
v 0.445312 1.020000 -0.117186
v 0.445312 1.020000 -0.070311
v 0.492187 1.020000 -0.070311
v 0.492187 1.020000 -0.117186
v 0.500000 1.000000 0.437501
v 0.437500 1.000000 -0.124999
v 0.437500 1.000000 0.437501
v 0.500000 1.000000 -0.124999
v 0.437500 1.000000 -0.187499
v 0.437500 1.000000 -0.562499
v 0.687500 1.000000 -0.562499
v 0.437500 1.000000 -1.062499
v 0.687500 1.000000 -1.062499
v 0.437500 1.020000 -0.562499
v 0.687500 1.020000 -0.562499
v 0.437500 1.020000 -1.062499
v 0.687500 1.020000 -1.062499
v 0.467500 1.020000 -0.592499
v 0.657500 1.020000 -0.592499
v 0.467500 1.020000 -1.032499
v 0.657500 1.020000 -1.032499
v 0.467500 1.000000 -0.592499
v 0.657500 1.000000 -0.592499
v 0.467500 1.000000 -1.032499
v 0.657500 1.000000 -1.032499
v 0.875000 1.000000 -0.937499
v 0.937500 1.000000 -0.937499
v 0.875000 1.000000 -0.999999
v 0.937500 1.000000 -0.999999
v 0.929687 1.020000 -0.992186
v 0.929687 1.020000 -0.945311
v 0.882812 1.020000 -0.945311
v 0.882812 1.020000 -0.992186
v 0.757812 1.020000 -0.992186
v 0.757812 1.020000 -0.945311
v 0.804687 1.020000 -0.945311
v 0.804687 1.020000 -0.992186
v 0.812500 1.000000 -0.999999
v 0.750000 1.000000 -0.999999
v 0.812500 1.000000 -0.937499
v 0.750000 1.000000 -0.937499
v 0.812500 1.000000 -0.937499
v 0.875000 1.000000 -0.937499
v 0.812500 1.000000 -0.999999
v 0.875000 1.000000 -0.999999
v 0.867187 1.020000 -0.992186
v 0.867187 1.020000 -0.945311
v 0.820312 1.020000 -0.945311
v 0.820312 1.020000 -0.992186
v 0.820312 1.020000 -0.804686
v 0.820312 1.020000 -0.757811
v 0.867187 1.020000 -0.757811
v 0.867187 1.020000 -0.804686
v 0.875000 1.000000 -0.812499
v 0.812500 1.000000 -0.812499
v 0.875000 1.000000 -0.749999
v 0.812500 1.000000 -0.749999
v 0.820312 1.020000 -0.867186
v 0.820312 1.020000 -0.820311
v 0.867187 1.020000 -0.820311
v 0.867187 1.020000 -0.867186
v 0.875000 1.000000 -0.874999
v 0.812500 1.000000 -0.874999
v 0.875000 1.000000 -0.812499
v 0.812500 1.000000 -0.812499
v 0.876000 1.000000 -0.749999
v 0.938500 1.000000 -0.749999
v 0.876000 1.000000 -0.812499
v 0.938500 1.000000 -0.812499
v 0.930687 1.020000 -0.804686
v 0.930687 1.020000 -0.757811
v 0.883812 1.020000 -0.757811
v 0.883812 1.020000 -0.804686
v 0.876000 1.000000 -0.812499
v 0.938500 1.000000 -0.812499
v 0.876000 1.000000 -0.874999
v 0.938500 1.000000 -0.874999
v 0.930687 1.020000 -0.867186
v 0.930687 1.020000 -0.820311
v 0.883812 1.020000 -0.820311
v 0.883812 1.020000 -0.867186
v 0.812500 1.000000 -0.687499
v 0.875000 1.000000 -0.687499
v 0.812500 1.000000 -0.749999
v 0.875000 1.000000 -0.749999
v 0.867187 1.020000 -0.742186
v 0.867187 1.020000 -0.695311
v 0.820312 1.020000 -0.695311
v 0.820312 1.020000 -0.742186
v 0.882812 1.020000 -0.742186
v 0.882812 1.020000 -0.695311
v 0.929687 1.020000 -0.695311
v 0.929687 1.020000 -0.742186
v 0.937500 1.000000 -0.749999
v 0.875000 1.000000 -0.749999
v 0.937500 1.000000 -0.687499
v 0.875000 1.000000 -0.687499
v 0.750000 1.000000 -0.812499
v 0.812500 1.000000 -0.812499
v 0.750000 1.000000 -0.874999
v 0.812500 1.000000 -0.874999
v 0.804687 1.020000 -0.867186
v 0.804687 1.020000 -0.820311
v 0.757812 1.020000 -0.820311
v 0.757812 1.020000 -0.867186
v 0.757812 1.020000 -0.742186
v 0.757812 1.020000 -0.695311
v 0.804687 1.020000 -0.695311
v 0.804687 1.020000 -0.742186
v 0.812500 1.000000 -0.749999
v 0.750000 1.000000 -0.749999
v 0.812500 1.000000 -0.687499
v 0.750000 1.000000 -0.687499
v 0.812500 1.000000 -0.624999
v 0.875000 1.000000 -0.624999
v 0.812500 1.000000 -0.687499
v 0.875000 1.000000 -0.687499
v 0.867187 1.020000 -0.679686
v 0.867187 1.020000 -0.632811
v 0.820312 1.020000 -0.632811
v 0.820312 1.020000 -0.679686
v 0.882812 1.020000 -0.679686
v 0.882812 1.020000 -0.632811
v 0.929687 1.020000 -0.632811
v 0.929687 1.020000 -0.679686
v 0.937500 1.000000 -0.687499
v 0.875000 1.000000 -0.687499
v 0.937500 1.000000 -0.624999
v 0.875000 1.000000 -0.624999
v 0.750000 1.000000 -0.749999
v 0.812500 1.000000 -0.749999
v 0.750000 1.000000 -0.812499
v 0.812500 1.000000 -0.812499
v 0.804687 1.020000 -0.804686
v 0.804687 1.020000 -0.757811
v 0.757812 1.020000 -0.757811
v 0.757812 1.020000 -0.804686
v 0.757812 1.020000 -0.679686
v 0.757812 1.020000 -0.632811
v 0.804687 1.020000 -0.632811
v 0.804687 1.020000 -0.679686
v 0.812500 1.000000 -0.687499
v 0.750000 1.000000 -0.687499
v 0.812500 1.000000 -0.624999
v 0.750000 1.000000 -0.624999
v 0.750000 1.000000 -1.374999
v 0.757812 1.020000 -1.367186
v 0.757812 1.020000 -1.195311
v 0.750000 1.000000 -1.187499
v 0.937500 1.000000 -1.374999
v 0.929687 1.020000 -1.367186
v 0.929687 1.020000 -1.195311
v 0.937500 1.000000 -1.187499
v 0.843750 1.020000 -1.343749
v 0.812500 1.020000 -1.335375
v 0.789623 1.020000 -1.312499
v 0.781250 1.020000 -1.281249
v 0.789623 1.020000 -1.249999
v 0.812500 1.020000 -1.227122
v 0.843750 1.020000 -1.218749
v 0.875000 1.020000 -1.227122
v 0.897876 1.020000 -1.249999
v 0.906250 1.020000 -1.281249
v 0.897876 1.020000 -1.312499
v 0.875000 1.020000 -1.335375
v 0.812500 1.051250 -1.335375
v 0.843750 1.051250 -1.343749
v 0.789623 1.051250 -1.312499
v 0.781250 1.051250 -1.281249
v 0.789623 1.051250 -1.249999
v 0.812500 1.051250 -1.227122
v 0.843750 1.051250 -1.218749
v 0.875000 1.051250 -1.227122
v 0.897876 1.051250 -1.249999
v 0.906250 1.051250 -1.281249
v 0.897876 1.051250 -1.312499
v 0.875000 1.051250 -1.335375
v 0.562500 1.000000 -1.249999
v 0.679687 1.020000 -1.257811
v 0.687500 1.000000 -1.374999
v 0.679687 1.020000 -1.367186
v 0.687500 1.000000 -1.249999
v 0.570312 1.020000 -1.367186
v 0.562500 1.000000 -1.374999
v 0.570312 1.020000 -1.257811
v 0.625000 1.020000 -1.359374
v 0.591854 1.020000 -1.345644
v 0.578125 1.020000 -1.312499
v 0.591854 1.020000 -1.279353
v 0.625000 1.020000 -1.265624
v 0.658145 1.020000 -1.279353
v 0.671875 1.020000 -1.312499
v 0.658145 1.020000 -1.345644
v 0.591854 1.040000 -1.345644
v 0.625000 1.040000 -1.359374
v 0.578125 1.040000 -1.312499
v 0.591854 1.040000 -1.279353
v 0.625000 1.040000 -1.265624
v 0.658145 1.040000 -1.279353
v 0.671875 1.040000 -1.312499
v 0.658145 1.040000 -1.345644
v 0.608427 1.060000 -1.329071
v 0.625000 1.060000 -1.335936
v 0.601562 1.060000 -1.312499
v 0.608427 1.060000 -1.295926
v 0.625000 1.060000 -1.289061
v 0.641572 1.060000 -1.295926
v 0.648437 1.060000 -1.312499
v 0.641572 1.060000 -1.329071
v 0.437500 1.000000 -1.124999
v 0.554687 1.020000 -1.132811
v 0.562500 1.000000 -1.249999
v 0.554687 1.020000 -1.242186
v 0.562500 1.000000 -1.124999
v 0.445312 1.020000 -1.242186
v 0.437500 1.000000 -1.249999
v 0.445312 1.020000 -1.132811
v 0.500000 1.020000 -1.234374
v 0.466854 1.020000 -1.220644
v 0.453125 1.020000 -1.187499
v 0.466854 1.020000 -1.154353
v 0.500000 1.020000 -1.140624
v 0.533145 1.020000 -1.154353
v 0.546875 1.020000 -1.187499
v 0.533145 1.020000 -1.220644
v 0.466854 1.040000 -1.220644
v 0.500000 1.040000 -1.234374
v 0.453125 1.040000 -1.187499
v 0.466854 1.040000 -1.154353
v 0.500000 1.040000 -1.140624
v 0.533145 1.040000 -1.154353
v 0.546875 1.040000 -1.187499
v 0.533145 1.040000 -1.220644
v 0.483427 1.060000 -1.204071
v 0.500000 1.060000 -1.210936
v 0.476562 1.060000 -1.187499
v 0.483427 1.060000 -1.170926
v 0.500000 1.060000 -1.164061
v 0.516572 1.060000 -1.170926
v 0.523437 1.060000 -1.187499
v 0.516572 1.060000 -1.204071
v 0.641572 1.060000 -1.204071
v 0.648437 1.060000 -1.187499
v 0.641572 1.060000 -1.170926
v 0.625000 1.060000 -1.164061
v 0.608427 1.060000 -1.170926
v 0.601562 1.060000 -1.187499
v 0.625000 1.060000 -1.210936
v 0.608427 1.060000 -1.204071
v 0.658145 1.040000 -1.220644
v 0.671875 1.040000 -1.187499
v 0.658145 1.040000 -1.154353
v 0.625000 1.040000 -1.140624
v 0.591854 1.040000 -1.154353
v 0.578125 1.040000 -1.187499
v 0.625000 1.040000 -1.234374
v 0.591854 1.040000 -1.220644
v 0.658145 1.020000 -1.220644
v 0.671875 1.020000 -1.187499
v 0.658145 1.020000 -1.154353
v 0.625000 1.020000 -1.140624
v 0.591854 1.020000 -1.154353
v 0.578125 1.020000 -1.187499
v 0.591854 1.020000 -1.220644
v 0.625000 1.020000 -1.234374
v 0.570312 1.020000 -1.132811
v 0.562500 1.000000 -1.249999
v 0.570312 1.020000 -1.242186
v 0.687500 1.000000 -1.124999
v 0.679687 1.020000 -1.242186
v 0.687500 1.000000 -1.249999
v 0.679687 1.020000 -1.132811
v 0.562500 1.000000 -1.124999
v 0.516572 1.060000 -1.329071
v 0.523437 1.060000 -1.312499
v 0.516572 1.060000 -1.295926
v 0.500000 1.060000 -1.289061
v 0.483427 1.060000 -1.295926
v 0.476562 1.060000 -1.312499
v 0.500000 1.060000 -1.335936
v 0.483427 1.060000 -1.329071
v 0.533145 1.040000 -1.345644
v 0.546875 1.040000 -1.312499
v 0.533145 1.040000 -1.279353
v 0.500000 1.040000 -1.265624
v 0.466854 1.040000 -1.279353
v 0.453125 1.040000 -1.312499
v 0.500000 1.040000 -1.359374
v 0.466854 1.040000 -1.345644
v 0.533145 1.020000 -1.345644
v 0.546875 1.020000 -1.312499
v 0.533145 1.020000 -1.279353
v 0.500000 1.020000 -1.265624
v 0.466854 1.020000 -1.279353
v 0.453125 1.020000 -1.312499
v 0.466854 1.020000 -1.345644
v 0.500000 1.020000 -1.359374
v 0.445312 1.020000 -1.257811
v 0.437500 1.000000 -1.374999
v 0.445312 1.020000 -1.367186
v 0.562500 1.000000 -1.249999
v 0.554687 1.020000 -1.367186
v 0.562500 1.000000 -1.374999
v 0.554687 1.020000 -1.257811
v 0.437500 1.000000 -1.249999
v 0.492995 1.000000 1.284229
v 0.492995 1.187500 1.284229
v 0.476819 1.000000 1.223859
v 0.476819 1.187500 1.223859
v 0.523181 1.000000 1.276141
v 0.523181 1.187500 1.276141
v 0.507004 1.000000 1.215771
v 0.507004 1.187500 1.215771
v 0.477903 1.187500 1.288273
v 0.461727 1.187500 1.227903
v 0.538273 1.187500 1.272097
v 0.522097 1.187500 1.211727
v 0.477903 1.250000 1.288273
v 0.461727 1.250000 1.227903
v 0.522097 1.250000 1.211727
v 0.538273 1.250000 1.272097
v 0.476819 1.156250 1.223859
v 0.507004 1.156250 1.215771
v 0.476819 1.187500 1.223859
v 0.507004 1.187500 1.215771
v 0.501084 1.218750 1.314414
v 0.531269 1.218750 1.306326
v 0.498916 1.187500 1.185585
v 0.468731 1.187500 1.193674
v 0.490828 1.156250 1.155400
v 0.460643 1.156250 1.163488
v 0.509172 1.218750 1.344599
v 0.539357 1.218750 1.336511
v 0.498916 1.218750 1.185585
v 0.468731 1.218750 1.193674
v 0.490828 1.218750 1.155400
v 0.460643 1.218750 1.163488
v 0.531269 1.187500 1.306326
v 0.507004 1.093750 1.215771
v 0.523181 1.093750 1.276141
v 0.501084 1.187500 1.314414
v 0.509172 1.156250 1.344599
v 0.476819 1.093750 1.223859
v 0.492995 1.093750 1.284229
v 0.539357 1.156250 1.336511
v 0.523181 1.187500 1.276141
v 0.492995 1.187500 1.284229
v 0.523181 1.156250 1.276141
v 0.492995 1.156250 1.284229
v 0.485991 1.031250 1.318458
v 0.546361 1.031250 1.302282
v 0.514009 1.031250 1.181541
v 0.453639 1.031250 1.197718
v 0.649079 1.000000 0.599768
v 0.956832 1.000000 0.654033
v 0.605667 1.000000 0.845970
v 0.913420 1.000000 0.900235
v 0.649079 1.050000 0.599768
v 0.956832 1.050000 0.654033
v 0.605667 1.050000 0.845970
v 0.913420 1.050000 0.900235
v 0.956832 1.037500 0.654033
v 0.956832 1.012500 0.654033
v 0.649079 1.037500 0.599768
v 0.915590 1.037500 0.887925
v 0.649079 1.012500 0.599768
v 0.915590 1.012500 0.887925
v 0.607838 1.037500 0.833660
v 0.607838 1.012500 0.833660
v 0.903280 1.037500 0.885754
v 0.903280 1.012500 0.885754
v 0.620148 1.037500 0.835830
v 0.620148 1.012500 0.835830
v 0.942351 1.037500 0.664172
v 0.942351 1.012500 0.664172
v 0.659219 1.037500 0.614249
v 0.659219 1.012500 0.614249
v 0.750000 1.000000 1.187501
v 0.757812 1.020000 1.195314
v 0.757812 1.020000 1.367189
v 0.750000 1.000000 1.375001
v 0.937500 1.000000 1.187501
v 0.929687 1.020000 1.195314
v 0.929687 1.020000 1.367189
v 0.937500 1.000000 1.375001
v 0.843750 1.020000 1.218751
v 0.812500 1.020000 1.227125
v 0.789623 1.020000 1.250001
v 0.781250 1.020000 1.281251
v 0.789623 1.020000 1.312501
v 0.812500 1.020000 1.335378
v 0.843750 1.020000 1.343751
v 0.875000 1.020000 1.335378
v 0.897876 1.020000 1.312501
v 0.906250 1.020000 1.281251
v 0.897876 1.020000 1.250001
v 0.875000 1.020000 1.227125
v 0.812500 1.051250 1.227125
v 0.843750 1.051250 1.218751
v 0.789623 1.051250 1.250001
v 0.781250 1.051250 1.281251
v 0.789623 1.051250 1.312501
v 0.812500 1.051250 1.335378
v 0.843750 1.051250 1.343751
v 0.875000 1.051250 1.335378
v 0.897876 1.051250 1.312501
v 0.906250 1.051250 1.281251
v 0.897876 1.051250 1.250001
v 0.875000 1.051250 1.227125
v 0.437500 1.000000 0.650001
v 0.387500 1.000000 0.663399
v 0.350897 1.000000 0.700001
v 0.337500 1.000000 0.750001
v 0.350897 1.000000 0.800001
v 0.387500 1.000000 0.836604
v 0.437500 1.000000 0.850001
v 0.487500 1.000000 0.836604
v 0.524102 1.000000 0.800001
v 0.537500 1.000000 0.750001
v 0.524102 1.000000 0.700001
v 0.487500 1.000000 0.663399
v 0.387500 1.200000 0.663399
v 0.437500 1.200000 0.650001
v 0.350897 1.200000 0.700001
v 0.337500 1.200000 0.750001
v 0.350897 1.200000 0.800001
v 0.387500 1.200000 0.836604
v 0.437500 1.200000 0.850001
v 0.487500 1.200000 0.836604
v 0.524102 1.200000 0.800001
v 0.537500 1.200000 0.750001
v 0.524102 1.200000 0.700001
v 0.487500 1.200000 0.663399
v 0.390769 1.225000 0.669062
v 0.437500 1.225000 0.656541
v 0.356561 1.225000 0.703271
v 0.344039 1.225000 0.750001
v 0.356561 1.225000 0.796732
v 0.390769 1.225000 0.830941
v 0.437500 1.225000 0.843462
v 0.484230 1.225000 0.830941
v 0.518439 1.225000 0.796732
v 0.530961 1.225000 0.750001
v 0.518439 1.225000 0.703271
v 0.484230 1.225000 0.669062
v 0.398679 1.250000 0.682762
v 0.437500 1.250000 0.672360
v 0.370260 1.250000 0.711180
v 0.359858 1.250000 0.750001
v 0.370260 1.250000 0.788822
v 0.398679 1.250000 0.817241
v 0.437500 1.250000 0.827643
v 0.476321 1.250000 0.817241
v 0.504740 1.250000 0.788822
v 0.515142 1.250000 0.750001
v 0.504740 1.250000 0.711180
v 0.476321 1.250000 0.682762
v 0.387500 1.250000 0.663399
v 0.437500 1.250000 0.650001
v 0.350897 1.250000 0.700001
v 0.337500 1.250000 0.750001
v 0.350897 1.250000 0.800001
v 0.387500 1.250000 0.836604
v 0.437500 1.250000 0.850001
v 0.487500 1.250000 0.836604
v 0.524102 1.250000 0.800001
v 0.537500 1.250000 0.750001
v 0.524102 1.250000 0.700001
v 0.487500 1.250000 0.663399
v 0.387500 1.270000 0.663399
v 0.437500 1.270000 0.650001
v 0.350897 1.270000 0.700001
v 0.337500 1.270000 0.750001
v 0.350897 1.270000 0.800001
v 0.387500 1.270000 0.836604
v 0.437500 1.270000 0.850001
v 0.487500 1.270000 0.836604
v 0.524102 1.270000 0.800001
v 0.537500 1.270000 0.750001
v 0.524102 1.270000 0.700001
v 0.487500 1.270000 0.663399
v 0.527116 1.057647 -2.336763
v 0.536590 1.107647 -2.346236
v 0.527116 1.157647 -2.336763
v 0.501234 1.194250 -2.310881
v 0.465879 1.207647 -2.275526
v 0.430524 1.194250 -2.240170
v 0.404642 1.157647 -2.214288
v 0.395168 1.107647 -2.204815
v 0.404642 1.057647 -2.214288
v 0.430524 1.021044 -2.240170
v 0.465879 1.007647 -2.275526
v 0.501234 1.021044 -2.310881
v 0.678011 1.107647 -2.204815
v 0.668538 1.057647 -2.195342
v 0.668538 1.157647 -2.195342
v 0.642656 1.194250 -2.169460
v 0.607301 1.207647 -2.134104
v 0.571945 1.194250 -2.098749
v 0.546063 1.157647 -2.072867
v 0.536590 1.107647 -2.063394
v 0.546063 1.057647 -2.072867
v 0.571945 1.021044 -2.098749
v 0.607301 1.007647 -2.134104
v 0.642656 1.021044 -2.169460
v 0.672513 1.031307 -2.284169
v 0.665442 1.013987 -2.277098
v 0.608873 1.013987 -2.333667
v 0.615944 1.031307 -2.340738
v 0.552812 1.071307 -2.305891
v 0.566954 1.071307 -2.291748
v 0.589555 1.041307 -2.342633
v 0.603697 1.041307 -2.328490
v 0.545741 1.053987 -2.298820
v 0.559883 1.053987 -2.284677
v 0.582484 1.023987 -2.335562
v 0.596626 1.023987 -2.321419
v 0.667336 1.023987 -2.250709
v 0.653194 1.023987 -2.264851
v 0.630594 1.053987 -2.213967
v 0.616452 1.053987 -2.228109
v 0.674407 1.041307 -2.257780
v 0.660265 1.041307 -2.271922
v 0.637665 1.071307 -2.221038
v 0.623523 1.071307 -2.235180
v 0.540125 1.107647 -2.321488
v 0.532073 1.150147 -2.313435
v 0.510073 1.181259 -2.291435
v 0.480021 1.192647 -2.261384
v 0.449969 1.181259 -2.231332
v 0.427970 1.150147 -2.209332
v 0.419917 1.107647 -2.201279
v 0.427969 1.065147 -2.209332
v 0.449969 1.034035 -2.231331
v 0.480021 1.022647 -2.261384
v 0.510073 1.034035 -2.291435
v 0.532073 1.065147 -2.313435
v 0.637352 1.034035 -2.164156
v 0.607301 1.022647 -2.134104
v 0.577248 1.034035 -2.104052
v 0.555249 1.065147 -2.082052
v 0.547197 1.107647 -2.074000
v 0.555249 1.150147 -2.082053
v 0.577249 1.181259 -2.104052
v 0.607301 1.192647 -2.134104
v 0.637352 1.181259 -2.164156
v 0.659352 1.150147 -2.186156
v 0.659352 1.065147 -2.186156
v 0.667405 1.107647 -2.194208
v 0.730000 1.010000 1.187501
v 0.730000 1.010000 1.375001
v 0.667500 1.010000 1.187501
v 0.667500 1.010000 1.375001
v 0.750000 1.000000 1.125001
v 0.812500 1.000000 1.125001
v 0.750000 1.000000 1.062501
v 0.812500 1.000000 1.062501
v 0.804687 1.020000 1.070314
v 0.804687 1.020000 1.117189
v 0.757812 1.020000 1.117189
v 0.757812 1.020000 1.070314
v 0.695312 1.020000 1.070314
v 0.695312 1.020000 1.117189
v 0.742187 1.020000 1.117189
v 0.742187 1.020000 1.070314
v 0.750000 1.000000 1.062501
v 0.687500 1.000000 1.062501
v 0.750000 1.000000 1.125001
v 0.687500 1.000000 1.125001
v 0.875000 1.000000 1.125001
v 0.937500 1.000000 1.125001
v 0.875000 1.000000 1.062501
v 0.937500 1.000000 1.062501
v 0.929687 1.020000 1.070314
v 0.929687 1.020000 1.117189
v 0.882812 1.020000 1.117189
v 0.882812 1.020000 1.070314
v 0.820312 1.020000 1.070314
v 0.820312 1.020000 1.117189
v 0.867187 1.020000 1.117189
v 0.867187 1.020000 1.070314
v 0.875000 1.000000 1.062501
v 0.812500 1.000000 1.062501
v 0.875000 1.000000 1.125001
v 0.812500 1.000000 1.125001
v 0.750000 1.000000 1.062501
v 0.812500 1.000000 1.062501
v 0.750000 1.000000 1.000001
v 0.812500 1.000000 1.000001
v 0.804687 1.020000 1.007814
v 0.804687 1.020000 1.054689
v 0.757812 1.020000 1.054689
v 0.757812 1.020000 1.007814
v 0.695312 1.020000 1.007814
v 0.695312 1.020000 1.054689
v 0.742187 1.020000 1.054689
v 0.742187 1.020000 1.007814
v 0.750000 1.000000 1.000001
v 0.687500 1.000000 1.000001
v 0.750000 1.000000 1.062501
v 0.687500 1.000000 1.062501
v 0.875000 1.000000 1.062501
v 0.937500 1.000000 1.062501
v 0.875000 1.000000 1.000001
v 0.937500 1.000000 1.000001
v 0.929687 1.020000 1.007814
v 0.929687 1.020000 1.054689
v 0.882812 1.020000 1.054689
v 0.882812 1.020000 1.007814
v 0.820312 1.020000 1.007814
v 0.820312 1.020000 1.054689
v 0.867187 1.020000 1.054689
v 0.867187 1.020000 1.007814
v 0.875000 1.000000 1.000001
v 0.812500 1.000000 1.000001
v 0.875000 1.000000 1.062501
v 0.812500 1.000000 1.062501
v 0.000000 1.437500 -1.687499
v 0.020000 1.320312 -1.695311
v 0.000000 1.312500 -1.812499
v 0.020000 1.320312 -1.804686
v 0.000000 1.312500 -1.687499
v 0.020000 1.429688 -1.804686
v 0.000000 1.437500 -1.812499
v 0.020000 1.429688 -1.695311
v 0.020000 1.375000 -1.796874
v 0.020000 1.408146 -1.783144
v 0.020000 1.421875 -1.749999
v 0.020000 1.408146 -1.716853
v 0.020000 1.375000 -1.703124
v 0.020000 1.341854 -1.716853
v 0.020000 1.328125 -1.749999
v 0.020000 1.341854 -1.783144
v 0.040000 1.408146 -1.783144
v 0.040000 1.375000 -1.796874
v 0.040000 1.421875 -1.749999
v 0.040000 1.408146 -1.716853
v 0.040000 1.375000 -1.703124
v 0.040000 1.341854 -1.716853
v 0.040000 1.328125 -1.749999
v 0.040000 1.341854 -1.783144
v 0.060000 1.391573 -1.766571
v 0.060000 1.375000 -1.773436
v 0.060000 1.398437 -1.749999
v 0.060000 1.391573 -1.733426
v 0.060000 1.375000 -1.726561
v 0.060000 1.358427 -1.733426
v 0.060000 1.351562 -1.749999
v 0.060000 1.358427 -1.766571
v 0.060000 1.358427 -2.016572
v 0.060000 1.351562 -1.999999
v 0.060000 1.358427 -1.983426
v 0.060000 1.375000 -1.976561
v 0.060000 1.391573 -1.983426
v 0.060000 1.398437 -1.999999
v 0.060000 1.375000 -2.023436
v 0.060000 1.391573 -2.016572
v 0.040000 1.341854 -2.033144
v 0.040000 1.328125 -1.999999
v 0.040000 1.341854 -1.966853
v 0.040000 1.375000 -1.953124
v 0.040000 1.408146 -1.966853
v 0.040000 1.421875 -1.999999
v 0.040000 1.375000 -2.046874
v 0.040000 1.408146 -2.033144
v 0.020000 1.341854 -2.033144
v 0.020000 1.328125 -1.999999
v 0.020000 1.341854 -1.966853
v 0.020000 1.375000 -1.953124
v 0.020000 1.408146 -1.966853
v 0.020000 1.421875 -1.999999
v 0.020000 1.408146 -2.033144
v 0.020000 1.375000 -2.046874
v 0.020000 1.429688 -1.945311
v 0.000000 1.437500 -2.062499
v 0.020000 1.429688 -2.054686
v 0.000000 1.312500 -1.937499
v 0.020000 1.320312 -2.054686
v 0.000000 1.312500 -2.062499
v 0.020000 1.320312 -1.945311
v 0.000000 1.437500 -1.937499
v 0.000000 1.437500 -2.187499
v 0.020000 1.320312 -2.195311
v 0.000000 1.312500 -2.312499
v 0.020000 1.320312 -2.304686
v 0.000000 1.312500 -2.187499
v 0.020000 1.429688 -2.304686
v 0.000000 1.437500 -2.312499
v 0.020000 1.429688 -2.195311
v 0.020000 1.375000 -2.296874
v 0.020000 1.408146 -2.283144
v 0.020000 1.421875 -2.249999
v 0.020000 1.408146 -2.216853
v 0.020000 1.375000 -2.203124
v 0.020000 1.341854 -2.216853
v 0.020000 1.328125 -2.249999
v 0.020000 1.341854 -2.283144
v 0.040000 1.408146 -2.283144
v 0.040000 1.375000 -2.296874
v 0.040000 1.421875 -2.249999
v 0.040000 1.408146 -2.216853
v 0.040000 1.375000 -2.203124
v 0.040000 1.341854 -2.216853
v 0.040000 1.328125 -2.249999
v 0.040000 1.341854 -2.283144
v 0.060000 1.391573 -2.266572
v 0.060000 1.375000 -2.273436
v 0.060000 1.398437 -2.249999
v 0.060000 1.391573 -2.233426
v 0.060000 1.375000 -2.226561
v 0.060000 1.358427 -2.233426
v 0.060000 1.351562 -2.249999
v 0.060000 1.358427 -2.266572
v 0.060000 1.358427 -1.266571
v 0.060000 1.351562 -1.249999
v 0.060000 1.358427 -1.233426
v 0.060000 1.375000 -1.226561
v 0.060000 1.391573 -1.233426
v 0.060000 1.398437 -1.249999
v 0.060000 1.375000 -1.273436
v 0.060000 1.391573 -1.266571
v 0.040000 1.341854 -1.283144
v 0.040000 1.328125 -1.249999
v 0.040000 1.341854 -1.216853
v 0.040000 1.375000 -1.203124
v 0.040000 1.408146 -1.216853
v 0.040000 1.421875 -1.249999
v 0.040000 1.375000 -1.296874
v 0.040000 1.408146 -1.283144
v 0.020000 1.341854 -1.283144
v 0.020000 1.328125 -1.249999
v 0.020000 1.341854 -1.216853
v 0.020000 1.375000 -1.203124
v 0.020000 1.408146 -1.216853
v 0.020000 1.421875 -1.249999
v 0.020000 1.408146 -1.283144
v 0.020000 1.375000 -1.296874
v 0.020000 1.429688 -1.195311
v 0.000000 1.437500 -1.312499
v 0.020000 1.429688 -1.304686
v 0.000000 1.312500 -1.187499
v 0.020000 1.320312 -1.304686
v 0.000000 1.312500 -1.312499
v 0.020000 1.320312 -1.195311
v 0.000000 1.437500 -1.187499
v 0.000000 1.437500 -0.937499
v 0.020000 1.320312 -0.945311
v 0.000000 1.312500 -1.062499
v 0.020000 1.320312 -1.054686
v 0.000000 1.312500 -0.937499
v 0.020000 1.429688 -1.054686
v 0.000000 1.437500 -1.062499
v 0.020000 1.429688 -0.945311
v 0.020000 1.375000 -1.046874
v 0.020000 1.408146 -1.033144
v 0.020000 1.421875 -0.999999
v 0.020000 1.408146 -0.966853
v 0.020000 1.375000 -0.953124
v 0.020000 1.341854 -0.966853
v 0.020000 1.328125 -0.999999
v 0.020000 1.341854 -1.033144
v 0.040000 1.408146 -1.033144
v 0.040000 1.375000 -1.046874
v 0.040000 1.421875 -0.999999
v 0.040000 1.408146 -0.966853
v 0.040000 1.375000 -0.953124
v 0.040000 1.341854 -0.966853
v 0.040000 1.328125 -0.999999
v 0.040000 1.341854 -1.033144
v 0.060000 1.391573 -1.016571
v 0.060000 1.375000 -1.023436
v 0.060000 1.398437 -0.999999
v 0.060000 1.391573 -0.983426
v 0.060000 1.375000 -0.976561
v 0.060000 1.358427 -0.983426
v 0.060000 1.351562 -0.999999
v 0.060000 1.358427 -1.016571
v 0.060000 1.358427 -0.766571
v 0.060000 1.351562 -0.749999
v 0.060000 1.358427 -0.733426
v 0.060000 1.375000 -0.726561
v 0.060000 1.391573 -0.733426
v 0.060000 1.398437 -0.749999
v 0.060000 1.375000 -0.773436
v 0.060000 1.391573 -0.766571
v 0.040000 1.341854 -0.783144
v 0.040000 1.328125 -0.749999
v 0.040000 1.341854 -0.716853
v 0.040000 1.375000 -0.703124
v 0.040000 1.408146 -0.716853
v 0.040000 1.421875 -0.749999
v 0.040000 1.375000 -0.796874
v 0.040000 1.408146 -0.783144
v 0.020000 1.341854 -0.783144
v 0.020000 1.328125 -0.749999
v 0.020000 1.341854 -0.716853
v 0.020000 1.375000 -0.703124
v 0.020000 1.408146 -0.716853
v 0.020000 1.421875 -0.749999
v 0.020000 1.408146 -0.783144
v 0.020000 1.375000 -0.796874
v 0.020000 1.429688 -0.695311
v 0.000000 1.437500 -0.812499
v 0.020000 1.429688 -0.804686
v 0.000000 1.312500 -0.687499
v 0.020000 1.320312 -0.804686
v 0.000000 1.312500 -0.812499
v 0.020000 1.320312 -0.695311
v 0.000000 1.437500 -0.687499
v 0.000000 1.437500 2.312501
v 0.020000 1.320312 2.304689
v 0.000000 1.312500 2.187501
v 0.020000 1.320312 2.195314
v 0.000000 1.312500 2.312501
v 0.020000 1.429688 2.195314
v 0.000000 1.437500 2.187501
v 0.020000 1.429688 2.304689
v 0.020000 1.375000 2.203126
v 0.020000 1.408146 2.216856
v 0.020000 1.421875 2.250001
v 0.020000 1.408146 2.283147
v 0.020000 1.375000 2.296876
v 0.020000 1.341854 2.283147
v 0.020000 1.328125 2.250001
v 0.020000 1.341854 2.216856
v 0.040000 1.408146 2.216856
v 0.040000 1.375000 2.203126
v 0.040000 1.421875 2.250001
v 0.040000 1.408146 2.283147
v 0.040000 1.375000 2.296876
v 0.040000 1.341854 2.283147
v 0.040000 1.328125 2.250001
v 0.040000 1.341854 2.216856
v 0.060000 1.391573 2.233428
v 0.060000 1.375000 2.226564
v 0.060000 1.398437 2.250001
v 0.060000 1.391573 2.266574
v 0.060000 1.375000 2.273439
v 0.060000 1.358427 2.266574
v 0.060000 1.351562 2.250001
v 0.060000 1.358427 2.233428
v 0.060000 1.358427 1.983428
v 0.060000 1.351562 2.000001
v 0.060000 1.358427 2.016574
v 0.060000 1.375000 2.023439
v 0.060000 1.391573 2.016574
v 0.060000 1.398437 2.000001
v 0.060000 1.375000 1.976564
v 0.060000 1.391573 1.983428
v 0.040000 1.341854 1.966856
v 0.040000 1.328125 2.000001
v 0.040000 1.341854 2.033147
v 0.040000 1.375000 2.046876
v 0.040000 1.408146 2.033147
v 0.040000 1.421875 2.000001
v 0.040000 1.375000 1.953126
v 0.040000 1.408146 1.966856
v 0.020000 1.341854 1.966856
v 0.020000 1.328125 2.000001
v 0.020000 1.341854 2.033147
v 0.020000 1.375000 2.046876
v 0.020000 1.408146 2.033147
v 0.020000 1.421875 2.000001
v 0.020000 1.408146 1.966856
v 0.020000 1.375000 1.953126
v 0.020000 1.429688 2.054689
v 0.000000 1.437500 1.937501
v 0.020000 1.429688 1.945314
v 0.000000 1.312500 2.062501
v 0.020000 1.320312 1.945314
v 0.000000 1.312500 1.937501
v 0.020000 1.320312 2.054689
v 0.000000 1.437500 2.062501
v 0.000000 1.437500 1.812501
v 0.020000 1.320312 1.804689
v 0.000000 1.312500 1.687501
v 0.020000 1.320312 1.695314
v 0.000000 1.312500 1.812501
v 0.020000 1.429688 1.695314
v 0.000000 1.437500 1.687501
v 0.020000 1.429688 1.804689
v 0.020000 1.375000 1.703126
v 0.020000 1.408146 1.716856
v 0.020000 1.421875 1.750001
v 0.020000 1.408146 1.783147
v 0.020000 1.375000 1.796876
v 0.020000 1.341854 1.783147
v 0.020000 1.328125 1.750001
v 0.020000 1.341854 1.716856
v 0.040000 1.408146 1.716856
v 0.040000 1.375000 1.703126
v 0.040000 1.421875 1.750001
v 0.040000 1.408146 1.783147
v 0.040000 1.375000 1.796876
v 0.040000 1.341854 1.783147
v 0.040000 1.328125 1.750001
v 0.040000 1.341854 1.716856
v 0.060000 1.391573 1.733428
v 0.060000 1.375000 1.726564
v 0.060000 1.398437 1.750001
v 0.060000 1.391573 1.766574
v 0.060000 1.375000 1.773439
v 0.060000 1.358427 1.766574
v 0.060000 1.351562 1.750001
v 0.060000 1.358427 1.733428
v 0.000000 1.250000 1.312501
v 0.020000 1.132812 1.304689
v 0.000000 1.125000 1.187501
v 0.020000 1.132812 1.195314
v 0.000000 1.125000 1.312501
v 0.020000 1.242188 1.195314
v 0.000000 1.250000 1.187501
v 0.020000 1.242188 1.304689
v 0.020000 1.187500 1.203126
v 0.020000 1.220646 1.216856
v 0.020000 1.234375 1.250001
v 0.020000 1.220646 1.283147
v 0.020000 1.187500 1.296876
v 0.020000 1.154354 1.283147
v 0.020000 1.140625 1.250001
v 0.020000 1.154354 1.216856
v 0.040000 1.220646 1.216856
v 0.040000 1.187500 1.203126
v 0.040000 1.234375 1.250001
v 0.040000 1.220646 1.283147
v 0.040000 1.187500 1.296876
v 0.040000 1.154354 1.283147
v 0.040000 1.140625 1.250001
v 0.040000 1.154354 1.216856
v 0.060000 1.204073 1.233429
v 0.060000 1.187500 1.226564
v 0.060000 1.210937 1.250001
v 0.060000 1.204073 1.266574
v 0.060000 1.187500 1.273439
v 0.060000 1.170927 1.266574
v 0.060000 1.164062 1.250001
v 0.060000 1.170927 1.233429
v 0.060000 1.170927 0.983428
v 0.060000 1.164062 1.000001
v 0.060000 1.170927 1.016574
v 0.060000 1.187500 1.023439
v 0.060000 1.204073 1.016574
v 0.060000 1.210937 1.000001
v 0.060000 1.187500 0.976564
v 0.060000 1.204073 0.983428
v 0.040000 1.154354 0.966856
v 0.040000 1.140625 1.000001
v 0.040000 1.154354 1.033147
v 0.040000 1.187500 1.046876
v 0.040000 1.220646 1.033147
v 0.040000 1.234375 1.000001
v 0.040000 1.187500 0.953126
v 0.040000 1.220646 0.966856
v 0.020000 1.154354 0.966856
v 0.020000 1.140625 1.000001
v 0.020000 1.154354 1.033147
v 0.020000 1.187500 1.046876
v 0.020000 1.220646 1.033147
v 0.020000 1.234375 1.000001
v 0.020000 1.220646 0.966856
v 0.020000 1.187500 0.953126
v 0.020000 1.242188 1.054689
v 0.000000 1.250000 0.937501
v 0.020000 1.242188 0.945314
v 0.000000 1.125000 1.062501
v 0.020000 1.132812 0.945314
v 0.000000 1.125000 0.937501
v 0.020000 1.132812 1.054689
v 0.000000 1.250000 1.062501
v 0.000000 1.250000 0.812501
v 0.020000 1.132812 0.804689
v 0.000000 1.125000 0.687501
v 0.020000 1.132812 0.695314
v 0.000000 1.125000 0.812501
v 0.020000 1.242188 0.695314
v 0.000000 1.250000 0.687501
v 0.020000 1.242188 0.804689
v 0.020000 1.187500 0.703126
v 0.020000 1.220646 0.716856
v 0.020000 1.234375 0.750001
v 0.020000 1.220646 0.783147
v 0.020000 1.187500 0.796876
v 0.020000 1.154354 0.783147
v 0.020000 1.140625 0.750001
v 0.020000 1.154354 0.716856
v 0.040000 1.220646 0.716856
v 0.040000 1.187500 0.703126
v 0.040000 1.234375 0.750001
v 0.040000 1.220646 0.783147
v 0.040000 1.187500 0.796876
v 0.040000 1.154354 0.783147
v 0.040000 1.140625 0.750001
v 0.040000 1.154354 0.716856
v 0.060000 1.204073 0.733428
v 0.060000 1.187500 0.726564
v 0.060000 1.210937 0.750001
v 0.060000 1.204073 0.766574
v 0.060000 1.187500 0.773439
v 0.060000 1.170927 0.766574
v 0.060000 1.164062 0.750001
v 0.060000 1.170927 0.733428
v 0.060000 1.358427 0.733428
v 0.060000 1.351562 0.750001
v 0.060000 1.358427 0.766574
v 0.060000 1.375000 0.773439
v 0.060000 1.391573 0.766574
v 0.060000 1.398437 0.750001
v 0.060000 1.375000 0.726564
v 0.060000 1.391573 0.733428
v 0.040000 1.341854 0.716856
v 0.040000 1.328125 0.750001
v 0.040000 1.341854 0.783147
v 0.040000 1.375000 0.796876
v 0.040000 1.408146 0.783147
v 0.040000 1.421875 0.750001
v 0.040000 1.375000 0.703126
v 0.040000 1.408146 0.716856
v 0.020000 1.341854 0.716856
v 0.020000 1.328125 0.750001
v 0.020000 1.341854 0.783147
v 0.020000 1.375000 0.796876
v 0.020000 1.408146 0.783147
v 0.020000 1.421875 0.750001
v 0.020000 1.408146 0.716856
v 0.020000 1.375000 0.703126
v 0.020000 1.429688 0.804689
v 0.000000 1.437500 0.687501
v 0.020000 1.429688 0.695314
v 0.000000 1.312500 0.812501
v 0.020000 1.320312 0.695314
v 0.000000 1.312500 0.687501
v 0.020000 1.320312 0.804689
v 0.000000 1.437500 0.812501
v 0.000000 1.437500 1.062501
v 0.020000 1.320312 1.054689
v 0.000000 1.312500 0.937501
v 0.020000 1.320312 0.945314
v 0.000000 1.312500 1.062501
v 0.020000 1.429688 0.945314
v 0.000000 1.437500 0.937501
v 0.020000 1.429688 1.054689
v 0.020000 1.375000 0.953126
v 0.020000 1.408146 0.966856
v 0.020000 1.421875 1.000001
v 0.020000 1.408146 1.033147
v 0.020000 1.375000 1.046876
v 0.020000 1.341854 1.033147
v 0.020000 1.328125 1.000001
v 0.020000 1.341854 0.966856
v 0.040000 1.408146 0.966856
v 0.040000 1.375000 0.953126
v 0.040000 1.421875 1.000001
v 0.040000 1.408146 1.033147
v 0.040000 1.375000 1.046876
v 0.040000 1.341854 1.033147
v 0.040000 1.328125 1.000001
v 0.040000 1.341854 0.966856
v 0.060000 1.391573 0.983428
v 0.060000 1.375000 0.976564
v 0.060000 1.398437 1.000001
v 0.060000 1.391573 1.016574
v 0.060000 1.375000 1.023439
v 0.060000 1.358427 1.016574
v 0.060000 1.351562 1.000001
v 0.060000 1.358427 0.983428
v 0.060000 1.358427 1.233429
v 0.060000 1.351562 1.250001
v 0.060000 1.358427 1.266574
v 0.060000 1.375000 1.273439
v 0.060000 1.391573 1.266574
v 0.060000 1.398437 1.250001
v 0.060000 1.375000 1.226564
v 0.060000 1.391573 1.233429
v 0.040000 1.341854 1.216856
v 0.040000 1.328125 1.250001
v 0.040000 1.341854 1.283147
v 0.040000 1.375000 1.296876
v 0.040000 1.408146 1.283147
v 0.040000 1.421875 1.250001
v 0.040000 1.375000 1.203126
v 0.040000 1.408146 1.216856
v 0.020000 1.341854 1.216856
v 0.020000 1.328125 1.250001
v 0.020000 1.341854 1.283147
v 0.020000 1.375000 1.296876
v 0.020000 1.408146 1.283147
v 0.020000 1.421875 1.250001
v 0.020000 1.408146 1.216856
v 0.020000 1.375000 1.203126
v 0.020000 1.429688 1.304689
v 0.000000 1.437500 1.187501
v 0.020000 1.429688 1.195314
v 0.000000 1.312500 1.312501
v 0.020000 1.320312 1.195314
v 0.000000 1.312500 1.187501
v 0.020000 1.320312 1.304689
v 0.000000 1.437500 1.312501
v 0.500000 1.000000 -2.187499
v 0.562500 1.000000 -2.124999
v 0.500000 1.000000 -1.562499
v 0.500000 1.000000 -2.124999
v 0.562500 1.000000 -1.562499
v 0.554687 1.020000 -2.117186
v 0.554687 1.020000 -2.070311
v 0.507812 1.020000 -2.070311
v 0.507812 1.020000 -2.117186
v 0.507812 1.020000 -1.867186
v 0.507812 1.020000 -1.820311
v 0.554687 1.020000 -1.820311
v 0.554687 1.020000 -1.867186
v 0.500000 1.000000 -1.874999
v 0.562500 1.000000 -1.874999
v 0.500000 1.000000 -1.937499
v 0.562500 1.000000 -1.937499
v 0.554687 1.020000 -1.929686
v 0.554687 1.020000 -1.882811
v 0.507812 1.020000 -1.882811
v 0.507812 1.020000 -1.929686
v 0.500000 1.000000 -1.937499
v 0.562500 1.000000 -1.937499
v 0.500000 1.000000 -1.999999
v 0.562500 1.000000 -1.999999
v 0.507812 1.020000 -2.054686
v 0.507812 1.020000 -2.007811
v 0.554687 1.020000 -2.007811
v 0.554687 1.020000 -2.054686
v 0.562500 1.000000 -2.062499
v 0.500000 1.000000 -2.062499
v 0.562500 1.000000 -1.874999
v 0.562500 1.000000 -1.999999
v 0.500000 1.000000 -1.999999
v 0.554687 1.020000 -1.992186
v 0.554687 1.020000 -1.945311
v 0.507812 1.020000 -1.945311
v 0.507812 1.020000 -1.992186
v 0.500000 1.000000 -1.874999
v 0.562500 1.000000 -1.812499
v 0.500000 1.000000 -1.812499
v 0.500000 1.000000 -1.624999
v 0.507812 1.020000 -1.742186
v 0.507812 1.020000 -1.695311
v 0.554687 1.020000 -1.695311
v 0.554687 1.020000 -1.742186
v 0.500000 1.000000 -1.749999
v 0.562500 1.000000 -1.749999
v 0.562500 1.000000 -1.624999
v 0.500000 1.000000 -1.812499
v 0.562500 1.000000 -1.812499
v 0.554687 1.020000 -1.804686
v 0.554687 1.020000 -1.757811
v 0.507812 1.020000 -1.757811
v 0.507812 1.020000 -1.804686
v 0.562500 1.000000 -1.749999
v 0.500000 1.000000 -1.749999
v 0.562500 1.000000 -1.687499
v 0.500000 1.000000 -1.687499
v 0.507812 1.020000 -1.679686
v 0.507812 1.020000 -1.632811
v 0.554687 1.020000 -1.632811
v 0.554687 1.020000 -1.679686
v 0.562500 1.000000 -1.687499
v 0.500000 1.000000 -1.687499
v 0.562500 1.000000 -1.624999
v 0.500000 1.000000 -1.624999
v 0.554687 1.020000 -1.617186
v 0.554687 1.020000 -1.570311
v 0.507812 1.020000 -1.570311
v 0.507812 1.020000 -1.617186
v 0.562500 1.000000 -2.187499
v 0.554687 1.005000 -2.179686
v 0.554687 1.005000 -2.132811
v 0.507812 1.005000 -2.132811
v 0.507812 1.005000 -2.179686
v 0.500000 1.000000 -2.187499
v 0.562500 1.000000 -2.187499
v 0.500000 1.000000 -2.249999
v 0.562500 1.000000 -2.249999
v 0.507812 1.005000 -2.304686
v 0.507812 1.005000 -2.257811
v 0.554687 1.005000 -2.257811
v 0.554687 1.005000 -2.304686
v 0.562500 1.000000 -2.312499
v 0.500000 1.000000 -2.312499
v 0.562500 1.000000 -2.124999
v 0.562500 1.000000 -2.249999
v 0.500000 1.000000 -2.249999
v 0.554687 1.005000 -2.242186
v 0.554687 1.005000 -2.195311
v 0.507812 1.005000 -2.195311
v 0.507812 1.005000 -2.242186
v 0.500000 1.000000 -2.124999
v 0.562500 1.000000 -2.062499
v 0.500000 1.000000 -2.062499
v 0.500000 1.000000 -2.312499
v 0.562500 1.000000 -2.312499
v 0.500000 1.000000 -2.374999
v 0.562500 1.000000 -2.374999
v 0.507812 1.020000 -2.429686
v 0.507812 1.020000 -2.382811
v 0.554687 1.020000 -2.382811
v 0.554687 1.020000 -2.429686
v 0.562500 1.000000 -2.437499
v 0.500000 1.000000 -2.437499
v 0.562500 1.000000 -2.374999
v 0.500000 1.000000 -2.374999
v 0.554687 1.020000 -2.367186
v 0.554687 1.020000 -2.320311
v 0.507812 1.020000 -2.320311
v 0.507812 1.020000 -2.367186
v 0.562500 1.000000 -2.187499
v 0.625000 1.000000 -2.124999
v 0.562500 1.000000 -1.562499
v 0.562500 1.000000 -2.124999
v 0.625000 1.000000 -1.562499
v 0.617187 1.005000 -2.117186
v 0.617187 1.005000 -2.070311
v 0.570312 1.005000 -2.070311
v 0.570312 1.005000 -2.117186
v 0.570312 1.020000 -1.867186
v 0.570312 1.020000 -1.820311
v 0.617187 1.020000 -1.820311
v 0.617187 1.020000 -1.867186
v 0.562500 1.000000 -1.874999
v 0.625000 1.000000 -1.874999
v 0.562500 1.000000 -1.937499
v 0.625000 1.000000 -1.937499
v 0.617187 1.020000 -1.929686
v 0.617187 1.020000 -1.882811
v 0.570312 1.020000 -1.882811
v 0.570312 1.020000 -1.929686
v 0.562500 1.000000 -1.937499
v 0.625000 1.000000 -1.937499
v 0.562500 1.000000 -1.999999
v 0.625000 1.000000 -1.999999
v 0.570312 1.020000 -2.054686
v 0.570312 1.020000 -2.007811
v 0.617187 1.020000 -2.007811
v 0.617187 1.020000 -2.054686
v 0.625000 1.000000 -2.062499
v 0.562500 1.000000 -2.062499
v 0.625000 1.000000 -1.874999
v 0.625000 1.000000 -1.999999
v 0.562500 1.000000 -1.999999
v 0.617187 1.020000 -1.992186
v 0.617187 1.020000 -1.945311
v 0.570312 1.020000 -1.945311
v 0.570312 1.020000 -1.992186
v 0.562500 1.000000 -1.874999
v 0.625000 1.000000 -1.812499
v 0.562500 1.000000 -1.812499
v 0.562500 1.000000 -1.624999
v 0.570312 1.020000 -1.742186
v 0.570312 1.020000 -1.695311
v 0.617187 1.020000 -1.695311
v 0.617187 1.020000 -1.742186
v 0.562500 1.000000 -1.749999
v 0.625000 1.000000 -1.749999
v 0.625000 1.000000 -1.624999
v 0.562500 1.000000 -1.812499
v 0.625000 1.000000 -1.812499
v 0.617187 1.020000 -1.804686
v 0.617187 1.020000 -1.757811
v 0.570312 1.020000 -1.757811
v 0.570312 1.020000 -1.804686
v 0.625000 1.000000 -1.749999
v 0.562500 1.000000 -1.749999
v 0.625000 1.000000 -1.687499
v 0.562500 1.000000 -1.687499
v 0.570312 1.020000 -1.679686
v 0.570312 1.020000 -1.632811
v 0.617187 1.020000 -1.632811
v 0.617187 1.020000 -1.679686
v 0.625000 1.000000 -1.687499
v 0.562500 1.000000 -1.687499
v 0.625000 1.000000 -1.624999
v 0.562500 1.000000 -1.624999
v 0.617187 1.020000 -1.617186
v 0.617187 1.020000 -1.570311
v 0.570312 1.020000 -1.570311
v 0.570312 1.020000 -1.617186
v 0.625000 1.000000 -2.187499
v 0.617187 1.005000 -2.179686
v 0.617187 1.005000 -2.132811
v 0.570312 1.005000 -2.132811
v 0.570312 1.005000 -2.179686
v 0.562500 1.000000 -2.187499
v 0.625000 1.000000 -2.187499
v 0.562500 1.000000 -2.249999
v 0.625000 1.000000 -2.249999
v 0.570312 1.005000 -2.304686
v 0.570312 1.005000 -2.257811
v 0.617187 1.005000 -2.257811
v 0.617187 1.005000 -2.304686
v 0.625000 1.000000 -2.312499
v 0.562500 1.000000 -2.312499
v 0.625000 1.000000 -2.124999
v 0.625000 1.000000 -2.249999
v 0.562500 1.000000 -2.249999
v 0.617187 1.005000 -2.242186
v 0.617187 1.005000 -2.195311
v 0.570312 1.005000 -2.195311
v 0.570312 1.005000 -2.242186
v 0.562500 1.000000 -2.124999
v 0.625000 1.000000 -2.062499
v 0.562500 1.000000 -2.062499
v 0.562500 1.000000 -2.312499
v 0.625000 1.000000 -2.312499
v 0.562500 1.000000 -2.374999
v 0.625000 1.000000 -2.374999
v 0.570312 1.020000 -2.429686
v 0.570312 1.020000 -2.382811
v 0.617187 1.020000 -2.382811
v 0.617187 1.020000 -2.429686
v 0.625000 1.000000 -2.437499
v 0.562500 1.000000 -2.437499
v 0.625000 1.000000 -2.374999
v 0.562500 1.000000 -2.374999
v 0.617187 1.005000 -2.367186
v 0.617187 1.005000 -2.320311
v 0.570312 1.005000 -2.320311
v 0.570312 1.005000 -2.367186
v 0.632812 1.020000 -2.367186
v 0.632812 1.020000 -2.320311
v 0.679687 1.020000 -2.320311
v 0.679687 1.020000 -2.367186
v 0.625000 1.000000 -2.374999
v 0.687500 1.000000 -2.374999
v 0.625000 1.000000 -2.437499
v 0.687500 1.000000 -2.437499
v 0.679687 1.020000 -2.429686
v 0.679687 1.020000 -2.382811
v 0.632812 1.020000 -2.382811
v 0.632812 1.020000 -2.429686
v 0.687500 1.000000 -2.374999
v 0.625000 1.000000 -2.374999
v 0.687500 1.000000 -2.312499
v 0.625000 1.000000 -2.312499
v 0.625000 1.000000 -2.062499
v 0.687500 1.000000 -2.062499
v 0.625000 1.000000 -2.124999
v 0.632812 1.020000 -2.242186
v 0.632812 1.020000 -2.195311
v 0.679687 1.020000 -2.195311
v 0.679687 1.020000 -2.242186
v 0.625000 1.000000 -2.249999
v 0.687500 1.000000 -2.249999
v 0.687500 1.000000 -2.124999
v 0.625000 1.000000 -2.312499
v 0.687500 1.000000 -2.312499
v 0.679687 1.005000 -2.304686
v 0.679687 1.005000 -2.257811
v 0.632812 1.005000 -2.257811
v 0.632812 1.005000 -2.304686
v 0.687500 1.000000 -2.249999
v 0.625000 1.000000 -2.249999
v 0.687500 1.000000 -2.187499
v 0.625000 1.000000 -2.187499
v 0.632812 1.005000 -2.179686
v 0.632812 1.005000 -2.132811
v 0.679687 1.005000 -2.132811
v 0.679687 1.005000 -2.179686
v 0.687500 1.000000 -2.187499
v 0.632812 1.020000 -1.617186
v 0.632812 1.020000 -1.570311
v 0.679687 1.020000 -1.570311
v 0.679687 1.020000 -1.617186
v 0.625000 1.000000 -1.624999
v 0.687500 1.000000 -1.624999
v 0.625000 1.000000 -1.687499
v 0.687500 1.000000 -1.687499
v 0.679687 1.020000 -1.679686
v 0.679687 1.020000 -1.632811
v 0.632812 1.020000 -1.632811
v 0.632812 1.020000 -1.679686
v 0.625000 1.000000 -1.687499
v 0.687500 1.000000 -1.687499
v 0.625000 1.000000 -1.749999
v 0.687500 1.000000 -1.749999
v 0.632812 1.020000 -1.804686
v 0.632812 1.020000 -1.757811
v 0.679687 1.020000 -1.757811
v 0.679687 1.020000 -1.804686
v 0.687500 1.000000 -1.812499
v 0.625000 1.000000 -1.812499
v 0.687500 1.000000 -1.624999
v 0.687500 1.000000 -1.749999
v 0.625000 1.000000 -1.749999
v 0.679687 1.020000 -1.742186
v 0.679687 1.020000 -1.695311
v 0.632812 1.020000 -1.695311
v 0.632812 1.020000 -1.742186
v 0.625000 1.000000 -1.624999
v 0.625000 1.000000 -1.812499
v 0.687500 1.000000 -1.812499
v 0.625000 1.000000 -1.874999
v 0.632812 1.020000 -1.992186
v 0.632812 1.020000 -1.945311
v 0.679687 1.020000 -1.945311
v 0.679687 1.020000 -1.992186
v 0.625000 1.000000 -1.999999
v 0.687500 1.000000 -1.999999
v 0.687500 1.000000 -1.874999
v 0.625000 1.000000 -2.062499
v 0.687500 1.000000 -2.062499
v 0.679687 1.020000 -2.054686
v 0.679687 1.020000 -2.007811
v 0.632812 1.020000 -2.007811
v 0.632812 1.020000 -2.054686
v 0.687500 1.000000 -1.999999
v 0.625000 1.000000 -1.999999
v 0.687500 1.000000 -1.937499
v 0.625000 1.000000 -1.937499
v 0.632812 1.020000 -1.929686
v 0.632812 1.020000 -1.882811
v 0.679687 1.020000 -1.882811
v 0.679687 1.020000 -1.929686
v 0.687500 1.000000 -1.937499
v 0.625000 1.000000 -1.937499
v 0.687500 1.000000 -1.874999
v 0.625000 1.000000 -1.874999
v 0.679687 1.020000 -1.867186
v 0.679687 1.020000 -1.820311
v 0.632812 1.020000 -1.820311
v 0.632812 1.020000 -1.867186
v 0.632812 1.020000 -2.117186
v 0.632812 1.020000 -2.070311
v 0.679687 1.020000 -2.070311
v 0.679687 1.020000 -2.117186
v 0.687500 1.000000 -1.562499
v 0.625000 1.000000 -2.124999
v 0.625000 1.000000 -1.562499
v 0.687500 1.000000 -2.124999
v 0.625000 1.000000 -2.187499
v 0.750000 1.000000 -2.187499
v 0.812500 1.000000 -2.124999
v 0.750000 1.000000 -1.562499
v 0.750000 1.000000 -2.124999
v 0.812500 1.000000 -1.562499
v 0.804687 1.020000 -2.117186
v 0.804687 1.020000 -2.070311
v 0.757812 1.020000 -2.070311
v 0.757812 1.020000 -2.117186
v 0.757812 1.020000 -1.867186
v 0.757812 1.020000 -1.820311
v 0.804687 1.020000 -1.820311
v 0.804687 1.020000 -1.867186
v 0.750000 1.000000 -1.874999
v 0.812500 1.000000 -1.874999
v 0.750000 1.000000 -1.937499
v 0.812500 1.000000 -1.937499
v 0.804687 1.020000 -1.929686
v 0.804687 1.020000 -1.882811
v 0.757812 1.020000 -1.882811
v 0.757812 1.020000 -1.929686
v 0.750000 1.000000 -1.937499
v 0.812500 1.000000 -1.937499
v 0.750000 1.000000 -1.999999
v 0.812500 1.000000 -1.999999
v 0.757812 1.020000 -2.054686
v 0.757812 1.020000 -2.007811
v 0.804687 1.020000 -2.007811
v 0.804687 1.020000 -2.054686
v 0.812500 1.000000 -2.062499
v 0.750000 1.000000 -2.062499
v 0.812500 1.000000 -1.874999
v 0.812500 1.000000 -1.999999
v 0.750000 1.000000 -1.999999
v 0.804687 1.020000 -1.992186
v 0.804687 1.020000 -1.945311
v 0.757812 1.020000 -1.945311
v 0.757812 1.020000 -1.992186
v 0.750000 1.000000 -1.874999
v 0.812500 1.000000 -1.812499
v 0.750000 1.000000 -1.812499
v 0.750000 1.000000 -1.624999
v 0.757812 1.020000 -1.742186
v 0.757812 1.020000 -1.695311
v 0.804687 1.020000 -1.695311
v 0.804687 1.020000 -1.742186
v 0.750000 1.000000 -1.749999
v 0.812500 1.000000 -1.749999
v 0.812500 1.000000 -1.624999
v 0.750000 1.000000 -1.812499
v 0.812500 1.000000 -1.812499
v 0.804687 1.020000 -1.804686
v 0.804687 1.020000 -1.757811
v 0.757812 1.020000 -1.757811
v 0.757812 1.020000 -1.804686
v 0.812500 1.000000 -1.749999
v 0.750000 1.000000 -1.749999
v 0.812500 1.000000 -1.687499
v 0.750000 1.000000 -1.687499
v 0.757812 1.020000 -1.679686
v 0.757812 1.020000 -1.632811
v 0.804687 1.020000 -1.632811
v 0.804687 1.020000 -1.679686
v 0.812500 1.000000 -1.687499
v 0.750000 1.000000 -1.687499
v 0.812500 1.000000 -1.624999
v 0.750000 1.000000 -1.624999
v 0.804687 1.020000 -1.617186
v 0.804687 1.020000 -1.570311
v 0.757812 1.020000 -1.570311
v 0.757812 1.020000 -1.617186
v 0.812500 1.000000 -2.187499
v 0.804687 1.020000 -2.179686
v 0.804687 1.020000 -2.132811
v 0.757812 1.020000 -2.132811
v 0.757812 1.020000 -2.179686
v 0.750000 1.000000 -2.187499
v 0.812500 1.000000 -2.187499
v 0.750000 1.000000 -2.249999
v 0.812500 1.000000 -2.249999
v 0.757812 1.020000 -2.304686
v 0.757812 1.020000 -2.257811
v 0.804687 1.020000 -2.257811
v 0.804687 1.020000 -2.304686
v 0.812500 1.000000 -2.312499
v 0.750000 1.000000 -2.312499
v 0.812500 1.000000 -2.124999
v 0.812500 1.000000 -2.249999
v 0.750000 1.000000 -2.249999
v 0.804687 1.020000 -2.242186
v 0.804687 1.020000 -2.195311
v 0.757812 1.020000 -2.195311
v 0.757812 1.020000 -2.242186
v 0.750000 1.000000 -2.124999
v 0.812500 1.000000 -2.062499
v 0.750000 1.000000 -2.062499
v 0.750000 1.000000 -2.312499
v 0.812500 1.000000 -2.312499
v 0.750000 1.000000 -2.374999
v 0.812500 1.000000 -2.374999
v 0.757812 1.020000 -2.429686
v 0.757812 1.020000 -2.382811
v 0.804687 1.020000 -2.382811
v 0.804687 1.020000 -2.429686
v 0.812500 1.000000 -2.437499
v 0.750000 1.000000 -2.437499
v 0.812500 1.000000 -2.374999
v 0.750000 1.000000 -2.374999
v 0.804687 1.020000 -2.367186
v 0.804687 1.020000 -2.320311
v 0.757812 1.020000 -2.320311
v 0.757812 1.020000 -2.367186
v 0.695312 1.020000 -2.367186
v 0.695312 1.020000 -2.320311
v 0.742187 1.020000 -2.320311
v 0.742187 1.020000 -2.367186
v 0.687500 1.000000 -2.374999
v 0.750000 1.000000 -2.374999
v 0.687500 1.000000 -2.437499
v 0.750000 1.000000 -2.437499
v 0.742187 1.020000 -2.429686
v 0.742187 1.020000 -2.382811
v 0.695312 1.020000 -2.382811
v 0.695312 1.020000 -2.429686
v 0.750000 1.000000 -2.374999
v 0.687500 1.000000 -2.374999
v 0.750000 1.000000 -2.312499
v 0.687500 1.000000 -2.312499
v 0.687500 1.000000 -2.062499
v 0.750000 1.000000 -2.062499
v 0.687500 1.000000 -2.124999
v 0.695312 1.020000 -2.242186
v 0.695312 1.020000 -2.195311
v 0.742187 1.020000 -2.195311
v 0.742187 1.020000 -2.242186
v 0.687500 1.000000 -2.249999
v 0.750000 1.000000 -2.249999
v 0.750000 1.000000 -2.124999
v 0.687500 1.000000 -2.312499
v 0.750000 1.000000 -2.312499
v 0.742187 1.020000 -2.304686
v 0.742187 1.020000 -2.257811
v 0.695312 1.020000 -2.257811
v 0.695312 1.020000 -2.304686
v 0.750000 1.000000 -2.249999
v 0.687500 1.000000 -2.249999
v 0.750000 1.000000 -2.187499
v 0.687500 1.000000 -2.187499
v 0.695312 1.020000 -2.179686
v 0.695312 1.020000 -2.132811
v 0.742187 1.020000 -2.132811
v 0.742187 1.020000 -2.179686
v 0.750000 1.000000 -2.187499
v 0.695312 1.020000 -1.617186
v 0.695312 1.020000 -1.570311
v 0.742187 1.020000 -1.570311
v 0.742187 1.020000 -1.617186
v 0.687500 1.000000 -1.624999
v 0.750000 1.000000 -1.624999
v 0.687500 1.000000 -1.687499
v 0.750000 1.000000 -1.687499
v 0.742187 1.020000 -1.679686
v 0.742187 1.020000 -1.632811
v 0.695312 1.020000 -1.632811
v 0.695312 1.020000 -1.679686
v 0.687500 1.000000 -1.687499
v 0.750000 1.000000 -1.687499
v 0.687500 1.000000 -1.749999
v 0.750000 1.000000 -1.749999
v 0.695312 1.020000 -1.804686
v 0.695312 1.020000 -1.757811
v 0.742187 1.020000 -1.757811
v 0.742187 1.020000 -1.804686
v 0.750000 1.000000 -1.812499
v 0.687500 1.000000 -1.812499
v 0.750000 1.000000 -1.624999
v 0.750000 1.000000 -1.749999
v 0.687500 1.000000 -1.749999
v 0.742187 1.020000 -1.742186
v 0.742187 1.020000 -1.695311
v 0.695312 1.020000 -1.695311
v 0.695312 1.020000 -1.742186
v 0.687500 1.000000 -1.624999
v 0.687500 1.000000 -1.812499
v 0.750000 1.000000 -1.812499
v 0.687500 1.000000 -1.874999
v 0.695312 1.020000 -1.992186
v 0.695312 1.020000 -1.945311
v 0.742187 1.020000 -1.945311
v 0.742187 1.020000 -1.992186
v 0.687500 1.000000 -1.999999
v 0.750000 1.000000 -1.999999
v 0.750000 1.000000 -1.874999
v 0.687500 1.000000 -2.062499
v 0.750000 1.000000 -2.062499
v 0.742187 1.020000 -2.054686
v 0.742187 1.020000 -2.007811
v 0.695312 1.020000 -2.007811
v 0.695312 1.020000 -2.054686
v 0.750000 1.000000 -1.999999
v 0.687500 1.000000 -1.999999
v 0.750000 1.000000 -1.937499
v 0.687500 1.000000 -1.937499
v 0.695312 1.020000 -1.929686
v 0.695312 1.020000 -1.882811
v 0.742187 1.020000 -1.882811
v 0.742187 1.020000 -1.929686
v 0.750000 1.000000 -1.937499
v 0.687500 1.000000 -1.937499
v 0.750000 1.000000 -1.874999
v 0.687500 1.000000 -1.874999
v 0.742187 1.020000 -1.867186
v 0.742187 1.020000 -1.820311
v 0.695312 1.020000 -1.820311
v 0.695312 1.020000 -1.867186
v 0.695312 1.020000 -2.117186
v 0.695312 1.020000 -2.070311
v 0.742187 1.020000 -2.070311
v 0.742187 1.020000 -2.117186
v 0.750000 1.000000 -1.562499
v 0.687500 1.000000 -2.124999
v 0.687500 1.000000 -1.562499
v 0.750000 1.000000 -2.124999
v 0.687500 1.000000 -2.187499
v 0.812500 1.000000 -2.187499
v 0.875000 1.000000 -2.124999
v 0.812500 1.000000 -1.562499
v 0.812500 1.000000 -2.124999
v 0.875000 1.000000 -1.562499
v 0.867187 1.020000 -2.117186
v 0.867187 1.020000 -2.070311
v 0.820312 1.020000 -2.070311
v 0.820312 1.020000 -2.117186
v 0.820312 1.020000 -1.867186
v 0.820312 1.020000 -1.820311
v 0.867187 1.020000 -1.820311
v 0.867187 1.020000 -1.867186
v 0.812500 1.000000 -1.874999
v 0.875000 1.000000 -1.874999
v 0.812500 1.000000 -1.937499
v 0.875000 1.000000 -1.937499
v 0.867187 1.020000 -1.929686
v 0.867187 1.020000 -1.882811
v 0.820312 1.020000 -1.882811
v 0.820312 1.020000 -1.929686
v 0.812500 1.000000 -1.937499
v 0.875000 1.000000 -1.937499
v 0.812500 1.000000 -1.999999
v 0.875000 1.000000 -1.999999
v 0.820312 1.020000 -2.054686
v 0.820312 1.020000 -2.007811
v 0.867187 1.020000 -2.007811
v 0.867187 1.020000 -2.054686
v 0.875000 1.000000 -2.062499
v 0.812500 1.000000 -2.062499
v 0.875000 1.000000 -1.874999
v 0.875000 1.000000 -1.999999
v 0.812500 1.000000 -1.999999
v 0.867187 1.020000 -1.992186
v 0.867187 1.020000 -1.945311
v 0.820312 1.020000 -1.945311
v 0.820312 1.020000 -1.992186
v 0.812500 1.000000 -1.874999
v 0.875000 1.000000 -1.812499
v 0.812500 1.000000 -1.812499
v 0.812500 1.000000 -1.624999
v 0.820312 1.020000 -1.742186
v 0.820312 1.020000 -1.695311
v 0.867187 1.020000 -1.695311
v 0.867187 1.020000 -1.742186
v 0.812500 1.000000 -1.749999
v 0.875000 1.000000 -1.749999
v 0.875000 1.000000 -1.624999
v 0.812500 1.000000 -1.812499
v 0.875000 1.000000 -1.812499
v 0.867187 1.020000 -1.804686
v 0.867187 1.020000 -1.757811
v 0.820312 1.020000 -1.757811
v 0.820312 1.020000 -1.804686
v 0.875000 1.000000 -1.749999
v 0.812500 1.000000 -1.749999
v 0.875000 1.000000 -1.687499
v 0.812500 1.000000 -1.687499
v 0.820312 1.020000 -1.679686
v 0.820312 1.020000 -1.632811
v 0.867187 1.020000 -1.632811
v 0.867187 1.020000 -1.679686
v 0.875000 1.000000 -1.687499
v 0.812500 1.000000 -1.687499
v 0.875000 1.000000 -1.624999
v 0.812500 1.000000 -1.624999
v 0.867187 1.020000 -1.617186
v 0.867187 1.020000 -1.570311
v 0.820312 1.020000 -1.570311
v 0.820312 1.020000 -1.617186
v 0.875000 1.000000 -2.187499
v 0.867187 1.020000 -2.179686
v 0.867187 1.020000 -2.132811
v 0.820312 1.020000 -2.132811
v 0.820312 1.020000 -2.179686
v 0.812500 1.000000 -2.187499
v 0.875000 1.000000 -2.187499
v 0.812500 1.000000 -2.249999
v 0.875000 1.000000 -2.249999
v 0.820312 1.020000 -2.304686
v 0.820312 1.020000 -2.257811
v 0.867187 1.020000 -2.257811
v 0.867187 1.020000 -2.304686
v 0.875000 1.000000 -2.312499
v 0.812500 1.000000 -2.312499
v 0.875000 1.000000 -2.124999
v 0.875000 1.000000 -2.249999
v 0.812500 1.000000 -2.249999
v 0.867187 1.020000 -2.242186
v 0.867187 1.020000 -2.195311
v 0.820312 1.020000 -2.195311
v 0.820312 1.020000 -2.242186
v 0.812500 1.000000 -2.124999
v 0.875000 1.000000 -2.062499
v 0.812500 1.000000 -2.062499
v 0.812500 1.000000 -2.312499
v 0.875000 1.000000 -2.312499
v 0.812500 1.000000 -2.374999
v 0.875000 1.000000 -2.374999
v 0.820312 1.020000 -2.429686
v 0.820312 1.020000 -2.382811
v 0.867187 1.020000 -2.382811
v 0.867187 1.020000 -2.429686
v 0.875000 1.000000 -2.437499
v 0.812500 1.000000 -2.437499
v 0.875000 1.000000 -2.374999
v 0.812500 1.000000 -2.374999
v 0.867187 1.020000 -2.367186
v 0.867187 1.020000 -2.320311
v 0.820312 1.020000 -2.320311
v 0.820312 1.020000 -2.367186
v 0.445312 1.020000 -2.367186
v 0.445312 1.020000 -2.320311
v 0.492187 1.020000 -2.320311
v 0.492187 1.020000 -2.367186
v 0.437500 1.000000 -2.374999
v 0.500000 1.000000 -2.374999
v 0.437500 1.000000 -2.437499
v 0.500000 1.000000 -2.437499
v 0.492187 1.020000 -2.429686
v 0.492187 1.020000 -2.382811
v 0.445312 1.020000 -2.382811
v 0.445312 1.020000 -2.429686
v 0.882812 1.020000 -2.367186
v 0.882812 1.020000 -2.320311
v 0.929687 1.020000 -2.320311
v 0.929687 1.020000 -2.367186
v 0.875000 1.000000 -2.374999
v 0.937500 1.000000 -2.374999
v 0.875000 1.000000 -2.437499
v 0.937500 1.000000 -2.437499
v 0.929687 1.020000 -2.429686
v 0.929687 1.020000 -2.382811
v 0.882812 1.020000 -2.382811
v 0.882812 1.020000 -2.429686
v 0.937500 1.000000 -2.374999
v 0.875000 1.000000 -2.374999
v 0.937500 1.000000 -2.312499
v 0.875000 1.000000 -2.312499
v 0.500000 1.000000 -2.374999
v 0.437500 1.000000 -2.374999
v 0.500000 1.000000 -2.312499
v 0.437500 1.000000 -2.312499
v 0.437500 1.000000 -2.062499
v 0.500000 1.000000 -2.062499
v 0.437500 1.000000 -2.124999
v 0.445312 1.005000 -2.242186
v 0.445312 1.005000 -2.195311
v 0.492187 1.005000 -2.195311
v 0.492187 1.005000 -2.242186
v 0.437500 1.000000 -2.249999
v 0.500000 1.000000 -2.249999
v 0.500000 1.000000 -2.124999
v 0.437500 1.000000 -2.312499
v 0.500000 1.000000 -2.312499
v 0.492187 1.005000 -2.304686
v 0.492187 1.005000 -2.257811
v 0.445312 1.005000 -2.257811
v 0.445312 1.005000 -2.304686
v 0.875000 1.000000 -2.062499
v 0.937500 1.000000 -2.062499
v 0.875000 1.000000 -2.124999
v 0.882812 1.020000 -2.242186
v 0.882812 1.020000 -2.195311
v 0.929687 1.020000 -2.195311
v 0.929687 1.020000 -2.242186
v 0.875000 1.000000 -2.249999
v 0.937500 1.000000 -2.249999
v 0.937500 1.000000 -2.124999
v 0.875000 1.000000 -2.312499
v 0.937500 1.000000 -2.312499
v 0.929687 1.020000 -2.304686
v 0.929687 1.020000 -2.257811
v 0.882812 1.020000 -2.257811
v 0.882812 1.020000 -2.304686
v 0.500000 1.000000 -2.249999
v 0.437500 1.000000 -2.249999
v 0.500000 1.000000 -2.187499
v 0.437500 1.000000 -2.187499
v 0.937500 1.000000 -2.249999
v 0.875000 1.000000 -2.249999
v 0.937500 1.000000 -2.187499
v 0.875000 1.000000 -2.187499
v 0.882812 1.020000 -2.179686
v 0.882812 1.020000 -2.132811
v 0.929687 1.020000 -2.132811
v 0.929687 1.020000 -2.179686
v 0.937500 1.000000 -2.187499
v 0.882812 1.020000 -1.617186
v 0.882812 1.020000 -1.570311
v 0.929687 1.020000 -1.570311
v 0.929687 1.020000 -1.617186
v 0.875000 1.000000 -1.624999
v 0.937500 1.000000 -1.624999
v 0.875000 1.000000 -1.687499
v 0.445312 1.020000 -2.179686
v 0.445312 1.020000 -2.132811
v 0.492187 1.020000 -2.132811
v 0.492187 1.020000 -2.179686
v 0.500000 1.000000 -2.187499
v 0.445312 1.020000 -1.617186
v 0.445312 1.020000 -1.570311
v 0.492187 1.020000 -1.570311
v 0.492187 1.020000 -1.617186
v 0.437500 1.000000 -1.624999
v 0.500000 1.000000 -1.624999
v 0.437500 1.000000 -1.687499
v 0.500000 1.000000 -1.687499
v 0.492187 1.020000 -1.679686
v 0.492187 1.020000 -1.632811
v 0.445312 1.020000 -1.632811
v 0.445312 1.020000 -1.679686
v 0.937500 1.000000 -1.687499
v 0.929687 1.020000 -1.679686
v 0.929687 1.020000 -1.632811
v 0.882812 1.020000 -1.632811
v 0.882812 1.020000 -1.679686
v 0.875000 1.000000 -1.687499
v 0.937500 1.000000 -1.687499
v 0.875000 1.000000 -1.749999
v 0.937500 1.000000 -1.749999
v 0.882812 1.020000 -1.804686
v 0.882812 1.020000 -1.757811
v 0.929687 1.020000 -1.757811
v 0.929687 1.020000 -1.804686
v 0.937500 1.000000 -1.812499
v 0.875000 1.000000 -1.812499
v 0.937500 1.000000 -1.624999
v 0.437500 1.000000 -1.687499
v 0.500000 1.000000 -1.687499
v 0.437500 1.000000 -1.749999
v 0.500000 1.000000 -1.749999
v 0.937500 1.000000 -1.749999
v 0.875000 1.000000 -1.749999
v 0.929687 1.020000 -1.742186
v 0.929687 1.020000 -1.695311
v 0.882812 1.020000 -1.695311
v 0.882812 1.020000 -1.742186
v 0.875000 1.000000 -1.624999
v 0.875000 1.000000 -1.812499
v 0.937500 1.000000 -1.812499
v 0.875000 1.000000 -1.874999
v 0.882812 1.020000 -1.992186
v 0.882812 1.020000 -1.945311
v 0.929687 1.020000 -1.945311
v 0.929687 1.020000 -1.992186
v 0.875000 1.000000 -1.999999
v 0.937500 1.000000 -1.999999
v 0.445312 1.020000 -1.804686
v 0.445312 1.020000 -1.757811
v 0.492187 1.020000 -1.757811
v 0.492187 1.020000 -1.804686
v 0.500000 1.000000 -1.812499
v 0.437500 1.000000 -1.812499
v 0.500000 1.000000 -1.624999
v 0.500000 1.000000 -1.749999
v 0.437500 1.000000 -1.749999
v 0.492187 1.020000 -1.742186
v 0.492187 1.020000 -1.695311
v 0.445312 1.020000 -1.695311
v 0.445312 1.020000 -1.742186
v 0.437500 1.000000 -1.624999
v 0.437500 1.000000 -1.812499
v 0.500000 1.000000 -1.812499
v 0.437500 1.000000 -1.874999
v 0.445312 1.020000 -1.992186
v 0.445312 1.020000 -1.945311
v 0.492187 1.020000 -1.945311
v 0.492187 1.020000 -1.992186
v 0.437500 1.000000 -1.999999
v 0.500000 1.000000 -1.999999
v 0.500000 1.000000 -1.874999
v 0.437500 1.000000 -2.062499
v 0.500000 1.000000 -2.062499
v 0.492187 1.020000 -2.054686
v 0.492187 1.020000 -2.007811
v 0.445312 1.020000 -2.007811
v 0.445312 1.020000 -2.054686
v 0.937500 1.000000 -1.874999
v 0.875000 1.000000 -2.062499
v 0.937500 1.000000 -2.062499
v 0.929687 1.020000 -2.054686
v 0.929687 1.020000 -2.007811
v 0.882812 1.020000 -2.007811
v 0.882812 1.020000 -2.054686
v 0.937500 1.000000 -1.999999
v 0.875000 1.000000 -1.999999
v 0.937500 1.000000 -1.937499
v 0.875000 1.000000 -1.937499
v 0.882812 1.020000 -1.929686
v 0.882812 1.020000 -1.882811
v 0.929687 1.020000 -1.882811
v 0.929687 1.020000 -1.929686
v 0.937500 1.000000 -1.937499
v 0.500000 1.000000 -1.999999
v 0.437500 1.000000 -1.999999
v 0.500000 1.000000 -1.937499
v 0.437500 1.000000 -1.937499
v 0.875000 1.000000 -1.937499
v 0.937500 1.000000 -1.874999
v 0.875000 1.000000 -1.874999
v 0.929687 1.020000 -1.867186
v 0.929687 1.020000 -1.820311
v 0.882812 1.020000 -1.820311
v 0.882812 1.020000 -1.867186
v 0.882812 1.020000 -2.117186
v 0.882812 1.020000 -2.070311
v 0.929687 1.020000 -2.070311
v 0.929687 1.020000 -2.117186
v 0.937500 1.000000 -1.562499
v 0.875000 1.000000 -2.124999
v 0.875000 1.000000 -1.562499
v 0.937500 1.000000 -2.124999
v 0.875000 1.000000 -2.187499
v 0.445312 1.020000 -1.929686
v 0.445312 1.020000 -1.882811
v 0.492187 1.020000 -1.882811
v 0.492187 1.020000 -1.929686
v 0.500000 1.000000 -1.937499
v 0.437500 1.000000 -1.937499
v 0.500000 1.000000 -1.874999
v 0.437500 1.000000 -1.874999
v 0.492187 1.020000 -1.867186
v 0.492187 1.020000 -1.820311
v 0.445312 1.020000 -1.820311
v 0.445312 1.020000 -1.867186
v 0.445312 1.020000 -2.117186
v 0.445312 1.020000 -2.070311
v 0.492187 1.020000 -2.070311
v 0.492187 1.020000 -2.117186
v 0.500000 1.000000 -1.562499
v 0.437500 1.000000 -2.124999
v 0.437500 1.000000 -1.562499
v 0.500000 1.000000 -2.124999
v 0.437500 1.000000 -2.187499
v 0.527116 1.057647 -2.336763
v 0.536590 1.107647 -2.346236
v 0.527116 1.157647 -2.336763
v 0.501234 1.194250 -2.310881
v 0.465879 1.207647 -2.275526
v 0.430524 1.194250 -2.240170
v 0.404642 1.157647 -2.214288
v 0.395168 1.107647 -2.204815
v 0.404642 1.057647 -2.214288
v 0.430524 1.021044 -2.240170
v 0.465879 1.007647 -2.275526
v 0.501234 1.021044 -2.310881
v 0.678011 1.107647 -2.204815
v 0.668538 1.057647 -2.195342
v 0.668538 1.157647 -2.195342
v 0.642656 1.194250 -2.169460
v 0.607301 1.207647 -2.134104
v 0.571945 1.194250 -2.098749
v 0.546063 1.157647 -2.072867
v 0.536590 1.107647 -2.063394
v 0.546063 1.057647 -2.072867
v 0.571945 1.021044 -2.098749
v 0.607301 1.007647 -2.134104
v 0.642656 1.021044 -2.169460
v 0.540125 1.107647 -2.321488
v 0.532073 1.150147 -2.313435
v 0.510073 1.181259 -2.291435
v 0.480021 1.192647 -2.261384
v 0.449969 1.181259 -2.231332
v 0.427970 1.150147 -2.209332
v 0.419917 1.107647 -2.201279
v 0.427969 1.065147 -2.209332
v 0.449969 1.034035 -2.231331
v 0.480021 1.022647 -2.261384
v 0.510073 1.034035 -2.291435
v 0.532073 1.065147 -2.313435
v 0.637352 1.034035 -2.164156
v 0.607301 1.022647 -2.134104
v 0.577248 1.034035 -2.104052
v 0.555249 1.065147 -2.082052
v 0.547197 1.107647 -2.074000
v 0.555249 1.150147 -2.082053
v 0.577249 1.181259 -2.104052
v 0.607301 1.192647 -2.134104
v 0.637352 1.181259 -2.164156
v 0.659352 1.150147 -2.186156
v 0.659352 1.065147 -2.186156
v 0.667405 1.107647 -2.194208
v 0.672513 1.031307 -2.284169
v 0.665442 1.013987 -2.277098
v 0.608873 1.013987 -2.333667
v 0.615944 1.031307 -2.340738
v 0.552812 1.071307 -2.305891
v 0.566954 1.071307 -2.291748
v 0.589555 1.041307 -2.342633
v 0.603697 1.041307 -2.328490
v 0.545741 1.053987 -2.298820
v 0.559883 1.053987 -2.284677
v 0.582484 1.023987 -2.335562
v 0.596626 1.023987 -2.321419
v 0.667336 1.023987 -2.250709
v 0.653194 1.023987 -2.264851
v 0.630594 1.053987 -2.213967
v 0.616452 1.053987 -2.228109
v 0.674407 1.041307 -2.257780
v 0.660265 1.041307 -2.271922
v 0.637665 1.071307 -2.221038
v 0.623523 1.071307 -2.235180
v 0.812500 1.051250 1.227125
v 0.843750 1.051250 1.218751
v 0.789623 1.051250 1.250001
v 0.781250 1.051250 1.281251
v 0.789623 1.051250 1.312501
v 0.812500 1.051250 1.335378
v 0.843750 1.051250 1.343751
v 0.875000 1.051250 1.335378
v 0.897876 1.051250 1.312501
v 0.906250 1.051250 1.281251
v 0.897876 1.051250 1.250001
v 0.875000 1.051250 1.227125
v 0.812500 1.051250 -1.335375
v 0.843750 1.051250 -1.343749
v 0.789623 1.051250 -1.312499
v 0.781250 1.051250 -1.281249
v 0.789623 1.051250 -1.249999
v 0.812500 1.051250 -1.227122
v 0.843750 1.051250 -1.218749
v 0.875000 1.051250 -1.227122
v 0.897876 1.051250 -1.249999
v 0.906250 1.051250 -1.281249
v 0.897876 1.051250 -1.312499
v 0.875000 1.051250 -1.335375
v 0.398679 1.250000 0.682762
v 0.437500 1.250000 0.672360
v 0.370260 1.250000 0.711180
v 0.359858 1.250000 0.750001
v 0.370260 1.250000 0.788822
v 0.398679 1.250000 0.817241
v 0.437500 1.250000 0.827643
v 0.476321 1.250000 0.817241
v 0.504740 1.250000 0.788822
v 0.515142 1.250000 0.750001
v 0.504740 1.250000 0.711180
v 0.476321 1.250000 0.682762
v 0.387500 1.250000 0.663399
v 0.437500 1.250000 0.650001
v 0.350897 1.250000 0.700001
v 0.337500 1.250000 0.750001
v 0.350897 1.250000 0.800001
v 0.387500 1.250000 0.836604
v 0.437500 1.250000 0.850001
v 0.487500 1.250000 0.836604
v 0.524102 1.250000 0.800001
v 0.537500 1.250000 0.750001
v 0.524102 1.250000 0.700001
v 0.487500 1.250000 0.663399
v 0.387500 1.270000 0.663399
v 0.437500 1.270000 0.650001
v 0.350897 1.270000 0.700001
v 0.337500 1.270000 0.750001
v 0.350897 1.270000 0.800001
v 0.387500 1.270000 0.836604
v 0.437500 1.270000 0.850001
v 0.487500 1.270000 0.836604
v 0.524102 1.270000 0.800001
v 0.537500 1.270000 0.750001
v 0.524102 1.270000 0.700001
v 0.487500 1.270000 0.663399
v 0.467500 1.000000 -0.592499
v 0.657500 1.000000 -0.592499
v 0.467500 1.000000 -1.032499
v 0.657500 1.000000 -1.032499
v 0.491250 1.020000 -0.647499
v 0.633750 1.020000 -0.647499
v 0.491250 1.020000 -0.977499
v 0.633750 1.020000 -0.977499
v 0.523181 1.179688 1.276141
v 0.507004 1.179688 1.215771
v 0.523181 1.148438 1.276141
v 0.507004 1.148438 1.215771
v 0.522097 1.156250 1.211727
v 0.538273 1.156250 1.272097
vn 0.2425 -0.9701 -0.0000
vn 1.0000 -0.0000 -0.0000
vn -0.0000 -1.0000 -0.0000
vn -0.0000 -0.0000 1.0000
vn -0.0000 -0.0000 -1.0000
vn -0.0000 1.0000 -0.0000
vn -1.0000 -0.0000 -0.0000
vn 0.7071 0.7071 -0.0000
vn -0.0000 0.7071 0.7071
vn -0.7071 0.7071 -0.0000
vn -0.0000 0.7071 -0.7071
vn -0.9315 0.3638 -0.0000
vn -0.0000 0.3639 -0.9314
vn -0.0000 0.3638 0.9315
vn 0.9314 0.3639 -0.0000
vn 0.9315 0.3639 -0.0000
vn -0.9659 -0.0000 0.2588
vn -0.2588 -0.0000 -0.9659
vn 0.9659 -0.0000 -0.2588
vn 0.2588 -0.0000 0.9659
vn -0.2315 0.4472 -0.8640
vn 0.9371 0.2426 -0.2511
vn -0.9371 0.2425 0.2511
vn 0.2315 0.4472 0.8640
vn -0.1736 -0.0000 0.9848
vn 0.1737 -0.0000 -0.9848
vn 0.1736 -0.0000 -0.9848
vn -0.9848 -0.0000 -0.1737
vn -0.9848 -0.0000 -0.1736
vn 0.9848 -0.0000 0.1736
vn 0.9848 -0.0000 0.1737
vn -0.6124 0.5000 0.6124
vn 0.7071 -0.0000 0.7071
vn 0.3536 0.8660 -0.3536
vn -0.3536 -0.8660 0.3536
vn -0.3536 -0.8660 0.3535
vn 0.3536 0.8660 -0.3535
vn 0.3638 -0.9315 -0.0000
vn 0.3639 -0.0000 -0.9314
vn 0.3638 0.9315 -0.0000
vn 0.3638 -0.0000 0.9315
vn -0.5391 0.8423 -0.0000
vn -0.0000 0.8423 -0.5390
vn -0.0000 0.8423 0.5391
vn 0.5390 0.8423 -0.0000
vn -0.7071 -0.0000 -0.7071
vn 0.8037 0.5547 -0.2154
vn -0.4320 0.8944 0.1157
vn -0.4319 0.8944 0.1157
vn -0.2315 0.4472 -0.8639
vn 0.9371 0.2425 -0.2511
vn 0.3639 -0.0000 -0.9315
vn -0.7071 -0.0000 -0.7072
vn 0.7072 -0.0000 0.7071
vn 0.8660 -0.0000 -0.5000
vn 0.5000 -0.0000 0.8660
vn -0.8660 -0.0000 0.5000
vn 0.5000 -0.0000 -0.8660
vn -0.5000 -0.0000 -0.8660
vn 0.8660 -0.0000 0.5000
vn -0.5000 -0.0000 0.8660
vn -0.8660 -0.0000 -0.5000
vn -0.0000 0.3843 -0.9232
vn -0.2949 0.9089 -0.2949
vn -0.0000 0.9089 -0.4171
vn 0.7071 -0.0000 -0.7071
vn 0.9232 0.3843 -0.0000
vn -0.0000 0.3843 0.9232
vn -0.7071 -0.0000 0.7071
vn -0.9232 0.3843 -0.0000
vn -0.6528 0.3843 -0.6528
vn 0.6528 0.3843 -0.6528
vn 0.6528 0.3843 0.6528
vn -0.6528 0.3843 0.6528
vn -0.4171 0.9089 -0.0000
vn -0.0000 0.9089 0.4171
vn 0.4171 0.9089 -0.0000
vn 0.2949 0.9089 -0.2949
vn 0.2949 0.9089 0.2949
vn -0.2949 0.9089 0.2949
vn -0.9922 0.1250 -0.0000
vn -0.7976 0.3896 -0.4605
vn -0.8592 0.1250 -0.4961
vn -0.0000 0.1250 -0.9922
vn 0.4961 0.1250 0.8592
vn -0.8592 0.1250 0.4961
vn 0.4961 0.1250 -0.8592
vn -0.4961 0.1250 -0.8592
vn 0.8592 0.1250 0.4961
vn -0.4961 0.1250 0.8592
vn 0.9922 0.1250 -0.0000
vn -0.0000 0.1250 0.9922
vn 0.8592 0.1250 -0.4961
vn -0.0000 0.3896 0.9210
vn -0.4225 0.5347 0.7318
vn -0.4605 0.3896 0.7976
vn 0.9210 0.3896 -0.0000
vn -0.9210 0.3896 -0.0000
vn 0.4605 0.3896 -0.7976
vn 0.7976 0.3896 -0.4605
vn -0.0000 0.3896 -0.9210
vn 0.7976 0.3896 0.4605
vn 0.4605 0.3896 0.7976
vn -0.7976 0.3896 0.4605
vn -0.4605 0.3896 -0.7976
vn -0.8450 0.5347 -0.0000
vn -0.7318 0.5347 -0.4225
vn 0.8450 0.5347 -0.0000
vn -0.0000 0.5347 0.8450
vn -0.7318 0.5347 0.4225
vn 0.7318 0.5347 -0.4225
vn -0.0000 0.5347 -0.8450
vn 0.7318 0.5347 0.4225
vn 0.4225 0.5347 0.7318
vn 0.4225 0.5347 -0.7318
vn -0.4225 0.5347 -0.7318
vn -0.2075 0.9447 -0.2539
vn 0.2961 0.9480 -0.1169
vn 0.2075 0.9447 -0.2539
vn -0.2075 0.9447 0.2539
vn -0.2961 0.9480 -0.1170
vn 0.2075 0.9447 0.2539
vn -0.2961 0.9480 0.1169
vn 0.2961 0.9480 0.1170
vn 0.6124 -0.5000 -0.6124
vn -0.6124 -0.5000 0.6124
vn -0.3536 0.8660 0.3536
vn 0.3536 -0.8660 -0.3536
vn 0.6124 0.5000 -0.6124
vn -0.3535 -0.8660 0.3535
vn -0.3535 0.8660 0.3535
vn 0.3535 0.8660 -0.3535
vn -0.4189 -0.1914 -0.8876
vn 0.2952 -0.4619 -0.8364
vn 0.8364 -0.4619 -0.2951
vn 0.8876 -0.1913 0.4189
vn -0.9330 0.3536 -0.0668
vn 0.3843 -0.0000 -0.9232
vn 0.9089 0.2949 -0.2949
vn 0.9089 -0.0000 -0.4171
vn -0.0000 -0.7071 -0.7071
vn 0.3843 -0.9232 -0.0000
vn -0.0000 -0.7071 0.7071
vn 0.3843 -0.0000 0.9232
vn 0.3843 0.9232 -0.0000
vn 0.3843 0.6528 -0.6528
vn 0.3843 -0.6528 -0.6528
vn 0.3843 -0.6528 0.6528
vn 0.3843 0.6528 0.6528
vn 0.9089 0.4171 -0.0000
vn 0.9088 -0.0000 0.4171
vn 0.9089 -0.4171 -0.0000
vn 0.9089 -0.2949 -0.2949
vn 0.9089 -0.2949 0.2949
vn 0.9089 0.2950 0.2949
vn 0.9089 -0.0000 0.4171
vn 0.9089 0.2949 -0.2950
vn 0.9089 -0.2949 -0.2950
vn 0.9089 0.2950 -0.2949
vn 0.9089 0.2949 0.2949
vn 0.9088 0.2949 -0.2950
vt 0.950495 0.390805
vt 0.504951 0.482759
vt 0.504951 0.390805
vt 0.475248 0.643678
vt 0.079208 0.586207
vt 0.475248 0.586207
vt 0.079208 0.494253
vt 0.039604 0.724138
vt 0.000000 0.954023
vt 0.000000 0.586207
vt 0.950495 0.482759
vt 0.504951 0.494253
vt 0.698020 0.333333
vt 0.702970 0.327586
vt 0.702970 0.333333
vt 0.475248 0.678161
vt 0.079208 0.724138
vt 0.079208 0.678161
vt 0.950495 0.586207
vt 0.960396 0.494253
vt 0.980198 0.586207
vt 0.495050 0.494253
vt 0.504951 0.586207
vt 0.475248 0.724138
vt 0.079208 0.770115
vt 1.000000 0.586207
vt 0.554455 0.954023
vt 0.554455 0.586207
vt 0.475248 0.770115
vt 0.079208 1.000000
vt 1.000000 0.954023
vt 0.554455 1.000000
vt 0.514852 0.724138
vt 0.707921 0.327586
vt 0.712871 0.333333
vt 0.707921 0.333333
vt 0.950495 0.494253
vt 0.069307 0.264368
vt 0.004950 0.252874
vt 0.074257 0.252874
vt 0.009901 0.264368
vt 0.069307 0.275862
vt 0.009901 0.275862
vt 0.000000 0.281609
vt 0.000000 0.258621
vt 0.074257 0.287356
vt 0.004950 0.287356
vt 0.079208 0.258621
vt 0.079208 0.281609
vt 0.668317 0.339080
vt 0.628713 0.385057
vt 0.628713 0.339080
vt 0.628713 0.390805
vt 0.668317 0.385057
vt 0.668317 0.390805
vt 0.673267 0.385057
vt 0.673267 0.339080
vt 0.623762 0.339080
vt 0.623762 0.385057
vt 0.668317 0.333333
vt 0.628713 0.333333
vt 0.618812 0.333333
vt 0.579208 0.339080
vt 0.579208 0.333333
vt 0.574257 0.339080
vt 0.579208 0.385057
vt 0.574257 0.385057
vt 0.618812 0.339080
vt 0.579208 0.390805
vt 0.618812 0.385057
vt 0.618812 0.390805
vt 0.420792 0.339080
vt 0.381188 0.385057
vt 0.381188 0.339080
vt 0.381188 0.390805
vt 0.420792 0.385057
vt 0.420792 0.390805
vt 0.425743 0.385057
vt 0.425743 0.339080
vt 0.376238 0.339080
vt 0.376238 0.385057
vt 0.420792 0.333333
vt 0.381188 0.333333
vt 0.470297 0.333333
vt 0.430693 0.339080
vt 0.430693 0.333333
vt 0.430693 0.385057
vt 0.475248 0.385057
vt 0.470297 0.339080
vt 0.475248 0.339080
vt 0.430693 0.390805
vt 0.470297 0.385057
vt 0.470297 0.390805
vt 0.569307 0.339080
vt 0.529703 0.385057
vt 0.529703 0.339080
vt 0.529703 0.390805
vt 0.569307 0.385057
vt 0.569307 0.390805
vt 0.524752 0.339080
vt 0.524752 0.385057
vt 0.569307 0.333333
vt 0.529703 0.333333
vt 0.519802 0.333333
vt 0.480198 0.339080
vt 0.480198 0.333333
vt 0.480198 0.385057
vt 0.519802 0.339080
vt 0.480198 0.390805
vt 0.519802 0.385057
vt 0.519802 0.390805
vt 0.321782 0.339080
vt 0.282178 0.385057
vt 0.282178 0.339080
vt 0.282178 0.390805
vt 0.321782 0.385057
vt 0.321782 0.390805
vt 0.326733 0.385057
vt 0.326733 0.339080
vt 0.277228 0.339080
vt 0.277228 0.385057
vt 0.321782 0.333333
vt 0.282178 0.333333
vt 0.371287 0.333333
vt 0.331683 0.339080
vt 0.331683 0.333333
vt 0.331683 0.385057
vt 0.371287 0.339080
vt 0.331683 0.390805
vt 0.371287 0.385057
vt 0.371287 0.390805
vt 0.272277 0.339080
vt 0.232673 0.385057
vt 0.232673 0.339080
vt 0.232673 0.390805
vt 0.272277 0.385057
vt 0.272277 0.390805
vt 0.227723 0.339080
vt 0.227723 0.385057
vt 0.272277 0.333333
vt 0.232673 0.333333
vt 0.222772 0.333333
vt 0.183168 0.339080
vt 0.183168 0.333333
vt 0.178218 0.339080
vt 0.183168 0.385057
vt 0.178218 0.385057
vt 0.222772 0.339080
vt 0.183168 0.390805
vt 0.222772 0.385057
vt 0.222772 0.390805
vt 0.767327 0.339080
vt 0.727723 0.385057
vt 0.727723 0.339080
vt 0.727723 0.390805
vt 0.767327 0.385057
vt 0.767327 0.390805
vt 0.772277 0.385057
vt 0.772277 0.339080
vt 0.722772 0.339080
vt 0.722772 0.385057
vt 0.767327 0.333333
vt 0.727723 0.333333
vt 0.717822 0.333333
vt 0.678218 0.339080
vt 0.678218 0.333333
vt 0.678218 0.385057
vt 0.717822 0.339080
vt 0.678218 0.390805
vt 0.717822 0.385057
vt 0.717822 0.390805
vt 0.866337 0.339080
vt 0.826733 0.385057
vt 0.826733 0.339080
vt 0.826733 0.390805
vt 0.866337 0.385057
vt 0.866337 0.390805
vt 0.871287 0.385057
vt 0.871287 0.339080
vt 0.821782 0.339080
vt 0.821782 0.385057
vt 0.866337 0.333333
vt 0.826733 0.333333
vt 0.816832 0.333333
vt 0.777228 0.339080
vt 0.777228 0.333333
vt 0.777228 0.385057
vt 0.816832 0.339080
vt 0.777228 0.390805
vt 0.816832 0.385057
vt 0.816832 0.390805
vt 0.183168 0.471264
vt 0.198020 0.465517
vt 0.198020 0.471264
vt 0.242574 0.408046
vt 0.188119 0.413793
vt 0.183168 0.408046
vt 0.247525 0.459770
vt 0.247525 0.408046
vt 0.242574 0.402299
vt 0.183168 0.402299
vt 0.178218 0.408046
vt 0.183168 0.459770
vt 0.178218 0.459770
vt 0.183168 0.465517
vt 0.242574 0.459770
vt 0.242574 0.465517
vt 0.188119 0.454023
vt 0.232673 0.448276
vt 0.237624 0.454023
vt 0.237624 0.413793
vt 0.232673 0.419540
vt 0.193069 0.419540
vt 0.193069 0.448276
vt 0.430693 0.396552
vt 0.425743 0.396552
vt 0.430693 0.442529
vt 0.425743 0.442529
vt 0.475248 0.442529
vt 0.470297 0.396552
vt 0.475248 0.396552
vt 0.430693 0.448276
vt 0.470297 0.442529
vt 0.470297 0.448276
vt 0.371287 0.396552
vt 0.331683 0.442529
vt 0.331683 0.396552
vt 0.331683 0.448276
vt 0.371287 0.442529
vt 0.371287 0.448276
vt 0.376238 0.442529
vt 0.376238 0.396552
vt 0.326733 0.396552
vt 0.326733 0.442529
vt 0.381188 0.396552
vt 0.381188 0.442529
vt 0.420792 0.396552
vt 0.381188 0.448276
vt 0.420792 0.442529
vt 0.420792 0.448276
vt 0.321782 0.396552
vt 0.282178 0.442529
vt 0.282178 0.396552
vt 0.282178 0.448276
vt 0.321782 0.442529
vt 0.321782 0.448276
vt 0.277228 0.396552
vt 0.277228 0.442529
vt 0.198020 0.494253
vt 0.183168 0.488506
vt 0.198020 0.488506
vt 0.202970 0.471264
vt 0.202970 0.488506
vt 0.178218 0.488506
vt 0.267327 0.471264
vt 0.277228 0.477012
vt 0.267327 0.477012
vt 0.376238 0.298851
vt 0.371287 0.304598
vt 0.371287 0.298851
vt 0.282178 0.488506
vt 0.282178 0.477012
vt 0.277228 0.488506
vt 0.267327 0.494253
vt 0.267327 0.488506
vt 0.262376 0.477012
vt 0.376238 0.241379
vt 0.336634 0.103448
vt 0.376238 0.103448
vt 0.336634 0.241379
vt 0.316832 0.103448
vt 0.316832 0.241379
vt 0.277228 0.103448
vt 0.277228 0.241379
vt 0.257426 0.103448
vt 0.217822 0.241379
vt 0.257426 0.195402
vt 0.257426 0.241379
vt 0.257426 0.333333
vt 0.217822 0.287356
vt 0.257426 0.287356
vt 0.178218 0.287356
vt 0.178218 0.241379
vt 0.297030 0.241379
vt 0.297030 0.287356
vt 0.435644 0.172414
vt 0.415842 0.195402
vt 0.415842 0.149425
vt 0.396040 0.103448
vt 0.396040 0.149425
vt 0.227723 0.149425
vt 0.247525 0.149425
vt 0.455446 0.103448
vt 0.435644 0.126437
vt 0.435644 0.103448
vt 0.415842 0.103448
vt 0.376238 0.126437
vt 0.396040 0.218391
vt 0.415842 0.218391
vt 0.376238 0.172414
vt 0.396040 0.195402
vt 0.376238 0.195402
vt 0.455446 0.172414
vt 0.435644 0.195402
vt 0.455446 0.195402
vt 0.198020 0.195402
vt 0.257426 0.149425
vt 0.237624 0.195402
vt 0.455446 0.126437
vt 0.217822 0.103448
vt 0.475248 0.310345
vt 0.673267 0.022989
vt 0.673267 0.310345
vt 0.475248 0.022989
vt 0.455446 0.310345
vt 0.455446 0.022989
vt 0.693069 0.304598
vt 0.698020 0.327586
vt 0.693069 0.327586
vt 0.712871 0.327586
vt 0.717822 0.304598
vt 0.717822 0.327586
vt 0.712871 0.304598
vt 0.698020 0.304598
vt 0.707921 0.304598
vt 0.702970 0.304598
vt 0.480198 0.005747
vt 0.475248 0.000000
vt 0.480198 0.017241
vt 0.678218 0.310345
vt 0.480198 0.316092
vt 0.673267 -0.000000
vt 0.688119 0.310345
vt 0.693069 0.022989
vt 0.693069 0.310345
vt 0.673267 0.333333
vt 0.480198 0.327586
vt 0.673267 0.327586
vt 0.475248 0.333333
vt 0.712871 0.298851
vt 0.707921 0.298851
vt 0.702970 0.298851
vt 0.698020 0.298851
vt 0.203228 0.487046
vt 0.211356 0.484518
vt 0.209178 0.493954
vt 0.400990 0.298851
vt 0.405941 0.304598
vt 0.400990 0.304598
vt 0.366337 0.304598
vt 0.366337 0.298851
vt 0.386139 0.298851
vt 0.381188 0.304598
vt 0.381188 0.298851
vt 0.410891 0.298851
vt 0.405941 0.298851
vt 0.396040 0.298851
vt 0.396040 0.304598
vt 0.361386 0.298851
vt 0.361386 0.304598
vt 0.792079 0.293103
vt 0.797030 0.310345
vt 0.792079 0.310345
vt 0.376238 0.304598
vt 0.391089 0.298851
vt 0.391089 0.304598
vt 0.792079 0.287356
vt 0.797030 0.270115
vt 0.797030 0.287356
vt 0.420792 0.298851
vt 0.415842 0.304598
vt 0.415842 0.298851
vt 0.203294 0.487066
vt 0.211308 0.484573
vt 0.209161 0.493878
vt 0.368746 0.310830
vt 0.378229 0.313780
vt 0.373828 0.332849
vt 0.386139 0.304598
vt 0.410891 0.304598
vt 0.792079 0.333333
vt 0.787129 0.316092
vt 0.792079 0.316092
vt 0.782178 0.316092
vt 0.777228 0.316092
vt 0.782178 0.287356
vt 0.777228 0.270115
vt 0.782178 0.270115
vt 0.792079 0.270115
vt 0.787129 0.287356
vt 0.787129 0.270115
vt 0.787129 0.293103
vt 0.777228 0.293103
vt 0.782178 0.293103
vt 0.787129 0.310345
vt 0.777228 0.310345
vt 0.782178 0.310345
vt 0.361386 0.293103
vt 0.257426 0.293103
vt 0.079208 0.643678
vt 0.514852 0.954023
vt 0.730327 0.264158
vt 0.720607 0.261134
vt 0.725118 0.241589
vt 0.723289 0.332629
vt 0.718326 0.326867
vt 0.726922 0.316888
vt 0.772277 0.287356
vt 0.772277 0.293103
vt 0.757426 0.287356
vt 0.762376 0.293103
vt 0.757426 0.293103
vt 0.737624 0.287356
vt 0.742574 0.293103
vt 0.737624 0.293103
vt 0.727723 0.287356
vt 0.732673 0.293103
vt 0.727723 0.293103
vt 0.752475 0.293103
vt 0.752475 0.287356
vt 0.767327 0.287356
vt 0.767327 0.293103
vt 0.732673 0.287356
vt 0.722772 0.287356
vt 0.722772 0.293103
vt 0.747525 0.293103
vt 0.747525 0.287356
vt 0.762376 0.287356
vt 0.717822 0.287356
vt 0.717822 0.293103
vt 0.742574 0.287356
vt 0.311881 0.235632
vt 0.282178 0.218391
vt 0.282178 0.235632
vt 0.311881 0.218391
vt 0.316832 0.212644
vt 0.316832 0.235632
vt 0.277228 0.235632
vt 0.277228 0.212644
vt 0.311881 0.212644
vt 0.282178 0.212644
vt 0.475248 0.494253
vt 0.039604 0.954023
vt 0.475248 1.000000
vt 1.000000 1.000000
vt 0.183168 0.494253
vt 0.178218 0.471264
vt 0.277228 0.471264
vt 0.277228 0.494253
vt 0.262376 0.488506
vt 0.217822 0.195402
vt 0.217822 0.333333
vt 0.336634 0.287356
vt 0.178218 0.149425
vt 0.673267 0.017241
vt 0.678218 0.022989
vt 0.673267 0.316092
vt 0.673267 0.005747
vt 0.688119 0.022989
vt 0.206663 0.493954
vt 0.204485 0.492494
vt 0.203228 0.489966
vt 0.204485 0.484518
vt 0.206663 0.483058
vt 0.209178 0.483058
vt 0.212614 0.487046
vt 0.212614 0.489966
vt 0.211356 0.492494
vt 0.797030 0.293103
vt 0.420792 0.304598
vt 0.206681 0.493878
vt 0.204533 0.492438
vt 0.203294 0.489945
vt 0.204533 0.484573
vt 0.206681 0.483134
vt 0.209161 0.483134
vt 0.212548 0.487066
vt 0.212548 0.489945
vt 0.211308 0.492438
vt 0.380771 0.318889
vt 0.380771 0.324789
vt 0.378229 0.329899
vt 0.368746 0.332849
vt 0.364345 0.329899
vt 0.361804 0.324789
vt 0.361804 0.318889
vt 0.364345 0.313780
vt 0.373828 0.310830
vt 0.787129 0.333333
vt 0.782178 0.333333
vt 0.777228 0.287356
vt 0.361386 0.333333
vt 0.718002 0.255897
vt 0.718002 0.249850
vt 0.720607 0.244613
vt 0.730327 0.241589
vt 0.737443 0.255897
vt 0.734839 0.244613
vt 0.737443 0.249850
vt 0.734839 0.261134
vt 0.725118 0.264158
vt 0.730069 0.318997
vt 0.731885 0.322650
vt 0.731885 0.326867
vt 0.730068 0.330520
vt 0.726922 0.332629
vt 0.720143 0.330520
vt 0.718326 0.322650
vt 0.720143 0.318997
vt 0.723289 0.316888
vt 0.237624 0.477012
vt 0.232673 0.482759
vt 0.232673 0.477012
vt 0.222772 0.477012
vt 0.217822 0.482759
vt 0.217822 0.477012
vt 0.207921 0.477012
vt 0.202970 0.482759
vt 0.202970 0.477012
vt 0.242574 0.477012
vt 0.237624 0.482759
vt 0.252475 0.477012
vt 0.247525 0.482759
vt 0.247525 0.477012
vt 0.227723 0.477012
vt 0.222772 0.482759
vt 0.212871 0.477012
vt 0.207921 0.482759
vt 0.242574 0.482759
vt 0.257426 0.477012
vt 0.252475 0.482759
vt 0.227723 0.482759
vt 0.212871 0.482759
vt 0.257426 0.482759
vt 0.351485 0.477012
vt 0.356436 0.482759
vt 0.351485 0.482759
vt 0.346535 0.471264
vt 0.341584 0.477012
vt 0.341584 0.471264
vt 0.336634 0.471264
vt 0.331683 0.477012
vt 0.331683 0.471264
vt 0.326733 0.471264
vt 0.321782 0.477012
vt 0.321782 0.471264
vt 0.351485 0.471264
vt 0.356436 0.477012
vt 0.346535 0.477012
vt 0.336634 0.477012
vt 0.326733 0.477012
vt 0.361386 0.471264
vt 0.356436 0.471264
vt 0.325412 0.483427
vt 0.331353 0.486876
vt 0.328382 0.493772
vt 0.346535 0.482759
vt 0.336634 0.482759
vt 0.331683 0.482759
vt 0.326733 0.482759
vt 0.361386 0.477012
vt 0.341584 0.482759
vt 0.321782 0.482759
vt 0.435644 0.477012
vt 0.430693 0.482759
vt 0.430693 0.477012
vt 0.425743 0.471264
vt 0.420792 0.477012
vt 0.420792 0.471264
vt 0.415842 0.471264
vt 0.410891 0.477012
vt 0.410891 0.471264
vt 0.405941 0.471264
vt 0.400990 0.477012
vt 0.400990 0.471264
vt 0.430693 0.471264
vt 0.425743 0.477012
vt 0.415842 0.477012
vt 0.405941 0.477012
vt 0.440594 0.471264
vt 0.435644 0.471264
vt 0.404620 0.483427
vt 0.410561 0.486876
vt 0.407590 0.493772
vt 0.425743 0.482759
vt 0.415842 0.482759
vt 0.410891 0.482759
vt 0.405941 0.482759
vt 0.440594 0.482759
vt 0.435644 0.482759
vt 0.420792 0.482759
vt 0.400990 0.482759
vt 0.366337 0.482759
vt 0.361386 0.482759
vt 0.376238 0.477012
vt 0.371287 0.482759
vt 0.371287 0.477012
vt 0.386139 0.477012
vt 0.381188 0.482759
vt 0.381188 0.477012
vt 0.396040 0.482759
vt 0.396040 0.477012
vt 0.366337 0.477012
vt 0.376238 0.482759
vt 0.391089 0.477012
vt 0.386139 0.482759
vt 0.365016 0.483427
vt 0.370957 0.486876
vt 0.367986 0.493772
vt 0.396040 0.471264
vt 0.371287 0.471264
vt 0.366337 0.471264
vt 0.381188 0.471264
vt 0.376238 0.471264
vt 0.386139 0.471264
vt 0.391089 0.471264
vt 0.391089 0.482759
vt 0.287129 0.477012
vt 0.282178 0.482759
vt 0.297030 0.477012
vt 0.292079 0.482759
vt 0.292079 0.477012
vt 0.301980 0.477012
vt 0.306931 0.482759
vt 0.301980 0.482759
vt 0.316832 0.477012
vt 0.316832 0.482759
vt 0.287129 0.482759
vt 0.297030 0.482759
vt 0.311881 0.477012
vt 0.306931 0.477012
vt 0.285808 0.483427
vt 0.291749 0.486876
vt 0.288779 0.493772
vt 0.316832 0.471264
vt 0.292079 0.471264
vt 0.287129 0.471264
vt 0.301980 0.471264
vt 0.297030 0.471264
vt 0.306931 0.471264
vt 0.311881 0.471264
vt 0.282178 0.471264
vt 0.311881 0.482759
vt 0.262376 0.482759
vt 0.420792 0.287356
vt 0.415842 0.293103
vt 0.415842 0.287356
vt 0.410891 0.264368
vt 0.405941 0.287356
vt 0.405941 0.264368
vt 0.386139 0.264368
vt 0.381188 0.287356
vt 0.381188 0.264368
vt 0.371287 0.264368
vt 0.366337 0.287356
vt 0.366337 0.264368
vt 0.400990 0.287356
vt 0.400990 0.264368
vt 0.415842 0.264368
vt 0.410891 0.287356
vt 0.391089 0.264368
vt 0.386139 0.287356
vt 0.376238 0.264368
vt 0.371287 0.287356
vt 0.420792 0.264368
vt 0.396040 0.264368
vt 0.391089 0.287356
vt 0.376238 0.287356
vt 0.361386 0.287356
vt 0.361386 0.264368
vt 0.396040 0.287356
vt 0.376238 0.293103
vt 0.371287 0.293103
vt 0.391089 0.293103
vt 0.400990 0.293103
vt 0.396040 0.293103
vt 0.405941 0.293103
vt 0.386139 0.293103
vt 0.381188 0.293103
vt 0.366337 0.293103
vt 0.410891 0.293103
vt 0.386139 0.310345
vt 0.227723 0.425287
vt 0.227723 0.442529
vt 0.198020 0.442529
vt 0.198020 0.425287
vt 0.371287 0.310345
vt 0.415842 0.310345
vt 0.391089 0.310345
vt 0.376238 0.310345
vt 0.361386 0.310345
vt 0.396040 0.310345
vt 0.405941 0.310345
vt 0.381188 0.310345
vt 0.366337 0.310345
vt 0.400990 0.310345
vt 0.410891 0.310345
vt 0.737624 0.264368
vt 0.732673 0.264368
vt 0.767327 0.264368
vt 0.757426 0.264368
vt 0.752475 0.264368
vt 0.727723 0.264368
vt 0.742574 0.264368
vt 0.772277 0.264368
vt 0.762376 0.264368
vt 0.717822 0.264368
vt 0.747525 0.264368
vt 0.722772 0.264368
vt 0.797030 0.316092
vt 0.752475 0.316092
vt 0.727723 0.316092
vt 0.737624 0.316092
vt 0.772277 0.316092
vt 0.757426 0.316092
vt 0.747525 0.316092
vt 0.742574 0.316092
vt 0.717822 0.316092
vt 0.762376 0.316092
vt 0.722772 0.316092
vt 0.732673 0.316092
vt 0.767327 0.316092
vt 0.440594 0.477012
vt 0.322442 0.490324
vt 0.322442 0.486876
vt 0.328382 0.483427
vt 0.331353 0.490324
vt 0.325412 0.493772
vt 0.401650 0.490324
vt 0.401650 0.486876
vt 0.407590 0.483427
vt 0.410561 0.490324
vt 0.404620 0.493772
vt 0.362046 0.490324
vt 0.362046 0.486876
vt 0.367986 0.483427
vt 0.370957 0.490324
vt 0.365016 0.493772
vt 0.282838 0.490324
vt 0.282838 0.486876
vt 0.288779 0.483427
vt 0.291749 0.490324
vt 0.285808 0.493772
vt 0.420792 0.293103
vt 0.420792 0.310345
vt 0.777228 0.264368
vt 0.797030 0.333333
s 1
usemtl Material
f 3/1/1 8/2/1 4/3/1
f 3/4/2 2/5/2 1/6/2
f 15/7/3 1/6/3 2/5/3
f 5/8/4 17/9/4 15/10/4
f 7/11/2 10/12/2 8/2/2
f 2208/13/3 2217/14/3 2205/15/3
f 11/16/2 14/17/2 12/18/2
f 11/19/5 7/20/5 3/21/5
f 8/22/4 12/23/4 4/6/4
f 13/24/6 5/25/6 14/17/6
f 15/26/7 18/27/7 16/28/7
f 6/29/2 19/30/2 5/25/2
f 17/31/6 20/32/6 18/27/6
f 11/16/5 3/4/5 6/33/5
f 2219/34/3 2211/35/3 2207/36/3
f 2217/14/3 2207/36/3 2205/15/3
f 9/37/6 12/23/6 10/12/6
f 30/38/8 34/39/8 33/40/8
f 28/41/6 25/42/6 26/43/6
f 28/41/9 21/44/9 23/45/9
f 26/43/10 22/46/10 21/47/10
f 25/42/11 24/48/11 22/49/11
f 27/38/8 23/39/8 24/40/8
f 32/42/11 33/48/11 35/49/11
f 31/43/10 35/46/10 36/47/10
f 29/41/9 36/44/9 34/45/9
f 29/41/6 32/42/6 31/43/6
f 44/41/6 41/42/6 42/43/6
f 39/45/9 42/43/9 37/44/9
f 42/43/10 38/46/10 37/47/10
f 41/42/11 40/48/11 38/49/11
f 43/38/8 39/39/8 40/40/8
f 46/38/8 50/39/8 49/40/8
f 48/42/11 49/48/11 51/49/11
f 47/43/10 51/46/10 52/47/10
f 50/45/9 47/43/9 52/44/9
f 45/41/6 48/42/6 47/43/6
f 54/38/8 58/39/8 57/40/8
f 56/42/11 57/48/11 59/49/11
f 55/43/10 59/46/10 60/47/10
f 58/45/9 55/43/9 60/44/9
f 53/41/6 56/42/6 55/43/6
f 209/50/6 211/51/6 210/52/6
f 85/53/12 212/54/12 82/55/12
f 82/56/13 209/50/13 208/57/13
f 83/58/14 211/51/14 85/59/14
f 197/50/6 199/51/6 198/52/6
f 64/53/12 200/54/12 61/55/12
f 61/56/13 197/50/13 196/57/13
f 62/58/14 199/51/14 64/59/14
f 196/60/15 198/52/15 62/61/15
f 243/62/15 67/63/15 251/64/15
f 251/65/14 68/66/14 252/67/14
f 250/59/13 66/68/13 243/58/13
f 252/69/12 69/70/12 250/71/12
f 66/68/6 68/66/6 67/63/6
f 73/72/6 71/73/6 72/74/6
f 133/75/12 70/76/12 131/77/12
f 131/78/13 73/72/13 124/79/13
f 132/80/14 71/73/14 133/81/14
f 124/82/15 72/74/15 132/83/15
f 77/84/15 79/85/15 75/86/15
f 75/79/14 80/87/14 74/78/14
f 76/88/13 78/89/13 77/90/13
f 74/91/12 81/92/12 76/93/12
f 78/89/6 80/87/6 79/85/6
f 208/60/15 210/52/15 83/61/15
f 227/62/15 88/63/15 235/64/15
f 235/65/14 89/66/14 236/67/14
f 234/59/13 87/68/13 227/58/13
f 236/69/12 90/70/12 234/71/12
f 87/68/6 89/66/6 88/63/6
f 94/72/6 92/73/6 93/74/6
f 156/75/12 91/76/12 154/77/12
f 154/78/13 94/72/13 117/79/13
f 155/80/14 92/73/14 156/81/14
f 117/82/15 93/74/15 155/83/15
f 102/84/15 104/85/15 96/86/15
f 96/79/14 105/87/14 95/78/14
f 97/88/13 103/89/13 102/90/13
f 95/91/12 106/92/12 97/93/12
f 103/89/6 105/87/6 104/85/6
f 114/94/6 112/95/6 113/96/6
f 149/97/12 111/98/12 116/99/12
f 116/67/13 114/94/13 115/65/13
f 148/100/14 112/95/14 149/101/14
f 121/94/6 119/95/6 120/96/6
f 126/97/12 118/98/12 123/99/12
f 123/67/13 121/94/13 122/65/13
f 125/100/14 119/95/14 126/101/14
f 122/102/15 120/96/15 125/103/15
f 101/104/15 128/105/15 99/106/15
f 99/90/14 129/107/14 98/88/14
f 100/101/13 127/108/13 101/100/13
f 98/109/12 130/110/12 100/111/12
f 127/108/6 129/107/6 128/105/6
f 138/112/6 136/113/6 137/114/6
f 167/115/12 135/116/12 165/117/12
f 165/118/13 138/112/13 164/119/13
f 166/120/14 136/113/14 167/121/14
f 164/122/15 137/114/15 166/123/15
f 143/124/15 145/125/15 140/126/15
f 140/119/14 146/127/14 139/118/14
f 142/81/13 144/128/13 143/80/13
f 139/129/12 147/130/12 142/131/12
f 144/128/6 146/127/6 145/125/6
f 115/102/15 113/96/15 148/103/15
f 110/104/15 151/105/15 108/106/15
f 108/90/14 152/107/14 107/88/14
f 109/101/13 150/108/13 110/100/13
f 107/109/12 153/110/12 109/111/12
f 150/108/6 152/107/6 151/105/6
f 161/112/6 159/113/6 160/114/6
f 178/115/12 158/116/12 176/117/12
f 176/118/13 161/112/13 175/119/13
f 177/120/14 159/113/14 178/121/14
f 175/122/15 160/114/15 177/123/15
f 170/124/15 172/125/15 163/126/15
f 163/119/14 173/127/14 162/118/14
f 169/81/13 171/128/13 170/80/13
f 162/129/12 174/130/12 169/131/12
f 171/128/6 173/127/6 172/125/6
f 182/132/6 180/133/6 181/134/6
f 203/135/12 179/136/12 201/137/12
f 201/121/13 182/132/13 183/120/13
f 202/138/14 180/133/14 203/139/14
f 187/132/6 185/133/6 186/134/6
f 191/135/12 184/136/12 189/137/12
f 189/121/13 187/132/13 188/120/13
f 190/138/14 185/133/14 191/139/14
f 188/140/15 186/134/15 190/141/15
f 141/142/15 193/143/15 65/144/15
f 65/145/14 194/146/14 63/147/14
f 134/139/13 192/148/13 141/138/13
f 63/149/12 195/150/12 134/151/12
f 192/148/6 194/146/6 193/143/6
f 183/140/15 181/134/15 202/141/15
f 168/142/15 205/143/15 86/144/15
f 86/145/14 206/146/14 84/147/14
f 157/139/13 204/148/13 168/138/13
f 84/149/12 207/150/12 157/151/12
f 204/148/6 206/146/6 205/143/6
f 224/152/6 222/153/6 223/154/6
f 229/155/12 221/156/12 226/157/12
f 226/158/13 224/152/13 225/159/13
f 228/160/14 222/153/14 229/161/14
f 225/162/15 223/154/15 228/163/15
f 216/164/15 231/165/15 214/166/15
f 214/57/14 232/167/14 213/56/14
f 215/161/13 230/168/13 216/160/13
f 213/169/12 233/170/12 215/171/12
f 230/168/6 232/167/6 231/165/6
f 240/152/6 238/153/6 239/154/6
f 245/155/12 237/156/12 242/157/12
f 242/158/13 240/152/13 241/159/13
f 244/160/14 238/153/14 245/161/14
f 241/162/15 239/154/15 244/163/15
f 220/164/15 247/165/15 218/166/15
f 218/57/14 248/167/14 217/56/14
f 219/161/13 246/168/13 220/160/13
f 217/169/12 249/170/12 219/171/12
f 246/168/6 248/167/6 247/165/6
f 264/172/6 262/173/6 263/174/6
f 268/175/12 261/176/12 266/177/12
f 266/178/13 264/172/13 265/179/13
f 267/180/14 262/173/14 268/181/14
f 265/182/15 263/174/15 267/183/15
f 260/184/15 270/185/15 258/186/15
f 258/159/14 271/187/14 257/158/14
f 259/181/13 269/188/13 260/180/13
f 257/189/12 272/190/12 259/191/12
f 269/188/6 271/187/6 270/185/6
f 276/172/6 274/173/6 275/174/6
f 280/175/12 273/176/12 278/177/12
f 278/178/13 276/172/13 277/179/13
f 279/180/14 274/173/14 280/181/14
f 277/182/15 275/174/15 279/183/15
f 256/184/15 282/185/15 254/186/15
f 254/159/14 283/187/14 253/158/14
f 255/181/13 281/188/13 256/180/13
f 253/189/12 284/190/12 255/191/12
f 281/188/6 283/187/6 282/185/6
f 288/188/6 286/187/6 287/185/6
f 300/189/12 285/190/12 298/191/12
f 298/181/13 288/188/13 297/180/13
f 299/159/14 286/187/14 300/158/14
f 297/184/15 287/185/15 299/186/15
f 292/182/15 294/174/15 290/183/15
f 290/180/14 295/173/14 289/181/14
f 291/178/13 293/172/13 292/179/13
f 289/175/12 296/176/12 291/177/12
f 293/172/6 295/173/6 294/174/6
f 307/168/6 305/167/6 306/165/6
f 320/169/12 304/170/12 318/171/12
f 318/161/13 307/168/13 317/160/13
f 319/57/14 305/167/14 320/56/14
f 317/164/15 306/165/15 319/166/15
f 312/162/15 314/154/15 309/163/15
f 309/160/14 315/153/14 308/161/14
f 311/158/13 313/152/13 312/159/13
f 308/155/12 316/156/12 311/157/12
f 313/152/6 315/153/6 314/154/6
f 329/148/6 327/146/6 328/143/6
f 394/149/12 326/150/12 355/151/12
f 355/139/13 329/148/13 348/138/13
f 392/145/14 327/146/14 394/147/14
f 348/142/15 328/143/15 392/144/15
f 333/140/15 335/134/15 331/141/15
f 331/138/14 336/133/14 330/139/14
f 332/121/13 334/132/13 333/120/13
f 330/135/12 337/136/12 332/137/12
f 334/132/6 336/133/6 335/134/6
f 345/128/6 343/127/6 344/125/6
f 350/129/12 342/130/12 347/131/12
f 347/81/13 345/128/13 346/80/13
f 349/119/14 343/127/14 350/118/14
f 346/124/15 344/125/15 349/126/15
f 341/122/15 352/114/15 339/123/15
f 339/120/14 353/113/14 338/121/14
f 340/118/13 351/112/13 341/119/13
f 338/115/12 354/116/12 340/117/12
f 351/112/6 353/113/6 352/114/6
f 362/108/6 360/107/6 361/105/6
f 375/109/12 359/110/12 373/111/12
f 373/101/13 362/108/13 372/100/13
f 374/90/14 360/107/14 375/88/14
f 372/104/15 361/105/15 374/106/15
f 367/102/15 369/96/15 364/103/15
f 364/100/14 370/95/14 363/101/14
f 366/67/13 368/94/13 367/65/13
f 363/97/12 371/98/12 366/99/12
f 368/94/6 370/95/6 369/96/6
f 379/89/6 377/87/6 378/85/6
f 383/91/12 376/92/12 381/93/12
f 381/88/13 379/89/13 380/90/13
f 382/79/14 377/87/14 383/78/14
f 380/84/15 378/85/15 382/86/15
f 365/82/15 385/74/15 357/83/15
f 357/80/14 386/73/14 356/81/14
f 358/78/13 384/72/13 365/79/13
f 356/75/12 387/76/12 358/77/12
f 384/72/6 386/73/6 385/74/6
f 391/68/6 389/66/6 390/63/6
f 301/69/12 388/70/12 303/71/12
f 303/59/13 391/68/13 310/58/13
f 302/65/14 389/66/14 301/67/14
f 310/62/15 390/63/15 302/64/15
f 325/60/15 323/52/15 395/61/15
f 395/58/14 322/51/14 393/59/14
f 396/56/13 324/50/13 325/57/13
f 393/53/12 321/54/12 396/55/12
f 324/50/6 322/51/6 323/52/6
f 469/50/6 471/51/6 470/52/6
f 400/53/12 472/54/12 397/55/12
f 397/56/13 469/50/13 468/57/13
f 398/58/14 471/51/14 400/59/14
f 468/60/15 470/52/15 398/61/15
f 483/62/15 403/63/15 491/64/15
f 491/65/14 404/66/14 492/67/14
f 490/59/13 402/68/13 483/58/13
f 492/69/12 405/70/12 490/71/12
f 402/68/6 404/66/6 403/63/6
f 409/72/6 407/73/6 408/74/6
f 437/75/12 406/76/12 435/77/12
f 435/78/13 409/72/13 428/79/13
f 436/80/14 407/73/14 437/81/14
f 428/82/15 408/74/15 436/83/15
f 413/84/15 415/85/15 411/86/15
f 411/79/14 416/87/14 410/78/14
f 412/88/13 414/89/13 413/90/13
f 410/91/12 417/92/12 412/93/12
f 414/89/6 416/87/6 415/85/6
f 425/94/6 423/95/6 424/96/6
f 430/97/12 422/98/12 427/99/12
f 427/67/13 425/94/13 426/65/13
f 429/100/14 423/95/14 430/101/14
f 426/102/15 424/96/15 429/103/15
f 421/104/15 432/105/15 419/106/15
f 419/90/14 433/107/14 418/88/14
f 420/101/13 431/108/13 421/100/13
f 418/109/12 434/110/12 420/111/12
f 431/108/6 433/107/6 432/105/6
f 442/112/6 440/113/6 441/114/6
f 455/115/12 439/116/12 453/117/12
f 453/118/13 442/112/13 452/119/13
f 454/120/14 440/113/14 455/121/14
f 452/122/15 441/114/15 454/123/15
f 447/124/15 449/125/15 444/126/15
f 444/119/14 450/127/14 443/118/14
f 446/81/13 448/128/13 447/80/13
f 443/129/12 451/130/12 446/131/12
f 448/128/6 450/127/6 449/125/6
f 459/132/6 457/133/6 458/134/6
f 463/135/12 456/136/12 461/137/12
f 461/121/13 459/132/13 460/120/13
f 462/138/14 457/133/14 463/139/14
f 460/140/15 458/134/15 462/141/15
f 445/142/15 465/143/15 401/144/15
f 401/145/14 466/146/14 399/147/14
f 438/139/13 464/148/13 445/138/13
f 399/149/12 467/150/12 438/151/12
f 464/148/6 466/146/6 465/143/6
f 480/152/6 478/153/6 479/154/6
f 485/155/12 477/156/12 482/157/12
f 482/158/13 480/152/13 481/159/13
f 484/160/14 478/153/14 485/161/14
f 481/162/15 479/154/15 484/163/15
f 476/164/15 487/165/15 474/166/15
f 474/57/14 488/167/14 473/56/14
f 475/161/13 486/168/13 476/160/13
f 473/169/12 489/170/12 475/171/12
f 486/168/6 488/167/6 487/165/6
f 500/172/6 498/173/6 499/174/6
f 504/175/12 497/176/12 502/177/12
f 502/178/13 500/172/13 501/179/13
f 503/180/14 498/173/14 504/181/14
f 501/182/15 499/174/15 503/183/15
f 496/184/15 506/185/15 494/186/15
f 494/159/14 507/187/14 493/158/14
f 495/181/13 505/188/13 496/180/13
f 493/189/12 508/190/12 495/191/12
f 505/188/6 507/187/6 506/185/6
f 512/188/6 510/187/6 511/185/6
f 524/189/12 509/190/12 522/191/12
f 522/181/13 512/188/13 521/180/13
f 523/159/14 510/187/14 524/158/14
f 521/184/15 511/185/15 523/186/15
f 516/182/15 518/174/15 514/183/15
f 514/180/14 519/173/14 513/181/14
f 515/178/13 517/172/13 516/179/13
f 513/175/12 520/176/12 515/177/12
f 517/172/6 519/173/6 518/174/6
f 531/168/6 529/167/6 530/165/6
f 544/169/12 528/170/12 542/171/12
f 542/161/13 531/168/13 541/160/13
f 543/57/14 529/167/14 544/56/14
f 541/164/15 530/165/15 543/166/15
f 536/162/15 538/154/15 533/163/15
f 533/160/14 539/153/14 532/161/14
f 535/158/13 537/152/13 536/159/13
f 532/155/12 540/156/12 535/157/12
f 537/152/6 539/153/6 538/154/6
f 553/148/6 551/146/6 552/143/6
f 618/149/12 550/150/12 579/151/12
f 579/139/13 553/148/13 572/138/13
f 616/145/14 551/146/14 618/147/14
f 572/142/15 552/143/15 616/144/15
f 557/140/15 559/134/15 555/141/15
f 555/138/14 560/133/14 554/139/14
f 556/121/13 558/132/13 557/120/13
f 554/135/12 561/136/12 556/137/12
f 558/132/6 560/133/6 559/134/6
f 569/128/6 567/127/6 568/125/6
f 574/129/12 566/130/12 571/131/12
f 571/81/13 569/128/13 570/80/13
f 573/119/14 567/127/14 574/118/14
f 570/124/15 568/125/15 573/126/15
f 565/122/15 576/114/15 563/123/15
f 563/120/14 577/113/14 562/121/14
f 564/118/13 575/112/13 565/119/13
f 562/115/12 578/116/12 564/117/12
f 575/112/6 577/113/6 576/114/6
f 586/108/6 584/107/6 585/105/6
f 599/109/12 583/110/12 597/111/12
f 597/101/13 586/108/13 596/100/13
f 598/90/14 584/107/14 599/88/14
f 596/104/15 585/105/15 598/106/15
f 591/102/15 593/96/15 588/103/15
f 588/100/14 594/95/14 587/101/14
f 590/67/13 592/94/13 591/65/13
f 587/97/12 595/98/12 590/99/12
f 592/94/6 594/95/6 593/96/6
f 603/89/6 601/87/6 602/85/6
f 607/91/12 600/92/12 605/93/12
f 605/88/13 603/89/13 604/90/13
f 606/79/14 601/87/14 607/78/14
f 604/84/15 602/85/15 606/86/15
f 589/82/15 609/74/15 581/83/15
f 581/80/14 610/73/14 580/81/14
f 582/78/13 608/72/13 589/79/13
f 580/75/12 611/76/12 582/77/12
f 608/72/6 610/73/6 609/74/6
f 615/68/6 613/66/6 614/63/6
f 525/69/12 612/70/12 527/71/12
f 527/59/13 615/68/13 534/58/13
f 526/65/14 613/66/14 525/67/14
f 534/62/15 614/63/15 526/64/15
f 549/60/15 547/52/15 619/61/15
f 619/58/14 546/51/14 617/59/14
f 620/56/13 548/50/13 549/57/13
f 617/53/12 545/54/12 620/55/12
f 548/50/6 546/51/6 547/52/6
f 693/50/6 695/51/6 694/52/6
f 624/53/12 696/54/12 621/55/12
f 621/56/13 693/50/13 692/57/13
f 622/58/14 695/51/14 624/59/14
f 692/60/15 694/52/15 622/61/15
f 707/62/15 627/63/15 715/64/15
f 715/65/14 628/66/14 716/67/14
f 714/59/13 626/68/13 707/58/13
f 716/69/12 629/70/12 714/71/12
f 626/68/6 628/66/6 627/63/6
f 633/72/6 631/73/6 632/74/6
f 661/75/12 630/76/12 659/77/12
f 659/78/13 633/72/13 652/79/13
f 660/80/14 631/73/14 661/81/14
f 652/82/15 632/74/15 660/83/15
f 637/84/15 639/85/15 635/86/15
f 635/79/14 640/87/14 634/78/14
f 636/88/13 638/89/13 637/90/13
f 634/91/12 641/92/12 636/93/12
f 638/89/6 640/87/6 639/85/6
f 649/94/6 647/95/6 648/96/6
f 654/97/12 646/98/12 651/99/12
f 651/67/13 649/94/13 650/65/13
f 653/100/14 647/95/14 654/101/14
f 650/102/15 648/96/15 653/103/15
f 645/104/15 656/105/15 643/106/15
f 643/90/14 657/107/14 642/88/14
f 644/101/13 655/108/13 645/100/13
f 642/109/12 658/110/12 644/111/12
f 655/108/6 657/107/6 656/105/6
f 666/112/6 664/113/6 665/114/6
f 679/115/12 663/116/12 677/117/12
f 677/118/13 666/112/13 676/119/13
f 678/120/14 664/113/14 679/121/14
f 676/122/15 665/114/15 678/123/15
f 671/124/15 673/125/15 668/126/15
f 668/119/14 674/127/14 667/118/14
f 670/81/13 672/128/13 671/80/13
f 667/129/12 675/130/12 670/131/12
f 672/128/6 674/127/6 673/125/6
f 683/132/6 681/133/6 682/134/6
f 687/135/12 680/136/12 685/137/12
f 685/121/13 683/132/13 684/120/13
f 686/138/14 681/133/14 687/139/14
f 684/140/15 682/134/15 686/141/15
f 669/142/15 689/143/15 625/144/15
f 625/145/14 690/146/14 623/147/14
f 662/139/13 688/148/13 669/138/13
f 623/149/12 691/150/12 662/151/12
f 688/148/6 690/146/6 689/143/6
f 704/152/6 702/153/6 703/154/6
f 709/155/12 701/156/12 706/157/12
f 706/158/13 704/152/13 705/159/13
f 708/160/14 702/153/14 709/161/14
f 705/162/15 703/154/15 708/163/15
f 700/164/15 711/165/15 698/166/15
f 698/57/14 712/167/14 697/56/14
f 699/161/13 710/168/13 700/160/13
f 697/169/12 713/170/12 699/171/12
f 710/168/6 712/167/6 711/165/6
f 724/172/6 722/173/6 723/174/6
f 728/175/12 721/176/12 726/177/12
f 726/178/13 724/172/13 725/179/13
f 727/180/14 722/173/14 728/181/14
f 725/182/15 723/174/15 727/183/15
f 720/184/15 730/185/15 718/186/15
f 718/159/14 731/187/14 717/158/14
f 719/181/13 729/188/13 720/180/13
f 717/189/12 732/190/12 719/191/12
f 729/188/6 731/187/6 730/185/6
f 736/188/6 734/187/6 735/185/6
f 748/189/12 733/190/12 746/191/12
f 746/181/13 736/188/13 745/180/13
f 747/159/14 734/187/14 748/158/14
f 745/184/15 735/185/15 747/186/15
f 740/182/15 742/174/15 738/183/15
f 738/180/14 743/173/14 737/181/14
f 739/178/13 741/172/13 740/179/13
f 737/175/12 744/176/12 739/177/12
f 741/172/6 743/173/6 742/174/6
f 755/168/6 753/167/6 754/165/6
f 768/169/12 752/170/12 766/171/12
f 766/161/13 755/168/13 765/160/13
f 767/57/14 753/167/14 768/56/14
f 765/164/15 754/165/15 767/166/15
f 760/162/15 762/154/15 757/163/15
f 757/160/14 763/153/14 756/161/14
f 759/158/13 761/152/13 760/159/13
f 756/155/12 764/156/12 759/157/12
f 761/152/6 763/153/6 762/154/6
f 777/148/6 775/146/6 776/143/6
f 842/149/12 774/150/12 803/151/12
f 803/139/13 777/148/13 796/138/13
f 840/145/14 775/146/14 842/147/14
f 796/142/15 776/143/15 840/144/15
f 781/140/15 783/134/15 779/141/15
f 779/138/14 784/133/14 778/139/14
f 780/121/13 782/132/13 781/120/13
f 778/135/12 785/136/12 780/137/12
f 782/132/6 784/133/6 783/134/6
f 793/128/6 791/127/6 792/125/6
f 798/129/12 790/130/12 795/131/12
f 795/81/13 793/128/13 794/80/13
f 797/119/14 791/127/14 798/118/14
f 794/124/15 792/125/15 797/126/15
f 789/122/15 800/114/15 787/123/15
f 787/120/14 801/113/14 786/121/14
f 788/118/13 799/112/13 789/119/13
f 786/115/12 802/116/12 788/117/12
f 799/112/6 801/113/6 800/114/6
f 810/108/6 808/107/6 809/105/6
f 823/109/12 807/110/12 821/111/12
f 821/101/13 810/108/13 820/100/13
f 822/90/14 808/107/14 823/88/14
f 820/104/15 809/105/15 822/106/15
f 815/102/15 817/96/15 812/103/15
f 812/100/14 818/95/14 811/101/14
f 814/67/13 816/94/13 815/65/13
f 811/97/12 819/98/12 814/99/12
f 816/94/6 818/95/6 817/96/6
f 827/89/6 825/87/6 826/85/6
f 831/91/12 824/92/12 829/93/12
f 829/88/13 827/89/13 828/90/13
f 830/79/14 825/87/14 831/78/14
f 828/84/15 826/85/15 830/86/15
f 813/82/15 833/74/15 805/83/15
f 805/80/14 834/73/14 804/81/14
f 806/78/13 832/72/13 813/79/13
f 804/75/12 835/76/12 806/77/12
f 832/72/6 834/73/6 833/74/6
f 839/68/6 837/66/6 838/63/6
f 749/69/12 836/70/12 751/71/12
f 751/59/13 839/68/13 758/58/13
f 750/65/14 837/66/14 749/67/14
f 758/62/15 838/63/15 750/64/15
f 773/60/15 771/52/15 843/61/15
f 843/58/14 770/51/14 841/59/14
f 844/56/13 772/50/13 773/57/13
f 841/53/12 769/54/12 844/55/12
f 772/50/6 770/51/6 771/52/6
f 848/188/6 846/187/6 847/185/6
f 860/189/12 845/190/12 858/191/12
f 858/181/13 848/188/13 857/180/13
f 859/159/14 846/187/14 860/158/14
f 857/184/15 847/185/15 859/186/15
f 852/182/15 854/174/15 850/183/15
f 850/180/14 855/173/14 849/181/14
f 851/178/13 853/172/13 852/179/13
f 849/175/12 856/176/12 851/177/12
f 853/172/6 855/173/6 854/174/6
f 867/168/6 865/167/6 866/165/6
f 880/169/12 864/170/12 878/171/12
f 878/161/13 867/168/13 877/160/13
f 879/57/14 865/167/14 880/56/14
f 877/164/15 866/165/15 879/166/15
f 872/162/15 874/154/15 869/163/15
f 869/160/14 875/153/14 868/161/14
f 871/158/13 873/152/13 872/159/13
f 868/155/12 876/156/12 871/157/12
f 873/152/6 875/153/6 874/154/6
f 889/148/6 887/146/6 888/143/6
f 954/149/12 886/150/12 915/151/12
f 915/139/13 889/148/13 908/138/13
f 952/145/14 887/146/14 954/147/14
f 908/142/15 888/143/15 952/144/15
f 893/140/15 895/134/15 891/141/15
f 891/138/14 896/133/14 890/139/14
f 892/121/13 894/132/13 893/120/13
f 890/135/12 897/136/12 892/137/12
f 894/132/6 896/133/6 895/134/6
f 905/128/6 903/127/6 904/125/6
f 910/129/12 902/130/12 907/131/12
f 907/81/13 905/128/13 906/80/13
f 909/119/14 903/127/14 910/118/14
f 906/124/15 904/125/15 909/126/15
f 901/122/15 912/114/15 899/123/15
f 899/120/14 913/113/14 898/121/14
f 900/118/13 911/112/13 901/119/13
f 898/115/12 914/116/12 900/117/12
f 911/112/6 913/113/6 912/114/6
f 922/108/6 920/107/6 921/105/6
f 935/109/12 919/110/12 933/111/12
f 933/101/13 922/108/13 932/100/13
f 934/90/14 920/107/14 935/88/14
f 932/104/15 921/105/15 934/106/15
f 927/102/15 929/96/15 924/103/15
f 924/100/14 930/95/14 923/101/14
f 926/67/13 928/94/13 927/65/13
f 923/97/12 931/98/12 926/99/12
f 928/94/6 930/95/6 929/96/6
f 939/89/6 937/87/6 938/85/6
f 943/91/12 936/92/12 941/93/12
f 941/88/13 939/89/13 940/90/13
f 942/79/14 937/87/14 943/78/14
f 940/84/15 938/85/15 942/86/15
f 925/82/15 945/74/15 917/83/15
f 917/80/14 946/73/14 916/81/14
f 918/78/13 944/72/13 925/79/13
f 916/75/12 947/76/12 918/77/12
f 944/72/6 946/73/6 945/74/6
f 951/68/6 949/66/6 950/63/6
f 861/69/12 948/70/12 863/71/12
f 863/59/13 951/68/13 870/58/13
f 862/65/14 949/66/14 861/67/14
f 870/62/15 950/63/15 862/64/15
f 885/60/15 883/52/15 955/61/15
f 955/58/14 882/51/14 953/59/14
f 956/56/13 884/50/13 885/57/13
f 953/53/12 881/54/12 956/55/12
f 884/50/6 882/51/6 883/52/6
f 1029/50/6 1031/51/6 1030/52/6
f 960/53/12 1032/54/12 957/55/12
f 957/56/13 1029/50/13 1028/57/13
f 958/58/14 1031/51/14 960/59/14
f 1028/60/15 1030/52/15 958/61/15
f 1043/62/15 963/63/15 1051/64/15
f 1051/65/14 964/66/14 1052/67/14
f 1050/59/13 962/68/13 1043/58/13
f 1052/69/12 965/70/12 1050/71/12
f 962/68/6 964/66/6 963/63/6
f 969/72/6 967/73/6 968/74/6
f 997/75/12 966/76/12 995/77/12
f 995/78/13 969/72/13 988/79/13
f 996/80/14 967/73/14 997/81/14
f 988/82/15 968/74/15 996/83/15
f 973/84/15 975/85/15 971/86/15
f 971/79/14 976/87/14 970/78/14
f 972/88/13 974/89/13 973/90/13
f 970/91/12 977/92/12 972/93/12
f 974/89/6 976/87/6 975/85/6
f 985/94/6 983/95/6 984/96/6
f 990/97/12 982/98/12 987/99/12
f 987/67/13 985/94/13 986/65/13
f 989/100/14 983/95/14 990/101/14
f 986/102/16 984/96/16 989/103/16
f 981/104/15 992/105/15 979/106/15
f 979/90/14 993/107/14 978/88/14
f 980/101/13 991/108/13 981/100/13
f 978/109/12 994/110/12 980/111/12
f 991/108/6 993/107/6 992/105/6
f 1002/112/6 1000/113/6 1001/114/6
f 1015/115/12 999/116/12 1013/117/12
f 1013/118/13 1002/112/13 1012/119/13
f 1014/120/14 1000/113/14 1015/121/14
f 1012/122/15 1001/114/15 1014/123/15
f 1007/124/16 1009/125/16 1004/126/16
f 1004/119/14 1010/127/14 1003/118/14
f 1006/81/13 1008/128/13 1007/80/13
f 1003/129/12 1011/130/12 1006/131/12
f 1008/128/6 1010/127/6 1009/125/6
f 1019/132/6 1017/133/6 1018/134/6
f 1023/135/12 1016/136/12 1021/137/12
f 1021/121/13 1019/132/13 1020/120/13
f 1022/138/14 1017/133/14 1023/139/14
f 1020/140/15 1018/134/15 1022/141/15
f 1005/142/15 1025/143/15 961/144/15
f 961/145/14 1026/146/14 959/147/14
f 998/139/13 1024/148/13 1005/138/13
f 959/149/12 1027/150/12 998/151/12
f 1024/148/6 1026/146/6 1025/143/6
f 1040/152/6 1038/153/6 1039/154/6
f 1045/155/12 1037/156/12 1042/157/12
f 1042/158/13 1040/152/13 1041/159/13
f 1044/160/14 1038/153/14 1045/161/14
f 1041/162/15 1039/154/15 1044/163/15
f 1036/164/15 1047/165/15 1034/166/15
f 1034/57/14 1048/167/14 1033/56/14
f 1035/161/13 1046/168/13 1036/160/13
f 1033/169/12 1049/170/12 1035/171/12
f 1046/168/6 1048/167/6 1047/165/6
f 1060/172/6 1058/173/6 1059/174/6
f 1064/175/12 1057/176/12 1062/177/12
f 1062/178/13 1060/172/13 1061/179/13
f 1063/180/14 1058/173/14 1064/181/14
f 1061/182/15 1059/174/15 1063/183/15
f 1056/184/15 1066/185/15 1054/186/15
f 1054/159/14 1067/187/14 1053/158/14
f 1055/181/13 1065/188/13 1056/180/13
f 1053/189/12 1068/190/12 1055/191/12
f 1065/188/6 1067/187/6 1066/185/6
f 1141/50/6 1143/51/6 1142/52/6
f 1072/53/12 1144/54/12 1069/55/12
f 1069/56/13 1141/50/13 1140/57/13
f 1070/58/14 1143/51/14 1072/59/14
f 1140/60/15 1142/52/15 1070/61/15
f 1155/62/16 1075/63/16 1163/64/16
f 1163/65/14 1076/66/14 1164/67/14
f 1162/59/13 1074/68/13 1155/58/13
f 1164/69/12 1077/70/12 1162/71/12
f 1074/68/6 1076/66/6 1075/63/6
f 1081/72/6 1079/73/6 1080/74/6
f 1109/75/12 1078/76/12 1107/77/12
f 1107/78/13 1081/72/13 1100/79/13
f 1108/80/14 1079/73/14 1109/81/14
f 1100/82/15 1080/74/15 1108/83/15
f 1085/84/16 1087/85/16 1083/86/16
f 1083/79/14 1088/87/14 1082/78/14
f 1084/88/13 1086/89/13 1085/90/13
f 1082/91/12 1089/92/12 1084/93/12
f 1086/89/6 1088/87/6 1087/85/6
f 1097/94/6 1095/95/6 1096/96/6
f 1102/97/12 1094/98/12 1099/99/12
f 1099/67/13 1097/94/13 1098/65/13
f 1101/100/14 1095/95/14 1102/101/14
f 1098/102/15 1096/96/15 1101/103/15
f 1093/104/15 1104/105/15 1091/106/15
f 1091/90/14 1105/107/14 1090/88/14
f 1092/101/13 1103/108/13 1093/100/13
f 1090/109/12 1106/110/12 1092/111/12
f 1103/108/6 1105/107/6 1104/105/6
f 1114/112/6 1112/113/6 1113/114/6
f 1127/115/12 1111/116/12 1125/117/12
f 1125/118/13 1114/112/13 1124/119/13
f 1126/120/14 1112/113/14 1127/121/14
f 1124/122/15 1113/114/15 1126/123/15
f 1119/124/16 1121/125/16 1116/126/16
f 1116/119/14 1122/127/14 1115/118/14
f 1118/81/13 1120/128/13 1119/80/13
f 1115/129/12 1123/130/12 1118/131/12
f 1120/128/6 1122/127/6 1121/125/6
f 1131/132/6 1129/133/6 1130/134/6
f 1135/135/12 1128/136/12 1133/137/12
f 1133/121/13 1131/132/13 1132/120/13
f 1134/138/14 1129/133/14 1135/139/14
f 1132/140/15 1130/134/15 1134/141/15
f 1117/142/15 1137/143/15 1073/144/15
f 1073/145/14 1138/146/14 1071/147/14
f 1110/139/13 1136/148/13 1117/138/13
f 1071/149/12 1139/150/12 1110/151/12
f 1136/148/6 1138/146/6 1137/143/6
f 1152/152/6 1150/153/6 1151/154/6
f 1157/155/12 1149/156/12 1154/157/12
f 1154/158/13 1152/152/13 1153/159/13
f 1156/160/14 1150/153/14 1157/161/14
f 1153/162/15 1151/154/15 1156/163/15
f 1148/164/15 1159/165/15 1146/166/15
f 1146/57/14 1160/167/14 1145/56/14
f 1147/161/13 1158/168/13 1148/160/13
f 1145/169/12 1161/170/12 1147/171/12
f 1158/168/6 1160/167/6 1159/165/6
f 1172/172/6 1170/173/6 1171/174/6
f 1176/175/12 1169/176/12 1174/177/12
f 1174/178/13 1172/172/13 1173/179/13
f 1175/180/14 1170/173/14 1176/181/14
f 1173/182/15 1171/174/15 1175/183/15
f 1168/184/15 1178/185/15 1166/186/15
f 1166/159/14 1179/187/14 1165/158/14
f 1167/181/13 1177/188/13 1168/180/13
f 1165/189/12 1180/190/12 1167/191/12
f 1177/188/6 1179/187/6 1178/185/6
f 1184/188/6 1182/187/6 1183/185/6
f 1196/189/12 1181/190/12 1194/191/12
f 1194/181/13 1184/188/13 1193/180/13
f 1195/159/14 1182/187/14 1196/158/14
f 1193/184/15 1183/185/15 1195/186/15
f 1188/182/15 1190/174/15 1186/183/15
f 1186/180/14 1191/173/14 1185/181/14
f 1187/178/13 1189/172/13 1188/179/13
f 1185/175/12 1192/176/12 1187/177/12
f 1189/172/6 1191/173/6 1190/174/6
f 1203/168/6 1201/167/6 1202/165/6
f 1216/169/12 1200/170/12 1214/171/12
f 1214/161/13 1203/168/13 1213/160/13
f 1215/57/14 1201/167/14 1216/56/14
f 1213/164/15 1202/165/15 1215/166/15
f 1208/162/16 1210/154/16 1205/163/16
f 1205/160/14 1211/153/14 1204/161/14
f 1207/158/13 1209/152/13 1208/159/13
f 1204/155/12 1212/156/12 1207/157/12
f 1209/152/6 1211/153/6 1210/154/6
f 1225/148/6 1223/146/6 1224/143/6
f 1290/149/12 1222/150/12 1251/151/12
f 1251/139/13 1225/148/13 1244/138/13
f 1288/145/14 1223/146/14 1290/147/14
f 1244/142/15 1224/143/15 1288/144/15
f 1229/140/15 1231/134/15 1227/141/15
f 1227/138/14 1232/133/14 1226/139/14
f 1228/121/13 1230/132/13 1229/120/13
f 1226/135/12 1233/136/12 1228/137/12
f 1230/132/6 1232/133/6 1231/134/6
f 1241/128/6 1239/127/6 1240/125/6
f 1246/129/12 1238/130/12 1243/131/12
f 1243/81/13 1241/128/13 1242/80/13
f 1245/119/14 1239/127/14 1246/118/14
f 1242/124/15 1240/125/15 1245/126/15
f 1237/122/15 1248/114/15 1235/123/15
f 1235/120/14 1249/113/14 1234/121/14
f 1236/118/13 1247/112/13 1237/119/13
f 1234/115/12 1250/116/12 1236/117/12
f 1247/112/6 1249/113/6 1248/114/6
f 1258/108/6 1256/107/6 1257/105/6
f 1271/109/12 1255/110/12 1269/111/12
f 1269/101/13 1258/108/13 1268/100/13
f 1270/90/14 1256/107/14 1271/88/14
f 1268/104/16 1257/105/16 1270/106/16
f 1263/102/16 1265/96/16 1260/103/16
f 1260/100/14 1266/95/14 1259/101/14
f 1262/67/13 1264/94/13 1263/65/13
f 1259/97/12 1267/98/12 1262/99/12
f 1264/94/6 1266/95/6 1265/96/6
f 1275/89/6 1273/87/6 1274/85/6
f 1279/91/12 1272/92/12 1277/93/12
f 1277/88/13 1275/89/13 1276/90/13
f 1278/79/14 1273/87/14 1279/78/14
f 1276/84/15 1274/85/15 1278/86/15
f 1261/82/15 1281/74/15 1253/83/15
f 1253/80/14 1282/73/14 1252/81/14
f 1254/78/13 1280/72/13 1261/79/13
f 1252/75/12 1283/76/12 1254/77/12
f 1280/72/6 1282/73/6 1281/74/6
f 1287/68/6 1285/66/6 1286/63/6
f 1197/69/12 1284/70/12 1199/71/12
f 1199/59/13 1287/68/13 1206/58/13
f 1198/65/14 1285/66/14 1197/67/14
f 1206/62/15 1286/63/15 1198/64/15
f 1221/60/15 1219/52/15 1291/61/15
f 1291/58/14 1218/51/14 1289/59/14
f 1292/56/13 1220/50/13 1221/57/13
f 1289/53/12 1217/54/12 1292/55/12
f 1220/50/6 1218/51/6 1219/52/6
f 1365/50/6 1367/51/6 1366/52/6
f 1296/53/12 1368/54/12 1293/55/12
f 1293/56/13 1365/50/13 1364/57/13
f 1294/58/14 1367/51/14 1296/59/14
f 1364/60/15 1366/52/15 1294/61/15
f 1379/62/15 1299/63/15 1387/64/15
f 1387/65/14 1300/66/14 1388/67/14
f 1386/59/13 1298/68/13 1379/58/13
f 1388/69/12 1301/70/12 1386/71/12
f 1298/68/6 1300/66/6 1299/63/6
f 1305/72/6 1303/73/6 1304/74/6
f 1333/75/12 1302/76/12 1331/77/12
f 1331/78/13 1305/72/13 1324/79/13
f 1332/80/14 1303/73/14 1333/81/14
f 1324/82/15 1304/74/15 1332/83/15
f 1309/84/15 1311/85/15 1307/86/15
f 1307/79/14 1312/87/14 1306/78/14
f 1308/88/13 1310/89/13 1309/90/13
f 1306/91/12 1313/92/12 1308/93/12
f 1310/89/6 1312/87/6 1311/85/6
f 1321/94/6 1319/95/6 1320/96/6
f 1326/97/12 1318/98/12 1323/99/12
f 1323/67/13 1321/94/13 1322/65/13
f 1325/100/14 1319/95/14 1326/101/14
f 1322/102/16 1320/96/16 1325/103/16
f 1317/104/16 1328/105/16 1315/106/16
f 1315/90/14 1329/107/14 1314/88/14
f 1316/101/13 1327/108/13 1317/100/13
f 1314/109/12 1330/110/12 1316/111/12
f 1327/108/6 1329/107/6 1328/105/6
f 1338/112/6 1336/113/6 1337/114/6
f 1351/115/12 1335/116/12 1349/117/12
f 1349/118/13 1338/112/13 1348/119/13
f 1350/120/14 1336/113/14 1351/121/14
f 1348/122/15 1337/114/15 1350/123/15
f 1343/124/15 1345/125/15 1340/126/15
f 1340/119/14 1346/127/14 1339/118/14
f 1342/81/13 1344/128/13 1343/80/13
f 1339/129/12 1347/130/12 1342/131/12
f 1344/128/6 1346/127/6 1345/125/6
f 1355/132/6 1353/133/6 1354/134/6
f 1359/135/12 1352/136/12 1357/137/12
f 1357/121/13 1355/132/13 1356/120/13
f 1358/138/14 1353/133/14 1359/139/14
f 1356/140/15 1354/134/15 1358/141/15
f 1341/142/15 1361/143/15 1297/144/15
f 1297/145/14 1362/146/14 1295/147/14
f 1334/139/13 1360/148/13 1341/138/13
f 1295/149/12 1363/150/12 1334/151/12
f 1360/148/6 1362/146/6 1361/143/6
f 1376/152/6 1374/153/6 1375/154/6
f 1381/155/12 1373/156/12 1378/157/12
f 1378/158/13 1376/152/13 1377/159/13
f 1380/160/14 1374/153/14 1381/161/14
f 1377/162/15 1375/154/15 1380/163/15
f 1372/164/15 1383/165/15 1370/166/15
f 1370/57/14 1384/167/14 1369/56/14
f 1371/161/13 1382/168/13 1372/160/13
f 1369/169/12 1385/170/12 1371/171/12
f 1382/168/6 1384/167/6 1383/165/6
f 1396/172/6 1394/173/6 1395/174/6
f 1400/175/12 1393/176/12 1398/177/12
f 1398/178/13 1396/172/13 1397/179/13
f 1399/180/14 1394/173/14 1400/181/14
f 1397/182/15 1395/174/15 1399/183/15
f 1392/184/15 1402/185/15 1390/186/15
f 1390/159/14 1403/187/14 1389/158/14
f 1391/181/13 1401/188/13 1392/180/13
f 1389/189/12 1404/190/12 1391/191/12
f 1401/188/6 1403/187/6 1402/185/6
f 1408/188/6 1406/187/6 1407/185/6
f 1420/189/12 1405/190/12 1418/191/12
f 1418/181/13 1408/188/13 1417/180/13
f 1419/159/14 1406/187/14 1420/158/14
f 1417/184/15 1407/185/15 1419/186/15
f 1412/182/15 1414/174/15 1410/183/15
f 1410/180/14 1415/173/14 1409/181/14
f 1411/178/13 1413/172/13 1412/179/13
f 1409/175/12 1416/176/12 1411/177/12
f 1413/172/6 1415/173/6 1414/174/6
f 1427/168/6 1425/167/6 1426/165/6
f 1440/169/12 1424/170/12 1438/171/12
f 1438/161/13 1427/168/13 1437/160/13
f 1439/57/14 1425/167/14 1440/56/14
f 1437/164/15 1426/165/15 1439/166/15
f 1432/162/15 1434/154/15 1429/163/15
f 1429/160/14 1435/153/14 1428/161/14
f 1431/158/13 1433/152/13 1432/159/13
f 1428/155/12 1436/156/12 1431/157/12
f 1433/152/6 1435/153/6 1434/154/6
f 1449/148/6 1447/146/6 1448/143/6
f 1514/149/12 1446/150/12 1475/151/12
f 1475/139/13 1449/148/13 1468/138/13
f 1512/145/14 1447/146/14 1514/147/14
f 1468/142/15 1448/143/15 1512/144/15
f 1453/140/15 1455/134/15 1451/141/15
f 1451/138/14 1456/133/14 1450/139/14
f 1452/121/13 1454/132/13 1453/120/13
f 1450/135/12 1457/136/12 1452/137/12
f 1454/132/6 1456/133/6 1455/134/6
f 1465/128/6 1463/127/6 1464/125/6
f 1470/129/12 1462/130/12 1467/131/12
f 1467/81/13 1465/128/13 1466/80/13
f 1469/119/14 1463/127/14 1470/118/14
f 1466/124/15 1464/125/15 1469/126/15
f 1461/122/15 1472/114/15 1459/123/15
f 1459/120/14 1473/113/14 1458/121/14
f 1460/118/13 1471/112/13 1461/119/13
f 1458/115/12 1474/116/12 1460/117/12
f 1471/112/6 1473/113/6 1472/114/6
f 1482/108/6 1480/107/6 1481/105/6
f 1495/109/12 1479/110/12 1493/111/12
f 1493/101/13 1482/108/13 1492/100/13
f 1494/90/14 1480/107/14 1495/88/14
f 1492/104/15 1481/105/15 1494/106/15
f 1487/102/16 1489/96/16 1484/103/16
f 1484/100/14 1490/95/14 1483/101/14
f 1486/67/13 1488/94/13 1487/65/13
f 1483/97/12 1491/98/12 1486/99/12
f 1488/94/6 1490/95/6 1489/96/6
f 1499/89/6 1497/87/6 1498/85/6
f 1503/91/12 1496/92/12 1501/93/12
f 1501/88/13 1499/89/13 1500/90/13
f 1502/79/14 1497/87/14 1503/78/14
f 1500/84/15 1498/85/15 1502/86/15
f 1485/82/15 1505/74/15 1477/83/15
f 1477/80/14 1506/73/14 1476/81/14
f 1478/78/13 1504/72/13 1485/79/13
f 1476/75/12 1507/76/12 1478/77/12
f 1504/72/6 1506/73/6 1505/74/6
f 1511/68/6 1509/66/6 1510/63/6
f 1421/69/12 1508/70/12 1423/71/12
f 1423/59/13 1511/68/13 1430/58/13
f 1422/65/14 1509/66/14 1421/67/14
f 1430/62/15 1510/63/15 1422/64/15
f 1445/60/15 1443/52/15 1515/61/15
f 1515/58/14 1442/51/14 1513/59/14
f 1516/56/13 1444/50/13 1445/57/13
f 1513/53/12 1441/54/12 1516/55/12
f 1444/50/6 1442/51/6 1443/52/6
f 1589/50/6 1591/51/6 1590/52/6
f 1520/53/12 1592/54/12 1517/55/12
f 1517/56/13 1589/50/13 1588/57/13
f 1518/58/14 1591/51/14 1520/59/14
f 1588/60/15 1590/52/15 1518/61/15
f 1603/62/15 1523/63/15 1611/64/15
f 1611/65/14 1524/66/14 1612/67/14
f 1610/59/13 1522/68/13 1603/58/13
f 1612/69/12 1525/70/12 1610/71/12
f 1522/68/6 1524/66/6 1523/63/6
f 1529/72/6 1527/73/6 1528/74/6
f 1557/75/12 1526/76/12 1555/77/12
f 1555/78/13 1529/72/13 1548/79/13
f 1556/80/14 1527/73/14 1557/81/14
f 1548/82/15 1528/74/15 1556/83/15
f 1533/84/15 1535/85/15 1531/86/15
f 1531/79/14 1536/87/14 1530/78/14
f 1532/88/13 1534/89/13 1533/90/13
f 1530/91/12 1537/92/12 1532/93/12
f 1534/89/6 1536/87/6 1535/85/6
f 1545/94/6 1543/95/6 1544/96/6
f 1550/97/12 1542/98/12 1547/99/12
f 1547/67/13 1545/94/13 1546/65/13
f 1549/100/14 1543/95/14 1550/101/14
f 1546/102/16 1544/96/16 1549/103/16
f 1541/104/15 1552/105/15 1539/106/15
f 1539/90/14 1553/107/14 1538/88/14
f 1540/101/13 1551/108/13 1541/100/13
f 1538/109/12 1554/110/12 1540/111/12
f 1551/108/6 1553/107/6 1552/105/6
f 1562/112/6 1560/113/6 1561/114/6
f 1575/115/12 1559/116/12 1573/117/12
f 1573/118/13 1562/112/13 1572/119/13
f 1574/120/14 1560/113/14 1575/121/14
f 1572/122/15 1561/114/15 1574/123/15
f 1567/124/15 1569/125/15 1564/126/15
f 1564/119/14 1570/127/14 1563/118/14
f 1566/81/13 1568/128/13 1567/80/13
f 1563/129/12 1571/130/12 1566/131/12
f 1568/128/6 1570/127/6 1569/125/6
f 1579/132/6 1577/133/6 1578/134/6
f 1583/135/12 1576/136/12 1581/137/12
f 1581/121/13 1579/132/13 1580/120/13
f 1582/138/14 1577/133/14 1583/139/14
f 1580/140/15 1578/134/15 1582/141/15
f 1565/142/15 1585/143/15 1521/144/15
f 1521/145/14 1586/146/14 1519/147/14
f 1558/139/13 1584/148/13 1565/138/13
f 1519/149/12 1587/150/12 1558/151/12
f 1584/148/6 1586/146/6 1585/143/6
f 1600/152/6 1598/153/6 1599/154/6
f 1605/155/12 1597/156/12 1602/157/12
f 1602/158/13 1600/152/13 1601/159/13
f 1604/160/14 1598/153/14 1605/161/14
f 1601/162/16 1599/154/16 1604/163/16
f 1596/164/15 1607/165/15 1594/166/15
f 1594/57/14 1608/167/14 1593/56/14
f 1595/161/13 1606/168/13 1596/160/13
f 1593/169/12 1609/170/12 1595/171/12
f 1606/168/6 1608/167/6 1607/165/6
f 1620/172/6 1618/173/6 1619/174/6
f 1624/175/12 1617/176/12 1622/177/12
f 1622/178/13 1620/172/13 1621/179/13
f 1623/180/14 1618/173/14 1624/181/14
f 1621/182/15 1619/174/15 1623/183/15
f 1616/184/15 1626/185/15 1614/186/15
f 1614/159/14 1627/187/14 1613/158/14
f 1615/181/13 1625/188/13 1616/180/13
f 1613/189/12 1628/190/12 1615/191/12
f 1625/188/6 1627/187/6 1626/185/6
f 1632/188/6 1630/187/6 1631/185/6
f 1660/189/12 1629/190/12 1658/191/12
f 1658/181/13 1632/188/13 1657/180/13
f 1659/159/14 1630/187/14 1660/158/14
f 1657/184/15 1631/185/15 1659/186/15
f 1636/182/15 1638/174/15 1634/183/15
f 1634/180/14 1639/173/14 1633/181/14
f 1635/178/13 1637/172/13 1636/179/13
f 1633/175/12 1640/176/12 1635/177/12
f 1637/172/6 1639/173/6 1638/174/6
f 1644/188/6 1642/187/6 1643/185/6
f 1656/189/12 1641/190/12 1654/191/12
f 1654/181/13 1644/188/13 1653/180/13
f 1655/159/14 1642/187/14 1656/158/14
f 1653/184/15 1643/185/15 1655/186/15
f 1648/182/15 1650/174/15 1646/183/15
f 1646/180/14 1651/173/14 1645/181/14
f 1647/178/13 1649/172/13 1648/179/13
f 1645/175/12 1652/176/12 1647/177/12
f 1649/172/6 1651/173/6 1650/174/6
f 1667/168/6 1665/167/6 1666/165/6
f 1696/169/12 1664/170/12 1694/171/12
f 1694/161/13 1667/168/13 1693/160/13
f 1695/57/14 1665/167/14 1696/56/14
f 1693/164/15 1666/165/15 1695/166/15
f 1672/162/15 1674/154/15 1669/163/15
f 1669/160/14 1675/153/14 1668/161/14
f 1671/158/13 1673/152/13 1672/159/13
f 1668/155/12 1676/156/12 1671/157/12
f 1673/152/6 1675/153/6 1674/154/6
f 1683/168/6 1681/167/6 1682/165/6
f 1700/169/12 1680/170/12 1698/171/12
f 1698/161/13 1683/168/13 1697/160/13
f 1699/57/14 1681/167/14 1700/56/14
f 1697/164/15 1682/165/15 1699/166/15
f 1688/162/16 1690/154/16 1685/163/16
f 1685/160/14 1691/153/14 1684/161/14
f 1687/158/13 1689/152/13 1688/159/13
f 1684/155/12 1692/156/12 1687/157/12
f 1689/152/6 1691/153/6 1690/154/6
f 1709/148/6 1707/146/6 1708/143/6
f 1829/149/12 1706/150/12 1756/151/12
f 1756/139/13 1709/148/13 1745/138/13
f 1827/145/14 1707/146/14 1829/147/14
f 1745/142/15 1708/143/15 1827/144/15
f 1730/140/15 1732/134/15 1711/141/15
f 1721/148/6 1719/146/6 1720/143/6
f 1850/149/12 1718/150/12 1779/151/12
f 1779/139/13 1721/148/13 1772/138/13
f 1848/145/14 1719/146/14 1850/147/14
f 1772/142/15 1720/143/15 1848/144/15
f 1725/140/15 1727/134/15 1723/141/15
f 1723/138/14 1728/133/14 1722/139/14
f 1724/121/13 1726/132/13 1725/120/13
f 1722/135/12 1729/136/12 1724/137/12
f 1726/132/6 1728/133/6 1727/134/6
f 1711/138/14 1733/133/14 1710/139/14
f 1712/121/13 1731/132/13 1730/120/13
f 1710/135/12 1734/136/12 1712/137/12
f 1731/132/6 1733/133/6 1732/134/6
f 1742/128/6 1740/127/6 1741/125/6
f 1751/129/12 1739/130/12 1744/131/12
f 1744/81/13 1742/128/13 1743/80/13
f 1750/119/14 1740/127/14 1751/118/14
f 1743/124/15 1741/125/15 1750/126/15
f 1738/122/15 1753/114/15 1736/123/15
f 1736/120/14 1754/113/14 1735/121/14
f 1737/118/13 1752/112/13 1738/119/13
f 1735/115/12 1755/116/12 1737/117/12
f 1752/112/6 1754/113/6 1753/114/6
f 1763/108/6 1761/107/6 1762/105/6
f 1806/109/12 1760/110/12 1804/111/12
f 1804/101/13 1763/108/13 1803/100/13
f 1805/90/14 1761/107/14 1806/88/14
f 1803/104/16 1762/105/16 1805/106/16
f 1798/102/16 1800/96/16 1765/103/16
f 1769/128/6 1767/127/6 1768/125/6
f 1774/129/12 1766/130/12 1771/131/12
f 1771/81/13 1769/128/13 1770/80/13
f 1773/119/14 1767/127/14 1774/118/14
f 1770/124/15 1768/125/15 1773/126/15
f 1749/122/15 1776/114/15 1747/123/15
f 1747/120/14 1777/113/14 1746/121/14
f 1748/118/13 1775/112/13 1749/119/13
f 1746/115/12 1778/116/12 1748/117/12
f 1775/112/6 1777/113/6 1776/114/6
f 1786/108/6 1784/107/6 1785/105/6
f 1815/109/12 1783/110/12 1813/111/12
f 1813/101/13 1786/108/13 1812/100/13
f 1814/90/14 1784/107/14 1815/88/14
f 1812/104/15 1785/105/15 1814/106/15
f 1791/102/16 1793/96/16 1788/103/16
f 1788/100/14 1794/95/14 1787/101/14
f 1790/67/13 1792/94/13 1791/65/13
f 1787/97/12 1795/98/12 1790/99/12
f 1792/94/6 1794/95/6 1793/96/6
f 1765/100/14 1801/95/14 1764/101/14
f 1797/67/13 1799/94/13 1798/65/13
f 1764/97/12 1802/98/12 1797/99/12
f 1799/94/6 1801/95/6 1800/96/6
f 1810/89/6 1808/87/6 1809/85/6
f 1818/91/12 1807/92/12 1816/93/12
f 1816/88/13 1810/89/13 1811/90/13
f 1817/79/14 1808/87/14 1818/78/14
f 1811/84/16 1809/85/16 1817/86/16
f 1796/82/15 1820/74/15 1758/83/15
f 1758/80/14 1821/73/14 1757/81/14
f 1759/78/13 1819/72/13 1796/79/13
f 1757/75/12 1822/76/12 1759/77/12
f 1819/72/6 1821/73/6 1820/74/6
f 1826/68/6 1824/66/6 1825/63/6
f 1677/69/12 1823/70/12 1679/71/12
f 1679/59/13 1826/68/13 1686/58/13
f 1678/65/14 1824/66/14 1677/67/14
f 1686/62/16 1825/63/16 1678/64/16
f 1705/60/15 1703/52/15 1830/61/15
f 1835/89/6 1833/87/6 1834/85/6
f 1839/91/12 1832/92/12 1837/93/12
f 1837/88/13 1835/89/13 1836/90/13
f 1838/79/14 1833/87/14 1839/78/14
f 1836/84/15 1834/85/15 1838/86/15
f 1789/82/15 1841/74/15 1781/83/15
f 1781/80/14 1842/73/14 1780/81/14
f 1782/78/13 1840/72/13 1789/79/13
f 1780/75/12 1843/76/12 1782/77/12
f 1840/72/6 1842/73/6 1841/74/6
f 1847/68/6 1845/66/6 1846/63/6
f 1661/69/12 1844/70/12 1663/71/12
f 1663/59/13 1847/68/13 1670/58/13
f 1662/65/14 1845/66/14 1661/67/14
f 1670/62/15 1846/63/15 1662/64/15
f 1717/60/15 1715/52/15 1851/61/15
f 1851/58/14 1714/51/14 1849/59/14
f 1852/56/13 1716/50/13 1717/57/13
f 1849/53/12 1713/54/12 1852/55/12
f 1716/50/6 1714/51/6 1715/52/6
f 1830/58/14 1702/51/14 1828/59/14
f 1831/56/13 1704/50/13 1705/57/13
f 1828/53/12 1701/54/12 1831/55/12
f 1704/50/6 1702/51/6 1703/52/6
f 1995/192/15 1993/193/15 1994/194/15
f 1860/195/6 1862/196/6 1858/197/6
f 1855/198/5 1860/195/5 1856/199/5
f 1856/200/2 1858/197/2 1854/201/2
f 1854/202/4 1857/203/4 1853/204/4
f 1853/205/7 1859/206/7 1855/207/7
f 1861/208/2 1867/209/2 1863/210/2
f 1858/197/6 1861/208/6 1857/203/6
f 1857/203/6 1863/210/6 1859/206/6
f 1860/195/6 1863/210/6 1864/211/6
f 1863/210/4 1868/212/4 1864/211/4
f 1864/211/7 1866/213/7 1862/196/7
f 1862/196/5 1865/214/5 1861/208/5
f 1872/93/15 1874/215/15 1870/91/15
f 1870/216/14 1875/217/14 1869/218/14
f 1871/219/13 1873/220/13 1872/221/13
f 1869/222/12 1876/223/12 1871/224/12
f 1873/220/6 1875/217/6 1874/215/6
f 1880/225/6 1878/226/6 1879/227/6
f 1884/228/12 1877/229/12 1882/230/12
f 1882/231/13 1880/225/13 1881/232/13
f 1883/233/14 1878/226/14 1884/234/14
f 1881/131/15 1879/227/15 1883/129/15
f 1888/77/15 1890/235/15 1886/75/15
f 1886/232/14 1891/236/14 1885/231/14
f 1887/218/13 1889/237/13 1888/216/13
f 1885/238/12 1892/239/12 1887/240/12
f 1889/237/6 1891/236/6 1890/235/6
f 1896/237/6 1894/236/6 1895/235/6
f 1900/238/12 1893/239/12 1898/240/12
f 1898/218/13 1896/237/13 1897/216/13
f 1899/232/14 1894/236/14 1900/231/14
f 1897/77/15 1895/235/15 1899/75/15
f 1904/241/6 1902/242/6 1903/243/6
f 1908/244/12 1901/245/12 1906/246/12
f 1906/234/13 1904/241/13 1905/233/13
f 1907/247/14 1902/242/14 1908/248/14
f 1905/117/15 1903/243/15 1907/115/15
f 1912/93/15 1914/215/15 1910/91/15
f 1910/216/14 1915/217/14 1909/218/14
f 1911/219/13 1913/220/13 1912/221/13
f 1909/222/12 1916/223/12 1911/224/12
f 1913/220/6 1915/217/6 1914/215/6
f 1920/131/15 1922/227/15 1918/129/15
f 1918/233/14 1923/226/14 1917/234/14
f 1919/231/13 1921/225/13 1920/232/13
f 1917/228/12 1924/229/12 1919/230/12
f 1921/225/6 1923/226/6 1922/227/6
f 1928/117/15 1930/243/15 1926/115/15
f 1926/247/14 1931/242/14 1925/248/14
f 1927/234/13 1929/241/13 1928/233/13
f 1925/244/12 1932/245/12 1927/246/12
f 1929/241/6 1931/242/6 1930/243/6
f 1936/220/6 1934/217/6 1935/215/6
f 1940/222/12 1933/223/12 1938/224/12
f 1938/219/13 1936/220/13 1937/221/13
f 1939/216/14 1934/217/14 1940/218/14
f 1937/93/15 1935/215/15 1939/91/15
f 1944/117/15 1946/243/15 1942/115/15
f 1942/247/14 1947/242/14 1941/248/14
f 1943/234/13 1945/241/13 1944/233/13
f 1941/244/12 1948/245/12 1943/246/12
f 1945/241/6 1947/242/6 1946/243/6
f 1952/225/6 1950/226/6 1951/227/6
f 1956/228/12 1949/229/12 1954/230/12
f 1954/231/13 1952/225/13 1953/232/13
f 1955/233/14 1950/226/14 1956/234/14
f 1953/131/15 1951/227/15 1955/129/15
f 1960/77/15 1962/235/15 1958/75/15
f 1958/232/14 1963/236/14 1957/231/14
f 1959/218/13 1961/237/13 1960/216/13
f 1957/238/12 1964/239/12 1959/240/12
f 1961/237/6 1963/236/6 1962/235/6
f 1968/237/6 1966/236/6 1967/235/6
f 1972/238/12 1965/239/12 1970/240/12
f 1970/218/13 1968/237/13 1969/216/13
f 1971/232/14 1966/236/14 1972/231/14
f 1969/77/15 1967/235/15 1971/75/15
f 1976/131/15 1978/227/15 1974/129/15
f 1974/233/14 1979/226/14 1973/234/14
f 1975/231/13 1977/225/13 1976/232/13
f 1973/228/12 1980/229/12 1975/230/12
f 1977/225/6 1979/226/6 1978/227/6
f 1984/220/6 1982/217/6 1983/215/6
f 1988/222/12 1981/223/12 1986/224/12
f 1986/219/13 1984/220/13 1985/221/13
f 1987/216/14 1982/217/14 1988/218/14
f 1985/93/15 1983/215/15 1987/91/15
f 1989/249/12 1991/250/12 1990/251/12
f 1990/251/13 1993/252/13 1989/253/13
f 1994/194/6 1991/250/6 1995/192/6
f 1992/254/14 1995/192/14 1991/250/14
f 2025/255/15 2024/256/16 2022/257/15
f 3935/258/3 3946/259/3 3934/260/3
f 2027/261/13 2024/256/13 2023/262/13
f 2026/263/12 2021/264/12 2028/265/12
f 2028/265/14 2025/266/14 2022/257/14
f 2024/256/6 2028/265/6 2022/257/6
f 2057/255/15 2056/256/16 2054/257/15
f 2059/261/13 2056/256/13 2055/262/13
f 2058/263/12 2053/264/12 2060/265/12
f 2060/265/14 2057/266/14 2054/257/14
f 2056/256/6 2060/265/6 2054/257/6
f 2113/256/6 2109/265/6 2115/257/6
f 2109/265/14 2112/266/14 2115/257/14
f 2111/263/12 2116/264/12 2109/265/12
f 2110/261/13 2113/256/13 2114/262/13
f 2112/255/15 2113/256/16 2115/257/15
f 2145/256/6 2141/265/6 2147/257/6
f 2141/265/14 2144/266/14 2147/257/14
f 2143/263/12 2148/264/12 2141/265/12
f 2142/261/13 2145/256/13 2146/262/13
f 2144/255/15 2145/256/16 2147/257/15
f 2150/267/17 2151/268/17 2149/269/17
f 2152/270/18 2155/271/18 2151/268/18
f 2156/272/19 2153/273/19 2155/271/19
f 2154/274/20 2149/275/20 2153/273/20
f 2159/276/3 2158/277/3 2160/278/3
f 2162/279/6 2164/280/6 2163/281/6
f 2159/276/20 2161/282/20 2157/283/20
f 2158/284/18 2163/281/18 2160/278/18
f 2160/278/19 2164/280/19 2159/276/19
f 2157/270/17 2162/285/17 2158/284/17
f 2172/286/17 2180/287/17 2174/288/17
f 2192/289/3 2188/288/3 2185/290/3
f 2182/291/21 2196/275/21 2186/292/21
f 2180/287/18 2173/290/18 2174/288/18
f 2168/293/6 2172/294/6 2167/295/6
f 2172/294/17 2165/296/17 2167/295/17
f 2166/289/19 2171/297/19 2168/269/19
f 2174/288/3 2166/289/3 2165/296/3
f 2177/298/6 2180/287/6 2178/299/6
f 2171/300/19 2179/301/19 2177/302/19
f 2171/303/20 2178/304/20 2172/286/20
f 2176/287/6 2169/298/6 2175/301/6
f 2170/304/18 2184/303/18 2169/305/18
f 2175/301/17 2184/300/17 2185/290/17
f 2183/306/22 2195/307/22 2182/308/22
f 2181/294/19 2191/296/19 2189/295/19
f 2176/287/19 2181/286/19 2170/304/19
f 2186/306/23 2193/307/23 2187/308/23
f 2184/297/17 2192/289/17 2185/290/17
f 2181/294/6 2190/293/6 2184/309/6
f 2185/290/20 2176/287/20 2175/301/20
f 2183/292/24 2193/310/24 2194/275/24
f 2203/311/6 2202/312/6 2201/313/6
f 2204/314/25 2199/315/25 2200/316/25
f 2210/317/26 2213/318/26 2208/319/26
f 2215/320/27 2212/321/27 2211/322/27
f 2219/34/28 2216/323/29 2215/320/29
f 2214/324/30 2217/14/30 2213/318/30
f 2220/325/27 2217/14/27 2218/326/27
f 2210/327/30 2204/314/30 2200/328/30
f 2208/329/30 2202/312/31 2204/314/30
f 2202/312/27 2207/330/26 2201/313/26
f 2201/313/29 2211/331/28 2203/311/28
f 2198/332/30 2210/327/30 2200/328/30
f 2209/333/27 2198/334/27 2197/335/27
f 2197/336/29 2212/337/29 2209/338/29
f 2203/311/28 2212/337/28 2199/339/28
f 2212/340/6 2220/325/6 2209/341/6
f 2209/341/6 2218/326/6 2206/342/6
f 2218/326/6 2210/343/6 2206/342/6
f 2227/192/15 2225/193/15 2226/194/15
f 2221/249/12 2223/250/12 2222/251/12
f 2222/251/13 2225/252/13 2221/253/13
f 2226/194/6 2223/250/6 2227/192/6
f 2224/254/14 2227/192/14 2223/250/14
f 3921/344/6 3925/345/6 3918/346/6
f 3940/347/3 3942/348/3 3952/349/3
f 3934/260/3 3945/350/3 3933/351/3
f 3937/352/3 3948/353/3 3936/354/3
f 3929/355/3 3942/348/3 3930/356/3
f 3939/357/3 3952/349/3 3951/358/3
f 3932/359/3 3945/350/3 3944/360/3
f 2356/361/32 2362/362/32 2366/363/32
f 3935/258/3 3948/353/3 3947/364/3
f 3938/365/3 3951/358/3 3950/366/3
f 2356/367/33 2358/368/33 2360/369/33
f 3932/370/3 3943/371/3 3931/372/3
f 3909/373/6 3913/374/6 3906/375/6
f 3963/376/6 3954/377/6 3957/378/6
f 3938/365/3 3949/379/3 3937/352/3
f 3931/372/3 3941/380/3 3929/355/3
f 3904/381/34 3901/382/34 3902/383/34
f 3897/384/35 3900/186/35 3898/385/35
f 3895/386/36 3894/387/36 3893/388/36
f 3890/389/37 3891/390/37 3889/391/37
f 3892/361/37 3888/392/37 3891/390/37
f 3896/393/36 3895/386/36 3887/394/35
f 3885/395/34 3892/361/37 3902/363/34
f 3898/396/35 3887/394/35 3886/397/35
f 3898/396/35 3886/397/35 3897/384/35
f 3902/363/34 3901/382/34 3885/395/34
f 2393/398/6 2396/279/6 2394/399/6
f 2400/93/15 2402/215/15 2398/91/15
f 4/400/4 12/18/4 5/8/4
f 6/33/5 18/27/5 20/401/5
f 2398/216/14 2403/217/14 2397/218/14
f 2399/219/13 2401/220/13 2400/221/13
f 2397/222/12 2404/223/12 2399/224/12
f 2401/220/6 2403/217/6 2402/215/6
f 2408/225/6 2406/226/6 2407/227/6
f 2412/228/12 2405/229/12 2410/230/12
f 2410/231/13 2408/225/13 2409/232/13
f 2411/233/14 2406/226/14 2412/234/14
f 2409/131/15 2407/227/15 2411/129/15
f 2416/77/15 2418/235/15 2414/75/15
f 2414/232/14 2419/236/14 2413/231/14
f 2415/218/13 2417/237/13 2416/216/13
f 2413/238/12 2420/239/12 2415/240/12
f 2417/237/6 2419/236/6 2418/235/6
f 2424/237/6 2422/236/6 2423/235/6
f 2428/238/12 2421/239/12 2426/240/12
f 2426/218/13 2424/237/13 2425/216/13
f 2427/232/14 2422/236/14 2428/231/14
f 2425/77/15 2423/235/15 2427/75/15
f 2432/131/15 2434/227/15 2430/129/15
f 2430/233/14 2435/226/14 2429/234/14
f 2431/231/13 2433/225/13 2432/232/13
f 2429/228/12 2436/229/12 2431/230/12
f 2433/225/6 2435/226/6 2434/227/6
f 2440/241/6 2438/242/6 2439/243/6
f 2444/244/12 2437/245/12 2442/246/12
f 2442/234/13 2440/241/13 2441/233/13
f 2443/247/14 2438/242/14 2444/248/14
f 2441/117/15 2439/243/15 2443/115/15
f 2448/93/15 2450/215/15 2446/91/15
f 2446/216/14 2451/217/14 2445/218/14
f 2447/219/13 2449/220/13 2448/221/13
f 2445/222/12 2452/223/12 2447/224/12
f 2449/220/6 2451/217/6 2450/215/6
f 2456/241/6 2454/242/6 2455/243/6
f 2460/244/12 2453/245/12 2458/246/12
f 2458/234/13 2456/241/13 2457/233/13
f 2459/247/14 2454/242/14 2460/248/14
f 2457/117/15 2455/243/15 2459/115/15
f 2465/255/38 2464/256/38 2462/257/38
f 2467/261/39 2464/256/39 2463/262/39
f 2466/263/40 2461/264/40 2468/265/40
f 2468/265/41 2465/266/41 2462/257/41
f 2464/256/2 2468/265/2 2462/257/2
f 2521/256/2 2517/265/2 2523/257/2
f 2517/265/41 2520/266/41 2523/257/41
f 2519/263/40 2524/264/40 2517/265/40
f 2518/261/39 2521/256/39 2522/262/39
f 2520/255/38 2521/256/38 2523/257/38
f 2529/255/38 2528/256/38 2526/257/38
f 2531/261/39 2528/256/39 2527/262/39
f 2530/263/40 2525/264/40 2532/265/40
f 2532/265/41 2529/266/41 2526/257/41
f 2528/256/2 2532/265/2 2526/257/2
f 2585/256/2 2581/265/2 2587/257/2
f 2581/265/41 2584/266/41 2587/257/41
f 2583/263/40 2588/264/40 2581/265/40
f 2582/261/39 2585/256/39 2586/262/39
f 2584/255/38 2585/256/38 2587/257/38
f 2593/255/38 2592/256/38 2590/257/38
f 2595/261/39 2592/256/39 2591/262/39
f 2594/263/40 2589/264/40 2596/265/40
f 2596/265/41 2593/266/41 2590/257/41
f 2592/256/2 2596/265/2 2590/257/2
f 2649/256/2 2645/265/2 2651/257/2
f 2645/265/41 2648/266/41 2651/257/41
f 2647/263/40 2652/264/40 2645/265/40
f 2646/261/39 2649/256/39 2650/262/39
f 2648/255/38 2649/256/38 2651/257/38
f 2657/255/38 2656/256/38 2654/257/38
f 2659/261/39 2656/256/39 2655/262/39
f 2658/263/40 2653/264/40 2660/265/40
f 2660/265/41 2657/266/41 2654/257/41
f 2656/256/2 2660/265/2 2654/257/2
f 2713/256/2 2709/265/2 2715/257/2
f 2709/265/41 2712/266/41 2715/257/41
f 2711/263/40 2716/264/40 2709/265/40
f 2710/261/39 2713/256/39 2714/262/39
f 2712/255/38 2713/256/38 2715/257/38
f 2721/255/38 2720/256/38 2718/257/38
f 2723/261/39 2720/256/39 2719/262/39
f 2722/263/40 2717/264/40 2724/265/40
f 2724/265/41 2721/266/41 2718/257/41
f 2720/256/2 2724/265/2 2718/257/2
f 2753/255/38 2752/256/38 2750/257/38
f 2755/261/39 2752/256/39 2751/262/39
f 2754/263/40 2749/264/40 2756/265/40
f 2756/265/41 2753/266/41 2750/257/41
f 2752/256/2 2756/265/2 2750/257/2
f 2809/256/2 2805/265/2 2811/257/2
f 2805/265/41 2808/266/41 2811/257/41
f 2807/263/40 2812/264/40 2805/265/40
f 2806/261/39 2809/256/39 2810/262/39
f 2808/255/38 2809/256/38 2811/257/38
f 2817/255/38 2816/256/38 2814/257/38
f 2819/261/39 2816/256/39 2815/262/39
f 2818/263/40 2813/264/40 2820/265/40
f 2820/265/41 2817/266/41 2814/257/41
f 2816/256/2 2820/265/2 2814/257/2
f 2873/256/2 2869/265/2 2875/257/2
f 2869/265/41 2872/266/41 2875/257/41
f 2871/263/40 2876/264/40 2869/265/40
f 2870/261/39 2873/256/39 2874/262/39
f 2872/255/38 2873/256/38 2875/257/38
f 2881/255/38 2880/256/38 2878/257/38
f 2883/261/39 2880/256/39 2879/262/39
f 2882/263/40 2877/264/40 2884/265/40
f 2884/265/41 2881/266/41 2878/257/41
f 2880/256/2 2884/265/2 2878/257/2
f 2937/256/2 2933/265/2 2939/257/2
f 2933/265/41 2936/266/41 2939/257/41
f 2935/263/40 2940/264/40 2933/265/40
f 2934/261/39 2937/256/39 2938/262/39
f 2936/255/38 2937/256/38 2939/257/38
f 3013/50/6 3015/51/6 3014/52/6
f 2944/53/42 3016/54/42 2941/55/42
f 2941/56/43 3013/50/43 3012/57/43
f 2942/58/44 3015/51/44 2944/59/44
f 3012/60/45 3014/52/45 2942/61/45
f 3027/62/15 2947/63/15 3035/64/15
f 3035/65/14 2948/66/14 3036/67/14
f 3034/59/13 2946/68/13 3027/58/13
f 3036/69/12 2949/70/12 3034/71/12
f 2946/68/6 2948/66/6 2947/63/6
f 2953/72/6 2951/73/6 2952/74/6
f 2981/75/12 2950/76/12 2979/77/12
f 2979/78/13 2953/72/13 2972/79/13
f 2980/80/14 2951/73/14 2981/81/14
f 2972/82/15 2952/74/15 2980/83/15
f 2957/84/15 2959/85/15 2955/86/15
f 2955/79/14 2960/87/14 2954/78/14
f 2956/88/13 2958/89/13 2957/90/13
f 2954/91/12 2961/92/12 2956/93/12
f 2958/89/6 2960/87/6 2959/85/6
f 2969/94/6 2967/95/6 2968/96/6
f 2974/97/12 2966/98/12 2971/99/12
f 2971/67/13 2969/94/13 2970/65/13
f 2973/100/14 2967/95/14 2974/101/14
f 2970/102/15 2968/96/15 2973/103/15
f 2965/104/15 2976/105/15 2963/106/15
f 2963/90/14 2977/107/14 2962/88/14
f 2964/101/13 2975/108/13 2965/100/13
f 2962/109/12 2978/110/12 2964/111/12
f 2975/108/6 2977/107/6 2976/105/6
f 2986/112/6 2984/113/6 2985/114/6
f 2999/115/12 2983/116/12 2997/117/12
f 2997/118/13 2986/112/13 2996/119/13
f 2998/120/14 2984/113/14 2999/121/14
f 2996/122/15 2985/114/15 2998/123/15
f 2991/124/15 2993/125/15 2988/126/15
f 2988/119/14 2994/127/14 2987/118/14
f 2990/81/13 2992/128/13 2991/80/13
f 2987/129/12 2995/130/12 2990/131/12
f 2992/128/6 2994/127/6 2993/125/6
f 3003/132/6 3001/133/6 3002/134/6
f 3007/135/12 3000/136/12 3005/137/12
f 3005/121/13 3003/132/13 3004/120/13
f 3006/138/14 3001/133/14 3007/139/14
f 3004/140/15 3002/134/15 3006/141/15
f 2989/142/15 3009/143/15 2945/144/15
f 2945/145/14 3010/146/14 2943/147/14
f 2982/139/13 3008/148/13 2989/138/13
f 2943/149/12 3011/150/12 2982/151/12
f 3008/148/6 3010/146/6 3009/143/6
f 3024/152/6 3022/153/6 3023/154/6
f 3029/155/42 3021/156/42 3026/157/42
f 3026/158/43 3024/152/43 3025/159/43
f 3028/160/44 3022/153/44 3029/161/44
f 3025/162/45 3023/154/45 3028/163/45
f 3020/164/45 3031/165/45 3018/166/45
f 3018/57/44 3032/167/44 3017/56/44
f 3019/161/43 3030/168/43 3020/160/43
f 3017/169/42 3033/170/42 3019/171/42
f 3030/168/6 3032/167/6 3031/165/6
f 3044/172/6 3042/173/6 3043/174/6
f 3048/175/12 3041/176/12 3046/177/12
f 3046/178/13 3044/172/13 3045/179/13
f 3047/180/14 3042/173/14 3048/181/14
f 3045/182/15 3043/174/15 3047/183/15
f 3040/184/15 3050/185/15 3038/186/15
f 3038/159/14 3051/187/14 3037/158/14
f 3039/181/13 3049/188/13 3040/180/13
f 3037/189/12 3052/190/12 3039/191/12
f 3049/188/6 3051/187/6 3050/185/6
f 3125/50/6 3127/51/6 3126/52/6
f 3056/53/42 3128/54/42 3053/55/42
f 3053/56/43 3125/50/43 3124/57/43
f 3054/58/44 3127/51/44 3056/59/44
f 3124/60/45 3126/52/45 3054/61/45
f 3139/62/45 3059/63/45 3147/64/45
f 3147/65/44 3060/66/44 3148/67/44
f 3146/59/43 3058/68/43 3139/58/43
f 3148/69/42 3061/70/42 3146/71/42
f 3058/68/6 3060/66/6 3059/63/6
f 3065/72/6 3063/73/6 3064/74/6
f 3093/75/12 3062/76/12 3091/77/12
f 3091/78/13 3065/72/13 3084/79/13
f 3092/80/14 3063/73/14 3093/81/14
f 3084/82/15 3064/74/15 3092/83/15
f 3069/84/15 3071/85/15 3067/86/15
f 3067/79/14 3072/87/14 3066/78/14
f 3068/88/13 3070/89/13 3069/90/13
f 3066/91/12 3073/92/12 3068/93/12
f 3070/89/6 3072/87/6 3071/85/6
f 3081/94/6 3079/95/6 3080/96/6
f 3086/97/12 3078/98/12 3083/99/12
f 3083/67/13 3081/94/13 3082/65/13
f 3085/100/14 3079/95/14 3086/101/14
f 3082/102/15 3080/96/15 3085/103/15
f 3077/104/15 3088/105/15 3075/106/15
f 3075/90/14 3089/107/14 3074/88/14
f 3076/101/13 3087/108/13 3077/100/13
f 3074/109/12 3090/110/12 3076/111/12
f 3087/108/6 3089/107/6 3088/105/6
f 3098/112/6 3096/113/6 3097/114/6
f 3111/115/12 3095/116/12 3109/117/12
f 3109/118/13 3098/112/13 3108/119/13
f 3110/120/14 3096/113/14 3111/121/14
f 3108/122/15 3097/114/15 3110/123/15
f 3103/124/15 3105/125/15 3100/126/15
f 3100/119/14 3106/127/14 3099/118/14
f 3102/81/13 3104/128/13 3103/80/13
f 3099/129/12 3107/130/12 3102/131/12
f 3104/128/6 3106/127/6 3105/125/6
f 3115/132/6 3113/133/6 3114/134/6
f 3119/135/12 3112/136/12 3117/137/12
f 3117/121/13 3115/132/13 3116/120/13
f 3118/138/14 3113/133/14 3119/139/14
f 3116/140/15 3114/134/15 3118/141/15
f 3101/142/15 3121/143/15 3057/144/15
f 3057/145/14 3122/146/14 3055/147/14
f 3094/139/13 3120/148/13 3101/138/13
f 3055/149/12 3123/150/12 3094/151/12
f 3120/148/6 3122/146/6 3121/143/6
f 3136/152/6 3134/153/6 3135/154/6
f 3141/155/42 3133/156/42 3138/157/42
f 3138/158/43 3136/152/43 3137/159/43
f 3140/160/44 3134/153/44 3141/161/44
f 3137/162/45 3135/154/45 3140/163/45
f 3132/164/45 3143/165/45 3130/166/45
f 3130/57/44 3144/167/44 3129/56/44
f 3131/161/43 3142/168/43 3132/160/43
f 3129/169/42 3145/170/42 3131/171/42
f 3142/168/6 3144/167/6 3143/165/6
f 3156/172/6 3154/173/6 3155/174/6
f 3160/175/12 3153/176/12 3158/177/12
f 3158/178/13 3156/172/13 3157/179/13
f 3159/180/14 3154/173/14 3160/181/14
f 3157/182/15 3155/174/15 3159/183/15
f 3152/184/45 3162/185/45 3150/186/45
f 3150/159/44 3163/187/44 3149/158/44
f 3151/181/43 3161/188/43 3152/180/43
f 3149/189/42 3164/190/42 3151/191/42
f 3161/188/6 3163/187/6 3162/185/6
f 3168/188/6 3166/187/6 3167/185/6
f 3180/189/12 3165/190/12 3178/191/12
f 3178/181/13 3168/188/13 3177/180/13
f 3179/159/14 3166/187/14 3180/158/14
f 3177/184/15 3167/185/15 3179/186/15
f 3172/182/15 3174/174/15 3170/183/15
f 3170/180/14 3175/173/14 3169/181/14
f 3171/178/13 3173/172/13 3172/179/13
f 3169/175/12 3176/176/12 3171/177/12
f 3173/172/6 3175/173/6 3174/174/6
f 3187/168/6 3185/167/6 3186/165/6
f 3200/169/12 3184/170/12 3198/171/12
f 3198/161/13 3187/168/13 3197/160/13
f 3199/57/14 3185/167/14 3200/56/14
f 3197/164/15 3186/165/15 3199/166/15
f 3192/162/45 3194/154/45 3189/163/45
f 3189/160/44 3195/153/44 3188/161/44
f 3191/158/43 3193/152/43 3192/159/43
f 3188/155/42 3196/156/42 3191/157/42
f 3193/152/6 3195/153/6 3194/154/6
f 3209/148/6 3207/146/6 3208/143/6
f 3274/149/12 3206/150/12 3235/151/12
f 3235/139/13 3209/148/13 3228/138/13
f 3272/145/14 3207/146/14 3274/147/14
f 3228/142/15 3208/143/15 3272/144/15
f 3213/140/15 3215/134/15 3211/141/15
f 3211/138/14 3216/133/14 3210/139/14
f 3212/121/13 3214/132/13 3213/120/13
f 3210/135/12 3217/136/12 3212/137/12
f 3214/132/6 3216/133/6 3215/134/6
f 3225/128/6 3223/127/6 3224/125/6
f 3230/129/12 3222/130/12 3227/131/12
f 3227/81/13 3225/128/13 3226/80/13
f 3229/119/14 3223/127/14 3230/118/14
f 3226/124/15 3224/125/15 3229/126/15
f 3221/122/15 3232/114/15 3219/123/15
f 3219/120/14 3233/113/14 3218/121/14
f 3220/118/13 3231/112/13 3221/119/13
f 3218/115/12 3234/116/12 3220/117/12
f 3231/112/6 3233/113/6 3232/114/6
f 3242/108/6 3240/107/6 3241/105/6
f 3255/109/12 3239/110/12 3253/111/12
f 3253/101/13 3242/108/13 3252/100/13
f 3254/90/14 3240/107/14 3255/88/14
f 3252/104/15 3241/105/15 3254/106/15
f 3247/102/15 3249/96/15 3244/103/15
f 3244/100/14 3250/95/14 3243/101/14
f 3246/67/13 3248/94/13 3247/65/13
f 3243/97/12 3251/98/12 3246/99/12
f 3248/94/6 3250/95/6 3249/96/6
f 3259/89/6 3257/87/6 3258/85/6
f 3263/91/12 3256/92/12 3261/93/12
f 3261/88/13 3259/89/13 3260/90/13
f 3262/79/14 3257/87/14 3263/78/14
f 3260/84/15 3258/85/15 3262/86/15
f 3245/82/15 3265/74/15 3237/83/15
f 3237/80/14 3266/73/14 3236/81/14
f 3238/78/13 3264/72/13 3245/79/13
f 3236/75/12 3267/76/12 3238/77/12
f 3264/72/6 3266/73/6 3265/74/6
f 3271/68/6 3269/66/6 3270/63/6
f 3181/69/12 3268/70/12 3183/71/12
f 3183/59/13 3271/68/13 3190/58/13
f 3182/65/14 3269/66/14 3181/67/14
f 3190/62/15 3270/63/15 3182/64/15
f 3205/60/45 3203/52/45 3275/61/45
f 3275/58/44 3202/51/44 3273/59/44
f 3276/56/43 3204/50/43 3205/57/43
f 3273/53/42 3201/54/42 3276/55/42
f 3204/50/6 3202/51/6 3203/52/6
f 3349/50/6 3351/51/6 3350/52/6
f 3280/53/12 3352/54/12 3277/55/12
f 3277/56/13 3349/50/13 3348/57/13
f 3278/58/14 3351/51/14 3280/59/14
f 3348/60/15 3350/52/15 3278/61/15
f 3363/62/15 3283/63/15 3371/64/15
f 3371/65/14 3284/66/14 3372/67/14
f 3370/59/13 3282/68/13 3363/58/13
f 3372/69/12 3285/70/12 3370/71/12
f 3282/68/6 3284/66/6 3283/63/6
f 3289/72/6 3287/73/6 3288/74/6
f 3317/75/12 3286/76/12 3315/77/12
f 3315/78/13 3289/72/13 3308/79/13
f 3316/80/14 3287/73/14 3317/81/14
f 3308/82/15 3288/74/15 3316/83/15
f 3293/84/15 3295/85/15 3291/86/15
f 3291/79/14 3296/87/14 3290/78/14
f 3292/88/13 3294/89/13 3293/90/13
f 3290/91/12 3297/92/12 3292/93/12
f 3294/89/6 3296/87/6 3295/85/6
f 3305/94/6 3303/95/6 3304/96/6
f 3310/97/12 3302/98/12 3307/99/12
f 3307/67/13 3305/94/13 3306/65/13
f 3309/100/14 3303/95/14 3310/101/14
f 3306/102/15 3304/96/15 3309/103/15
f 3301/104/15 3312/105/15 3299/106/15
f 3299/90/14 3313/107/14 3298/88/14
f 3300/101/13 3311/108/13 3301/100/13
f 3298/109/12 3314/110/12 3300/111/12
f 3311/108/6 3313/107/6 3312/105/6
f 3322/112/6 3320/113/6 3321/114/6
f 3335/115/12 3319/116/12 3333/117/12
f 3333/118/13 3322/112/13 3332/119/13
f 3334/120/14 3320/113/14 3335/121/14
f 3332/122/15 3321/114/15 3334/123/15
f 3327/124/15 3329/125/15 3324/126/15
f 3324/119/14 3330/127/14 3323/118/14
f 3326/81/13 3328/128/13 3327/80/13
f 3323/129/12 3331/130/12 3326/131/12
f 3328/128/6 3330/127/6 3329/125/6
f 3339/132/6 3337/133/6 3338/134/6
f 3343/135/12 3336/136/12 3341/137/12
f 3341/121/13 3339/132/13 3340/120/13
f 3342/138/14 3337/133/14 3343/139/14
f 3340/140/15 3338/134/15 3342/141/15
f 3325/142/15 3345/143/15 3281/144/15
f 3281/145/14 3346/146/14 3279/147/14
f 3318/139/13 3344/148/13 3325/138/13
f 3279/149/12 3347/150/12 3318/151/12
f 3344/148/6 3346/146/6 3345/143/6
f 3360/152/6 3358/153/6 3359/154/6
f 3365/155/12 3357/156/12 3362/157/12
f 3362/158/13 3360/152/13 3361/159/13
f 3364/160/14 3358/153/14 3365/161/14
f 3361/162/15 3359/154/15 3364/163/15
f 3356/164/15 3367/165/15 3354/166/15
f 3354/57/14 3368/167/14 3353/56/14
f 3355/161/13 3366/168/13 3356/160/13
f 3353/169/12 3369/170/12 3355/171/12
f 3366/168/6 3368/167/6 3367/165/6
f 3380/172/6 3378/173/6 3379/174/6
f 3384/175/12 3377/176/12 3382/177/12
f 3382/178/13 3380/172/13 3381/179/13
f 3383/180/14 3378/173/14 3384/181/14
f 3381/182/15 3379/174/15 3383/183/15
f 3376/184/15 3386/185/15 3374/186/15
f 3374/159/14 3387/187/14 3373/158/14
f 3375/181/13 3385/188/13 3376/180/13
f 3373/189/12 3388/190/12 3375/191/12
f 3385/188/6 3387/187/6 3386/185/6
f 3392/188/6 3390/187/6 3391/185/6
f 3404/189/12 3389/190/12 3402/191/12
f 3402/181/13 3392/188/13 3401/180/13
f 3403/159/14 3390/187/14 3404/158/14
f 3401/184/15 3391/185/15 3403/186/15
f 3396/182/15 3398/174/15 3394/183/15
f 3394/180/14 3399/173/14 3393/181/14
f 3395/178/13 3397/172/13 3396/179/13
f 3393/175/12 3400/176/12 3395/177/12
f 3397/172/6 3399/173/6 3398/174/6
f 3411/168/6 3409/167/6 3410/165/6
f 3424/169/12 3408/170/12 3422/171/12
f 3422/161/13 3411/168/13 3421/160/13
f 3423/57/14 3409/167/14 3424/56/14
f 3421/164/15 3410/165/15 3423/166/15
f 3416/162/15 3418/154/15 3413/163/15
f 3413/160/14 3419/153/14 3412/161/14
f 3415/158/13 3417/152/13 3416/159/13
f 3412/155/12 3420/156/12 3415/157/12
f 3417/152/6 3419/153/6 3418/154/6
f 3433/148/6 3431/146/6 3432/143/6
f 3498/149/12 3430/150/12 3459/151/12
f 3459/139/13 3433/148/13 3452/138/13
f 3496/145/14 3431/146/14 3498/147/14
f 3452/142/15 3432/143/15 3496/144/15
f 3437/140/15 3439/134/15 3435/141/15
f 3435/138/14 3440/133/14 3434/139/14
f 3436/121/13 3438/132/13 3437/120/13
f 3434/135/12 3441/136/12 3436/137/12
f 3438/132/6 3440/133/6 3439/134/6
f 3449/128/6 3447/127/6 3448/125/6
f 3454/129/12 3446/130/12 3451/131/12
f 3451/81/13 3449/128/13 3450/80/13
f 3453/119/14 3447/127/14 3454/118/14
f 3450/124/15 3448/125/15 3453/126/15
f 3445/122/15 3456/114/15 3443/123/15
f 3443/120/14 3457/113/14 3442/121/14
f 3444/118/13 3455/112/13 3445/119/13
f 3442/115/12 3458/116/12 3444/117/12
f 3455/112/6 3457/113/6 3456/114/6
f 3466/108/6 3464/107/6 3465/105/6
f 3479/109/12 3463/110/12 3477/111/12
f 3477/101/13 3466/108/13 3476/100/13
f 3478/90/14 3464/107/14 3479/88/14
f 3476/104/15 3465/105/15 3478/106/15
f 3471/102/15 3473/96/15 3468/103/15
f 3468/100/14 3474/95/14 3467/101/14
f 3470/67/13 3472/94/13 3471/65/13
f 3467/97/12 3475/98/12 3470/99/12
f 3472/94/6 3474/95/6 3473/96/6
f 3483/89/6 3481/87/6 3482/85/6
f 3487/91/12 3480/92/12 3485/93/12
f 3485/88/13 3483/89/13 3484/90/13
f 3486/79/14 3481/87/14 3487/78/14
f 3484/84/15 3482/85/15 3486/86/15
f 3469/82/15 3489/74/15 3461/83/15
f 3461/80/14 3490/73/14 3460/81/14
f 3462/78/13 3488/72/13 3469/79/13
f 3460/75/12 3491/76/12 3462/77/12
f 3488/72/6 3490/73/6 3489/74/6
f 3495/68/6 3493/66/6 3494/63/6
f 3405/69/12 3492/70/12 3407/71/12
f 3407/59/13 3495/68/13 3414/58/13
f 3406/65/14 3493/66/14 3405/67/14
f 3414/62/15 3494/63/15 3406/64/15
f 3429/60/15 3427/52/15 3499/61/15
f 3499/58/14 3426/51/14 3497/59/14
f 3500/56/13 3428/50/13 3429/57/13
f 3497/53/12 3425/54/12 3500/55/12
f 3428/50/6 3426/51/6 3427/52/6
f 3573/50/6 3575/51/6 3574/52/6
f 3504/53/12 3576/54/12 3501/55/12
f 3501/56/13 3573/50/13 3572/57/13
f 3502/58/14 3575/51/14 3504/59/14
f 3572/60/15 3574/52/15 3502/61/15
f 3587/62/15 3507/63/15 3595/64/15
f 3595/65/14 3508/66/14 3596/67/14
f 3594/59/13 3506/68/13 3587/58/13
f 3596/69/12 3509/70/12 3594/71/12
f 3506/68/6 3508/66/6 3507/63/6
f 3513/72/6 3511/73/6 3512/74/6
f 3541/75/12 3510/76/12 3539/77/12
f 3539/78/13 3513/72/13 3532/79/13
f 3540/80/14 3511/73/14 3541/81/14
f 3532/82/15 3512/74/15 3540/83/15
f 3517/84/15 3519/85/15 3515/86/15
f 3515/79/14 3520/87/14 3514/78/14
f 3516/88/13 3518/89/13 3517/90/13
f 3514/91/12 3521/92/12 3516/93/12
f 3518/89/6 3520/87/6 3519/85/6
f 3529/94/6 3527/95/6 3528/96/6
f 3534/97/12 3526/98/12 3531/99/12
f 3531/67/13 3529/94/13 3530/65/13
f 3533/100/14 3527/95/14 3534/101/14
f 3530/102/15 3528/96/15 3533/103/15
f 3525/104/15 3536/105/15 3523/106/15
f 3523/90/14 3537/107/14 3522/88/14
f 3524/101/13 3535/108/13 3525/100/13
f 3522/109/12 3538/110/12 3524/111/12
f 3535/108/6 3537/107/6 3536/105/6
f 3546/112/6 3544/113/6 3545/114/6
f 3559/115/12 3543/116/12 3557/117/12
f 3557/118/13 3546/112/13 3556/119/13
f 3558/120/14 3544/113/14 3559/121/14
f 3556/122/15 3545/114/15 3558/123/15
f 3551/124/15 3553/125/15 3548/126/15
f 3548/119/14 3554/127/14 3547/118/14
f 3550/81/13 3552/128/13 3551/80/13
f 3547/129/12 3555/130/12 3550/131/12
f 3552/128/6 3554/127/6 3553/125/6
f 3563/132/6 3561/133/6 3562/134/6
f 3567/135/12 3560/136/12 3565/137/12
f 3565/121/13 3563/132/13 3564/120/13
f 3566/138/14 3561/133/14 3567/139/14
f 3564/140/15 3562/134/15 3566/141/15
f 3549/142/15 3569/143/15 3505/144/15
f 3505/145/14 3570/146/14 3503/147/14
f 3542/139/13 3568/148/13 3549/138/13
f 3503/149/12 3571/150/12 3542/151/12
f 3568/148/6 3570/146/6 3569/143/6
f 3584/152/6 3582/153/6 3583/154/6
f 3589/155/12 3581/156/12 3586/157/12
f 3586/158/13 3584/152/13 3585/159/13
f 3588/160/14 3582/153/14 3589/161/14
f 3585/162/15 3583/154/15 3588/163/15
f 3580/164/15 3591/165/15 3578/166/15
f 3578/57/14 3592/167/14 3577/56/14
f 3579/161/13 3590/168/13 3580/160/13
f 3577/169/12 3593/170/12 3579/171/12
f 3590/168/6 3592/167/6 3591/165/6
f 3604/172/6 3602/173/6 3603/174/6
f 3608/175/12 3601/176/12 3606/177/12
f 3606/178/13 3604/172/13 3605/179/13
f 3607/180/14 3602/173/14 3608/181/14
f 3605/182/15 3603/174/15 3607/183/15
f 3600/184/15 3610/185/15 3598/186/15
f 3598/159/14 3611/187/14 3597/158/14
f 3599/181/13 3609/188/13 3600/180/13
f 3597/189/12 3612/190/12 3599/191/12
f 3609/188/6 3611/187/6 3610/185/6
f 3616/188/6 3614/187/6 3615/185/6
f 3644/189/12 3613/190/12 3642/191/12
f 3642/181/13 3616/188/13 3641/180/13
f 3643/159/14 3614/187/14 3644/158/14
f 3641/184/15 3615/185/15 3643/186/15
f 3620/182/15 3622/174/15 3618/183/15
f 3618/180/14 3623/173/14 3617/181/14
f 3619/178/13 3621/172/13 3620/179/13
f 3617/175/12 3624/176/12 3619/177/12
f 3621/172/6 3623/173/6 3622/174/6
f 3628/188/6 3626/187/6 3627/185/6
f 3640/189/12 3625/190/12 3638/191/12
f 3638/181/13 3628/188/13 3637/180/13
f 3639/159/14 3626/187/14 3640/158/14
f 3637/184/15 3627/185/15 3639/186/15
f 3632/182/15 3634/174/15 3630/183/15
f 3630/180/14 3635/173/14 3629/181/14
f 3631/178/13 3633/172/13 3632/179/13
f 3629/175/12 3636/176/12 3631/177/12
f 3633/172/6 3635/173/6 3634/174/6
f 3651/168/6 3649/167/6 3650/165/6
f 3680/169/42 3648/170/42 3678/171/42
f 3678/161/43 3651/168/43 3677/160/43
f 3679/57/44 3649/167/44 3680/56/44
f 3677/164/45 3650/165/45 3679/166/45
f 3656/162/45 3658/154/45 3653/163/45
f 3653/160/44 3659/153/44 3652/161/44
f 3655/158/43 3657/152/43 3656/159/43
f 3652/155/42 3660/156/42 3655/157/42
f 3657/152/6 3659/153/6 3658/154/6
f 3667/168/6 3665/167/6 3666/165/6
f 3684/169/12 3664/170/12 3682/171/12
f 3682/161/13 3667/168/13 3681/160/13
f 3683/57/14 3665/167/14 3684/56/14
f 3681/164/15 3666/165/15 3683/166/15
f 3672/162/15 3674/154/15 3669/163/15
f 3669/160/14 3675/153/14 3668/161/14
f 3671/158/13 3673/152/13 3672/159/13
f 3668/155/12 3676/156/12 3671/157/12
f 3673/152/6 3675/153/6 3674/154/6
f 3693/148/6 3691/146/6 3692/143/6
f 3813/149/12 3690/150/12 3740/151/12
f 3740/139/13 3693/148/13 3729/138/13
f 3811/145/14 3691/146/14 3813/147/14
f 3729/142/15 3692/143/15 3811/144/15
f 3714/140/15 3716/134/15 3695/141/15
f 3705/148/6 3703/146/6 3704/143/6
f 3834/149/12 3702/150/12 3763/151/12
f 3763/139/13 3705/148/13 3756/138/13
f 3832/145/14 3703/146/14 3834/147/14
f 3756/142/15 3704/143/15 3832/144/15
f 3709/140/15 3711/134/15 3707/141/15
f 3707/138/14 3712/133/14 3706/139/14
f 3708/121/13 3710/132/13 3709/120/13
f 3706/135/12 3713/136/12 3708/137/12
f 3710/132/6 3712/133/6 3711/134/6
f 3695/138/14 3717/133/14 3694/139/14
f 3696/121/13 3715/132/13 3714/120/13
f 3694/135/12 3718/136/12 3696/137/12
f 3715/132/6 3717/133/6 3716/134/6
f 3726/128/6 3724/127/6 3725/125/6
f 3735/129/12 3723/130/12 3728/131/12
f 3728/81/13 3726/128/13 3727/80/13
f 3734/119/14 3724/127/14 3735/118/14
f 3727/124/15 3725/125/15 3734/126/15
f 3722/122/15 3737/114/15 3720/123/15
f 3720/120/14 3738/113/14 3719/121/14
f 3721/118/13 3736/112/13 3722/119/13
f 3719/115/12 3739/116/12 3721/117/12
f 3736/112/6 3738/113/6 3737/114/6
f 3747/108/6 3745/107/6 3746/105/6
f 3790/109/12 3744/110/12 3788/111/12
f 3788/101/13 3747/108/13 3787/100/13
f 3789/90/14 3745/107/14 3790/88/14
f 3787/104/15 3746/105/15 3789/106/15
f 3782/102/15 3784/96/15 3749/103/15
f 3753/128/6 3751/127/6 3752/125/6
f 3758/129/12 3750/130/12 3755/131/12
f 3755/81/13 3753/128/13 3754/80/13
f 3757/119/14 3751/127/14 3758/118/14
f 3754/124/15 3752/125/15 3757/126/15
f 3733/122/15 3760/114/15 3731/123/15
f 3731/120/14 3761/113/14 3730/121/14
f 3732/118/13 3759/112/13 3733/119/13
f 3730/115/12 3762/116/12 3732/117/12
f 3759/112/6 3761/113/6 3760/114/6
f 3770/108/6 3768/107/6 3769/105/6
f 3799/109/12 3767/110/12 3797/111/12
f 3797/101/13 3770/108/13 3796/100/13
f 3798/90/14 3768/107/14 3799/88/14
f 3796/104/15 3769/105/15 3798/106/15
f 3775/102/15 3777/96/15 3772/103/15
f 3772/100/14 3778/95/14 3771/101/14
f 3774/67/13 3776/94/13 3775/65/13
f 3771/97/12 3779/98/12 3774/99/12
f 3776/94/6 3778/95/6 3777/96/6
f 3749/100/14 3785/95/14 3748/101/14
f 3781/67/13 3783/94/13 3782/65/13
f 3748/97/12 3786/98/12 3781/99/12
f 3783/94/6 3785/95/6 3784/96/6
f 3794/89/6 3792/87/6 3793/85/6
f 3802/91/12 3791/92/12 3800/93/12
f 3800/88/13 3794/89/13 3795/90/13
f 3801/79/14 3792/87/14 3802/78/14
f 3795/84/15 3793/85/15 3801/86/15
f 3780/82/15 3804/74/15 3742/83/15
f 3742/80/14 3805/73/14 3741/81/14
f 3743/78/13 3803/72/13 3780/79/13
f 3741/75/12 3806/76/12 3743/77/12
f 3803/72/6 3805/73/6 3804/74/6
f 3810/68/6 3808/66/6 3809/63/6
f 3661/69/12 3807/70/12 3663/71/12
f 3663/59/13 3810/68/13 3670/58/13
f 3662/65/14 3808/66/14 3661/67/14
f 3670/62/15 3809/63/15 3662/64/15
f 3689/60/15 3687/52/15 3814/61/15
f 3819/89/6 3817/87/6 3818/85/6
f 3823/91/12 3816/92/12 3821/93/12
f 3821/88/13 3819/89/13 3820/90/13
f 3822/79/14 3817/87/14 3823/78/14
f 3820/84/15 3818/85/15 3822/86/15
f 3773/82/15 3825/74/15 3765/83/15
f 3765/80/14 3826/73/14 3764/81/14
f 3766/78/13 3824/72/13 3773/79/13
f 3764/75/12 3827/76/12 3766/77/12
f 3824/72/6 3826/73/6 3825/74/6
f 3831/68/6 3829/66/6 3830/63/6
f 3645/69/12 3828/70/12 3647/71/12
f 3647/59/13 3831/68/13 3654/58/13
f 3646/65/14 3829/66/14 3645/67/14
f 3654/62/15 3830/63/15 3646/64/15
f 3701/60/15 3699/52/15 3835/61/15
f 3835/58/14 3698/51/14 3833/59/14
f 3836/56/13 3700/50/13 3701/57/13
f 3833/53/12 3697/54/12 3836/55/12
f 3700/50/6 3698/51/6 3699/52/6
f 3814/58/14 3686/51/14 3812/59/14
f 3815/56/13 3688/50/13 3689/57/13
f 3812/53/12 3685/54/12 3815/55/12
f 3688/50/6 3686/51/6 3687/52/6
f 3841/402/46 3839/403/46 3847/404/46
f 3866/405/33 3868/406/33 3872/407/33
f 3857/408/33 3875/393/33 3876/409/33
f 3854/410/33 3878/411/33 3879/412/33
f 3849/413/33 3882/414/33 3884/415/33
f 3860/416/33 3883/417/33 3873/418/33
f 3854/410/33 3880/419/33 3853/420/33
f 3856/421/33 3876/409/33 3877/422/33
f 3850/423/33 3884/415/33 3883/417/33
f 3859/424/33 3873/418/33 3874/425/33
f 3853/420/33 3881/426/33 3852/427/33
f 3856/421/33 3878/411/33 3855/428/33
f 3858/429/33 3874/425/33 3875/430/33
f 3851/431/33 3881/426/33 3882/414/33
f 3973/432/47 3977/433/47 3974/434/47
f 3977/435/18 3976/436/18 3974/437/18
f 3978/433/20 3973/438/20 3975/439/20
f 3975/440/48 3977/433/49 3976/441/49
f 3/1/1 7/11/1 8/2/1
f 3/4/2 4/400/2 2/5/2
f 15/7/3 16/442/3 1/6/3
f 5/8/4 19/443/4 17/9/4
f 7/11/2 9/37/2 10/12/2
f 2208/13/3 2213/318/3 2217/14/3
f 11/16/2 13/24/2 14/17/2
f 11/19/5 9/37/5 7/20/5
f 8/22/4 10/12/4 12/23/4
f 13/24/6 6/29/6 5/25/6
f 15/26/7 17/31/7 18/27/7
f 6/29/2 20/444/2 19/30/2
f 17/31/6 19/445/6 20/32/6
f 3/4/5 1/6/5 16/28/5
f 16/28/5 6/33/5 3/4/5
f 6/33/5 13/24/5 11/16/5
f 2219/34/3 2215/320/3 2211/35/3
f 2217/14/3 2219/34/3 2207/36/3
f 9/37/6 11/19/6 12/23/6
f 30/38/8 29/41/8 34/39/8
f 28/41/6 27/38/6 25/42/6
f 28/41/9 26/43/9 21/44/9
f 26/43/10 25/42/10 22/46/10
f 25/42/11 27/38/11 24/48/11
f 27/38/8 28/41/8 23/39/8
f 32/42/11 30/38/11 33/48/11
f 31/43/10 32/42/10 35/46/10
f 29/41/9 31/43/9 36/44/9
f 29/41/6 30/38/6 32/42/6
f 44/41/6 43/38/6 41/42/6
f 39/45/9 44/41/9 42/43/9
f 42/43/10 41/42/10 38/46/10
f 41/42/11 43/38/11 40/48/11
f 43/38/8 44/41/8 39/39/8
f 46/38/8 45/41/8 50/39/8
f 48/42/11 46/38/11 49/48/11
f 47/43/10 48/42/10 51/46/10
f 50/45/9 45/41/9 47/43/9
f 45/41/6 46/38/6 48/42/6
f 54/38/8 53/41/8 58/39/8
f 56/42/11 54/38/11 57/48/11
f 55/43/10 56/42/10 59/46/10
f 58/45/9 53/41/9 55/43/9
f 53/41/6 54/38/6 56/42/6
f 209/50/6 212/54/6 211/51/6
f 85/53/12 211/51/12 212/54/12
f 82/56/13 212/54/13 209/50/13
f 83/58/14 210/52/14 211/51/14
f 197/50/6 200/54/6 199/51/6
f 64/53/12 199/51/12 200/54/12
f 61/56/13 200/54/13 197/50/13
f 62/58/14 198/52/14 199/51/14
f 196/60/15 197/50/15 198/52/15
f 243/62/15 66/68/15 67/63/15
f 251/65/14 67/63/14 68/66/14
f 250/59/13 69/70/13 66/68/13
f 252/69/12 68/66/12 69/70/12
f 66/68/6 69/70/6 68/66/6
f 73/72/6 70/76/6 71/73/6
f 133/75/12 71/73/12 70/76/12
f 131/78/13 70/76/13 73/72/13
f 132/80/14 72/74/14 71/73/14
f 124/82/15 73/72/15 72/74/15
f 77/84/15 78/89/15 79/85/15
f 75/79/14 79/85/14 80/87/14
f 76/88/13 81/92/13 78/89/13
f 74/91/12 80/87/12 81/92/12
f 78/89/6 81/92/6 80/87/6
f 208/60/15 209/50/15 210/52/15
f 227/62/15 87/68/15 88/63/15
f 235/65/14 88/63/14 89/66/14
f 234/59/13 90/70/13 87/68/13
f 236/69/12 89/66/12 90/70/12
f 87/68/6 90/70/6 89/66/6
f 94/72/6 91/76/6 92/73/6
f 156/75/12 92/73/12 91/76/12
f 154/78/13 91/76/13 94/72/13
f 155/80/14 93/74/14 92/73/14
f 117/82/15 94/72/15 93/74/15
f 102/84/15 103/89/15 104/85/15
f 96/79/14 104/85/14 105/87/14
f 97/88/13 106/92/13 103/89/13
f 95/91/12 105/87/12 106/92/12
f 103/89/6 106/92/6 105/87/6
f 114/94/6 111/98/6 112/95/6
f 149/97/12 112/95/12 111/98/12
f 116/67/13 111/98/13 114/94/13
f 148/100/14 113/96/14 112/95/14
f 121/94/6 118/98/6 119/95/6
f 126/97/12 119/95/12 118/98/12
f 123/67/13 118/98/13 121/94/13
f 125/100/14 120/96/14 119/95/14
f 122/102/15 121/94/15 120/96/15
f 101/104/15 127/108/15 128/105/15
f 99/90/14 128/105/14 129/107/14
f 100/101/13 130/110/13 127/108/13
f 98/109/12 129/107/12 130/110/12
f 127/108/6 130/110/6 129/107/6
f 138/112/6 135/116/6 136/113/6
f 167/115/12 136/113/12 135/116/12
f 165/118/13 135/116/13 138/112/13
f 166/120/14 137/114/14 136/113/14
f 164/122/15 138/112/15 137/114/15
f 143/124/15 144/128/15 145/125/15
f 140/119/14 145/125/14 146/127/14
f 142/81/13 147/130/13 144/128/13
f 139/129/12 146/127/12 147/130/12
f 144/128/6 147/130/6 146/127/6
f 115/102/15 114/94/15 113/96/15
f 110/104/15 150/108/15 151/105/15
f 108/90/14 151/105/14 152/107/14
f 109/101/13 153/110/13 150/108/13
f 107/109/12 152/107/12 153/110/12
f 150/108/6 153/110/6 152/107/6
f 161/112/6 158/116/6 159/113/6
f 178/115/12 159/113/12 158/116/12
f 176/118/13 158/116/13 161/112/13
f 177/120/14 160/114/14 159/113/14
f 175/122/15 161/112/15 160/114/15
f 170/124/15 171/128/15 172/125/15
f 163/119/14 172/125/14 173/127/14
f 169/81/13 174/130/13 171/128/13
f 162/129/12 173/127/12 174/130/12
f 171/128/6 174/130/6 173/127/6
f 182/132/6 179/136/6 180/133/6
f 203/135/12 180/133/12 179/136/12
f 201/121/13 179/136/13 182/132/13
f 202/138/14 181/134/14 180/133/14
f 187/132/6 184/136/6 185/133/6
f 191/135/12 185/133/12 184/136/12
f 189/121/13 184/136/13 187/132/13
f 190/138/14 186/134/14 185/133/14
f 188/140/15 187/132/15 186/134/15
f 141/142/15 192/148/15 193/143/15
f 65/145/14 193/143/14 194/146/14
f 134/139/13 195/150/13 192/148/13
f 63/149/12 194/146/12 195/150/12
f 192/148/6 195/150/6 194/146/6
f 183/140/15 182/132/15 181/134/15
f 168/142/15 204/148/15 205/143/15
f 86/145/14 205/143/14 206/146/14
f 157/139/13 207/150/13 204/148/13
f 84/149/12 206/146/12 207/150/12
f 204/148/6 207/150/6 206/146/6
f 224/152/6 221/156/6 222/153/6
f 229/155/12 222/153/12 221/156/12
f 226/158/13 221/156/13 224/152/13
f 228/160/14 223/154/14 222/153/14
f 225/162/15 224/152/15 223/154/15
f 216/164/15 230/168/15 231/165/15
f 214/57/14 231/165/14 232/167/14
f 215/161/13 233/170/13 230/168/13
f 213/169/12 232/167/12 233/170/12
f 230/168/6 233/170/6 232/167/6
f 240/152/6 237/156/6 238/153/6
f 245/155/12 238/153/12 237/156/12
f 242/158/13 237/156/13 240/152/13
f 244/160/14 239/154/14 238/153/14
f 241/162/15 240/152/15 239/154/15
f 220/164/15 246/168/15 247/165/15
f 218/57/14 247/165/14 248/167/14
f 219/161/13 249/170/13 246/168/13
f 217/169/12 248/167/12 249/170/12
f 246/168/6 249/170/6 248/167/6
f 264/172/6 261/176/6 262/173/6
f 268/175/12 262/173/12 261/176/12
f 266/178/13 261/176/13 264/172/13
f 267/180/14 263/174/14 262/173/14
f 265/182/15 264/172/15 263/174/15
f 260/184/15 269/188/15 270/185/15
f 258/159/14 270/185/14 271/187/14
f 259/181/13 272/190/13 269/188/13
f 257/189/12 271/187/12 272/190/12
f 269/188/6 272/190/6 271/187/6
f 276/172/6 273/176/6 274/173/6
f 280/175/12 274/173/12 273/176/12
f 278/178/13 273/176/13 276/172/13
f 279/180/14 275/174/14 274/173/14
f 277/182/15 276/172/15 275/174/15
f 256/184/15 281/188/15 282/185/15
f 254/159/14 282/185/14 283/187/14
f 255/181/13 284/190/13 281/188/13
f 253/189/12 283/187/12 284/190/12
f 281/188/6 284/190/6 283/187/6
f 288/188/6 285/190/6 286/187/6
f 300/189/12 286/187/12 285/190/12
f 298/181/13 285/190/13 288/188/13
f 299/159/14 287/185/14 286/187/14
f 297/184/15 288/188/15 287/185/15
f 292/182/15 293/172/15 294/174/15
f 290/180/14 294/174/14 295/173/14
f 291/178/13 296/176/13 293/172/13
f 289/175/12 295/173/12 296/176/12
f 293/172/6 296/176/6 295/173/6
f 307/168/6 304/170/6 305/167/6
f 320/169/12 305/167/12 304/170/12
f 318/161/13 304/170/13 307/168/13
f 319/57/14 306/165/14 305/167/14
f 317/164/15 307/168/15 306/165/15
f 312/162/15 313/152/15 314/154/15
f 309/160/14 314/154/14 315/153/14
f 311/158/13 316/156/13 313/152/13
f 308/155/12 315/153/12 316/156/12
f 313/152/6 316/156/6 315/153/6
f 329/148/6 326/150/6 327/146/6
f 394/149/12 327/146/12 326/150/12
f 355/139/13 326/150/13 329/148/13
f 392/145/14 328/143/14 327/146/14
f 348/142/15 329/148/15 328/143/15
f 333/140/15 334/132/15 335/134/15
f 331/138/14 335/134/14 336/133/14
f 332/121/13 337/136/13 334/132/13
f 330/135/12 336/133/12 337/136/12
f 334/132/6 337/136/6 336/133/6
f 345/128/6 342/130/6 343/127/6
f 350/129/12 343/127/12 342/130/12
f 347/81/13 342/130/13 345/128/13
f 349/119/14 344/125/14 343/127/14
f 346/124/15 345/128/15 344/125/15
f 341/122/15 351/112/15 352/114/15
f 339/120/14 352/114/14 353/113/14
f 340/118/13 354/116/13 351/112/13
f 338/115/12 353/113/12 354/116/12
f 351/112/6 354/116/6 353/113/6
f 362/108/6 359/110/6 360/107/6
f 375/109/12 360/107/12 359/110/12
f 373/101/13 359/110/13 362/108/13
f 374/90/14 361/105/14 360/107/14
f 372/104/15 362/108/15 361/105/15
f 367/102/15 368/94/15 369/96/15
f 364/100/14 369/96/14 370/95/14
f 366/67/13 371/98/13 368/94/13
f 363/97/12 370/95/12 371/98/12
f 368/94/6 371/98/6 370/95/6
f 379/89/6 376/92/6 377/87/6
f 383/91/12 377/87/12 376/92/12
f 381/88/13 376/92/13 379/89/13
f 382/79/14 378/85/14 377/87/14
f 380/84/15 379/89/15 378/85/15
f 365/82/15 384/72/15 385/74/15
f 357/80/14 385/74/14 386/73/14
f 358/78/13 387/76/13 384/72/13
f 356/75/12 386/73/12 387/76/12
f 384/72/6 387/76/6 386/73/6
f 391/68/6 388/70/6 389/66/6
f 301/69/12 389/66/12 388/70/12
f 303/59/13 388/70/13 391/68/13
f 302/65/14 390/63/14 389/66/14
f 310/62/15 391/68/15 390/63/15
f 325/60/15 324/50/15 323/52/15
f 395/58/14 323/52/14 322/51/14
f 396/56/13 321/54/13 324/50/13
f 393/53/12 322/51/12 321/54/12
f 324/50/6 321/54/6 322/51/6
f 469/50/6 472/54/6 471/51/6
f 400/53/12 471/51/12 472/54/12
f 397/56/13 472/54/13 469/50/13
f 398/58/14 470/52/14 471/51/14
f 468/60/15 469/50/15 470/52/15
f 483/62/15 402/68/15 403/63/15
f 491/65/14 403/63/14 404/66/14
f 490/59/13 405/70/13 402/68/13
f 492/69/12 404/66/12 405/70/12
f 402/68/6 405/70/6 404/66/6
f 409/72/6 406/76/6 407/73/6
f 437/75/12 407/73/12 406/76/12
f 435/78/13 406/76/13 409/72/13
f 436/80/14 408/74/14 407/73/14
f 428/82/15 409/72/15 408/74/15
f 413/84/15 414/89/15 415/85/15
f 411/79/14 415/85/14 416/87/14
f 412/88/13 417/92/13 414/89/13
f 410/91/12 416/87/12 417/92/12
f 414/89/6 417/92/6 416/87/6
f 425/94/6 422/98/6 423/95/6
f 430/97/12 423/95/12 422/98/12
f 427/67/13 422/98/13 425/94/13
f 429/100/14 424/96/14 423/95/14
f 426/102/15 425/94/15 424/96/15
f 421/104/15 431/108/15 432/105/15
f 419/90/14 432/105/14 433/107/14
f 420/101/13 434/110/13 431/108/13
f 418/109/12 433/107/12 434/110/12
f 431/108/6 434/110/6 433/107/6
f 442/112/6 439/116/6 440/113/6
f 455/115/12 440/113/12 439/116/12
f 453/118/13 439/116/13 442/112/13
f 454/120/14 441/114/14 440/113/14
f 452/122/15 442/112/15 441/114/15
f 447/124/15 448/128/15 449/125/15
f 444/119/14 449/125/14 450/127/14
f 446/81/13 451/130/13 448/128/13
f 443/129/12 450/127/12 451/130/12
f 448/128/6 451/130/6 450/127/6
f 459/132/6 456/136/6 457/133/6
f 463/135/12 457/133/12 456/136/12
f 461/121/13 456/136/13 459/132/13
f 462/138/14 458/134/14 457/133/14
f 460/140/15 459/132/15 458/134/15
f 445/142/15 464/148/15 465/143/15
f 401/145/14 465/143/14 466/146/14
f 438/139/13 467/150/13 464/148/13
f 399/149/12 466/146/12 467/150/12
f 464/148/6 467/150/6 466/146/6
f 480/152/6 477/156/6 478/153/6
f 485/155/12 478/153/12 477/156/12
f 482/158/13 477/156/13 480/152/13
f 484/160/14 479/154/14 478/153/14
f 481/162/15 480/152/15 479/154/15
f 476/164/15 486/168/15 487/165/15
f 474/57/14 487/165/14 488/167/14
f 475/161/13 489/170/13 486/168/13
f 473/169/12 488/167/12 489/170/12
f 486/168/6 489/170/6 488/167/6
f 500/172/6 497/176/6 498/173/6
f 504/175/12 498/173/12 497/176/12
f 502/178/13 497/176/13 500/172/13
f 503/180/14 499/174/14 498/173/14
f 501/182/15 500/172/15 499/174/15
f 496/184/15 505/188/15 506/185/15
f 494/159/14 506/185/14 507/187/14
f 495/181/13 508/190/13 505/188/13
f 493/189/12 507/187/12 508/190/12
f 505/188/6 508/190/6 507/187/6
f 512/188/6 509/190/6 510/187/6
f 524/189/12 510/187/12 509/190/12
f 522/181/13 509/190/13 512/188/13
f 523/159/14 511/185/14 510/187/14
f 521/184/15 512/188/15 511/185/15
f 516/182/15 517/172/15 518/174/15
f 514/180/14 518/174/14 519/173/14
f 515/178/13 520/176/13 517/172/13
f 513/175/12 519/173/12 520/176/12
f 517/172/6 520/176/6 519/173/6
f 531/168/6 528/170/6 529/167/6
f 544/169/12 529/167/12 528/170/12
f 542/161/13 528/170/13 531/168/13
f 543/57/14 530/165/14 529/167/14
f 541/164/15 531/168/15 530/165/15
f 536/162/15 537/152/15 538/154/15
f 533/160/14 538/154/14 539/153/14
f 535/158/13 540/156/13 537/152/13
f 532/155/12 539/153/12 540/156/12
f 537/152/6 540/156/6 539/153/6
f 553/148/6 550/150/6 551/146/6
f 618/149/12 551/146/12 550/150/12
f 579/139/13 550/150/13 553/148/13
f 616/145/14 552/143/14 551/146/14
f 572/142/15 553/148/15 552/143/15
f 557/140/15 558/132/15 559/134/15
f 555/138/14 559/134/14 560/133/14
f 556/121/13 561/136/13 558/132/13
f 554/135/12 560/133/12 561/136/12
f 558/132/6 561/136/6 560/133/6
f 569/128/6 566/130/6 567/127/6
f 574/129/12 567/127/12 566/130/12
f 571/81/13 566/130/13 569/128/13
f 573/119/14 568/125/14 567/127/14
f 570/124/15 569/128/15 568/125/15
f 565/122/15 575/112/15 576/114/15
f 563/120/14 576/114/14 577/113/14
f 564/118/13 578/116/13 575/112/13
f 562/115/12 577/113/12 578/116/12
f 575/112/6 578/116/6 577/113/6
f 586/108/6 583/110/6 584/107/6
f 599/109/12 584/107/12 583/110/12
f 597/101/13 583/110/13 586/108/13
f 598/90/14 585/105/14 584/107/14
f 596/104/15 586/108/15 585/105/15
f 591/102/15 592/94/15 593/96/15
f 588/100/14 593/96/14 594/95/14
f 590/67/13 595/98/13 592/94/13
f 587/97/12 594/95/12 595/98/12
f 592/94/6 595/98/6 594/95/6
f 603/89/6 600/92/6 601/87/6
f 607/91/12 601/87/12 600/92/12
f 605/88/13 600/92/13 603/89/13
f 606/79/14 602/85/14 601/87/14
f 604/84/15 603/89/15 602/85/15
f 589/82/15 608/72/15 609/74/15
f 581/80/14 609/74/14 610/73/14
f 582/78/13 611/76/13 608/72/13
f 580/75/12 610/73/12 611/76/12
f 608/72/6 611/76/6 610/73/6
f 615/68/6 612/70/6 613/66/6
f 525/69/12 613/66/12 612/70/12
f 527/59/13 612/70/13 615/68/13
f 526/65/14 614/63/14 613/66/14
f 534/62/15 615/68/15 614/63/15
f 549/60/15 548/50/15 547/52/15
f 619/58/14 547/52/14 546/51/14
f 620/56/13 545/54/13 548/50/13
f 617/53/12 546/51/12 545/54/12
f 548/50/6 545/54/6 546/51/6
f 693/50/6 696/54/6 695/51/6
f 624/53/12 695/51/12 696/54/12
f 621/56/13 696/54/13 693/50/13
f 622/58/14 694/52/14 695/51/14
f 692/60/15 693/50/15 694/52/15
f 707/62/15 626/68/15 627/63/15
f 715/65/14 627/63/14 628/66/14
f 714/59/13 629/70/13 626/68/13
f 716/69/12 628/66/12 629/70/12
f 626/68/6 629/70/6 628/66/6
f 633/72/6 630/76/6 631/73/6
f 661/75/12 631/73/12 630/76/12
f 659/78/13 630/76/13 633/72/13
f 660/80/14 632/74/14 631/73/14
f 652/82/15 633/72/15 632/74/15
f 637/84/15 638/89/15 639/85/15
f 635/79/14 639/85/14 640/87/14
f 636/88/13 641/92/13 638/89/13
f 634/91/12 640/87/12 641/92/12
f 638/89/6 641/92/6 640/87/6
f 649/94/6 646/98/6 647/95/6
f 654/97/12 647/95/12 646/98/12
f 651/67/13 646/98/13 649/94/13
f 653/100/14 648/96/14 647/95/14
f 650/102/15 649/94/15 648/96/15
f 645/104/15 655/108/15 656/105/15
f 643/90/14 656/105/14 657/107/14
f 644/101/13 658/110/13 655/108/13
f 642/109/12 657/107/12 658/110/12
f 655/108/6 658/110/6 657/107/6
f 666/112/6 663/116/6 664/113/6
f 679/115/12 664/113/12 663/116/12
f 677/118/13 663/116/13 666/112/13
f 678/120/14 665/114/14 664/113/14
f 676/122/15 666/112/15 665/114/15
f 671/124/15 672/128/15 673/125/15
f 668/119/14 673/125/14 674/127/14
f 670/81/13 675/130/13 672/128/13
f 667/129/12 674/127/12 675/130/12
f 672/128/6 675/130/6 674/127/6
f 683/132/6 680/136/6 681/133/6
f 687/135/12 681/133/12 680/136/12
f 685/121/13 680/136/13 683/132/13
f 686/138/14 682/134/14 681/133/14
f 684/140/15 683/132/15 682/134/15
f 669/142/15 688/148/15 689/143/15
f 625/145/14 689/143/14 690/146/14
f 662/139/13 691/150/13 688/148/13
f 623/149/12 690/146/12 691/150/12
f 688/148/6 691/150/6 690/146/6
f 704/152/6 701/156/6 702/153/6
f 709/155/12 702/153/12 701/156/12
f 706/158/13 701/156/13 704/152/13
f 708/160/14 703/154/14 702/153/14
f 705/162/15 704/152/15 703/154/15
f 700/164/15 710/168/15 711/165/15
f 698/57/14 711/165/14 712/167/14
f 699/161/13 713/170/13 710/168/13
f 697/169/12 712/167/12 713/170/12
f 710/168/6 713/170/6 712/167/6
f 724/172/6 721/176/6 722/173/6
f 728/175/12 722/173/12 721/176/12
f 726/178/13 721/176/13 724/172/13
f 727/180/14 723/174/14 722/173/14
f 725/182/15 724/172/15 723/174/15
f 720/184/15 729/188/15 730/185/15
f 718/159/14 730/185/14 731/187/14
f 719/181/13 732/190/13 729/188/13
f 717/189/12 731/187/12 732/190/12
f 729/188/6 732/190/6 731/187/6
f 736/188/6 733/190/6 734/187/6
f 748/189/12 734/187/12 733/190/12
f 746/181/13 733/190/13 736/188/13
f 747/159/14 735/185/14 734/187/14
f 745/184/15 736/188/15 735/185/15
f 740/182/15 741/172/15 742/174/15
f 738/180/14 742/174/14 743/173/14
f 739/178/13 744/176/13 741/172/13
f 737/175/12 743/173/12 744/176/12
f 741/172/6 744/176/6 743/173/6
f 755/168/6 752/170/6 753/167/6
f 768/169/12 753/167/12 752/170/12
f 766/161/13 752/170/13 755/168/13
f 767/57/14 754/165/14 753/167/14
f 765/164/15 755/168/15 754/165/15
f 760/162/15 761/152/15 762/154/15
f 757/160/14 762/154/14 763/153/14
f 759/158/13 764/156/13 761/152/13
f 756/155/12 763/153/12 764/156/12
f 761/152/6 764/156/6 763/153/6
f 777/148/6 774/150/6 775/146/6
f 842/149/12 775/146/12 774/150/12
f 803/139/13 774/150/13 777/148/13
f 840/145/14 776/143/14 775/146/14
f 796/142/15 777/148/15 776/143/15
f 781/140/15 782/132/15 783/134/15
f 779/138/14 783/134/14 784/133/14
f 780/121/13 785/136/13 782/132/13
f 778/135/12 784/133/12 785/136/12
f 782/132/6 785/136/6 784/133/6
f 793/128/6 790/130/6 791/127/6
f 798/129/12 791/127/12 790/130/12
f 795/81/13 790/130/13 793/128/13
f 797/119/14 792/125/14 791/127/14
f 794/124/15 793/128/15 792/125/15
f 789/122/15 799/112/15 800/114/15
f 787/120/14 800/114/14 801/113/14
f 788/118/13 802/116/13 799/112/13
f 786/115/12 801/113/12 802/116/12
f 799/112/6 802/116/6 801/113/6
f 810/108/6 807/110/6 808/107/6
f 823/109/12 808/107/12 807/110/12
f 821/101/13 807/110/13 810/108/13
f 822/90/14 809/105/14 808/107/14
f 820/104/15 810/108/15 809/105/15
f 815/102/15 816/94/15 817/96/15
f 812/100/14 817/96/14 818/95/14
f 814/67/13 819/98/13 816/94/13
f 811/97/12 818/95/12 819/98/12
f 816/94/6 819/98/6 818/95/6
f 827/89/6 824/92/6 825/87/6
f 831/91/12 825/87/12 824/92/12
f 829/88/13 824/92/13 827/89/13
f 830/79/14 826/85/14 825/87/14
f 828/84/15 827/89/15 826/85/15
f 813/82/15 832/72/15 833/74/15
f 805/80/14 833/74/14 834/73/14
f 806/78/13 835/76/13 832/72/13
f 804/75/12 834/73/12 835/76/12
f 832/72/6 835/76/6 834/73/6
f 839/68/6 836/70/6 837/66/6
f 749/69/12 837/66/12 836/70/12
f 751/59/13 836/70/13 839/68/13
f 750/65/14 838/63/14 837/66/14
f 758/62/15 839/68/15 838/63/15
f 773/60/15 772/50/15 771/52/15
f 843/58/14 771/52/14 770/51/14
f 844/56/13 769/54/13 772/50/13
f 841/53/12 770/51/12 769/54/12
f 772/50/6 769/54/6 770/51/6
f 848/188/6 845/190/6 846/187/6
f 860/189/12 846/187/12 845/190/12
f 858/181/13 845/190/13 848/188/13
f 859/159/14 847/185/14 846/187/14
f 857/184/15 848/188/15 847/185/15
f 852/182/15 853/172/15 854/174/15
f 850/180/14 854/174/14 855/173/14
f 851/178/13 856/176/13 853/172/13
f 849/175/12 855/173/12 856/176/12
f 853/172/6 856/176/6 855/173/6
f 867/168/6 864/170/6 865/167/6
f 880/169/12 865/167/12 864/170/12
f 878/161/13 864/170/13 867/168/13
f 879/57/14 866/165/14 865/167/14
f 877/164/15 867/168/15 866/165/15
f 872/162/15 873/152/15 874/154/15
f 869/160/14 874/154/14 875/153/14
f 871/158/13 876/156/13 873/152/13
f 868/155/12 875/153/12 876/156/12
f 873/152/6 876/156/6 875/153/6
f 889/148/6 886/150/6 887/146/6
f 954/149/12 887/146/12 886/150/12
f 915/139/13 886/150/13 889/148/13
f 952/145/14 888/143/14 887/146/14
f 908/142/15 889/148/15 888/143/15
f 893/140/15 894/132/15 895/134/15
f 891/138/14 895/134/14 896/133/14
f 892/121/13 897/136/13 894/132/13
f 890/135/12 896/133/12 897/136/12
f 894/132/6 897/136/6 896/133/6
f 905/128/6 902/130/6 903/127/6
f 910/129/12 903/127/12 902/130/12
f 907/81/13 902/130/13 905/128/13
f 909/119/14 904/125/14 903/127/14
f 906/124/15 905/128/15 904/125/15
f 901/122/15 911/112/15 912/114/15
f 899/120/14 912/114/14 913/113/14
f 900/118/13 914/116/13 911/112/13
f 898/115/12 913/113/12 914/116/12
f 911/112/6 914/116/6 913/113/6
f 922/108/6 919/110/6 920/107/6
f 935/109/12 920/107/12 919/110/12
f 933/101/13 919/110/13 922/108/13
f 934/90/14 921/105/14 920/107/14
f 932/104/15 922/108/15 921/105/15
f 927/102/15 928/94/15 929/96/15
f 924/100/14 929/96/14 930/95/14
f 926/67/13 931/98/13 928/94/13
f 923/97/12 930/95/12 931/98/12
f 928/94/6 931/98/6 930/95/6
f 939/89/6 936/92/6 937/87/6
f 943/91/12 937/87/12 936/92/12
f 941/88/13 936/92/13 939/89/13
f 942/79/14 938/85/14 937/87/14
f 940/84/15 939/89/15 938/85/15
f 925/82/15 944/72/15 945/74/15
f 917/80/14 945/74/14 946/73/14
f 918/78/13 947/76/13 944/72/13
f 916/75/12 946/73/12 947/76/12
f 944/72/6 947/76/6 946/73/6
f 951/68/6 948/70/6 949/66/6
f 861/69/12 949/66/12 948/70/12
f 863/59/13 948/70/13 951/68/13
f 862/65/14 950/63/14 949/66/14
f 870/62/15 951/68/15 950/63/15
f 885/60/15 884/50/15 883/52/15
f 955/58/14 883/52/14 882/51/14
f 956/56/13 881/54/13 884/50/13
f 953/53/12 882/51/12 881/54/12
f 884/50/6 881/54/6 882/51/6
f 1029/50/6 1032/54/6 1031/51/6
f 960/53/12 1031/51/12 1032/54/12
f 957/56/13 1032/54/13 1029/50/13
f 958/58/14 1030/52/14 1031/51/14
f 1028/60/15 1029/50/15 1030/52/15
f 1043/62/15 962/68/15 963/63/15
f 1051/65/14 963/63/14 964/66/14
f 1050/59/13 965/70/13 962/68/13
f 1052/69/12 964/66/12 965/70/12
f 962/68/6 965/70/6 964/66/6
f 969/72/6 966/76/6 967/73/6
f 997/75/12 967/73/12 966/76/12
f 995/78/13 966/76/13 969/72/13
f 996/80/14 968/74/14 967/73/14
f 988/82/15 969/72/15 968/74/15
f 973/84/15 974/89/15 975/85/15
f 971/79/14 975/85/14 976/87/14
f 972/88/13 977/92/13 974/89/13
f 970/91/12 976/87/12 977/92/12
f 974/89/6 977/92/6 976/87/6
f 985/94/6 982/98/6 983/95/6
f 990/97/12 983/95/12 982/98/12
f 987/67/13 982/98/13 985/94/13
f 989/100/14 984/96/14 983/95/14
f 986/102/15 985/94/15 984/96/15
f 981/104/15 991/108/15 992/105/15
f 979/90/14 992/105/14 993/107/14
f 980/101/13 994/110/13 991/108/13
f 978/109/12 993/107/12 994/110/12
f 991/108/6 994/110/6 993/107/6
f 1002/112/6 999/116/6 1000/113/6
f 1015/115/12 1000/113/12 999/116/12
f 1013/118/13 999/116/13 1002/112/13
f 1014/120/14 1001/114/14 1000/113/14
f 1012/122/15 1002/112/15 1001/114/15
f 1007/124/15 1008/128/15 1009/125/15
f 1004/119/14 1009/125/14 1010/127/14
f 1006/81/13 1011/130/13 1008/128/13
f 1003/129/12 1010/127/12 1011/130/12
f 1008/128/6 1011/130/6 1010/127/6
f 1019/132/6 1016/136/6 1017/133/6
f 1023/135/12 1017/133/12 1016/136/12
f 1021/121/13 1016/136/13 1019/132/13
f 1022/138/14 1018/134/14 1017/133/14
f 1020/140/15 1019/132/15 1018/134/15
f 1005/142/15 1024/148/15 1025/143/15
f 961/145/14 1025/143/14 1026/146/14
f 998/139/13 1027/150/13 1024/148/13
f 959/149/12 1026/146/12 1027/150/12
f 1024/148/6 1027/150/6 1026/146/6
f 1040/152/6 1037/156/6 1038/153/6
f 1045/155/12 1038/153/12 1037/156/12
f 1042/158/13 1037/156/13 1040/152/13
f 1044/160/14 1039/154/14 1038/153/14
f 1041/162/15 1040/152/15 1039/154/15
f 1036/164/15 1046/168/15 1047/165/15
f 1034/57/14 1047/165/14 1048/167/14
f 1035/161/13 1049/170/13 1046/168/13
f 1033/169/12 1048/167/12 1049/170/12
f 1046/168/6 1049/170/6 1048/167/6
f 1060/172/6 1057/176/6 1058/173/6
f 1064/175/12 1058/173/12 1057/176/12
f 1062/178/13 1057/176/13 1060/172/13
f 1063/180/14 1059/174/14 1058/173/14
f 1061/182/15 1060/172/15 1059/174/15
f 1056/184/15 1065/188/15 1066/185/15
f 1054/159/14 1066/185/14 1067/187/14
f 1055/181/13 1068/190/13 1065/188/13
f 1053/189/12 1067/187/12 1068/190/12
f 1065/188/6 1068/190/6 1067/187/6
f 1141/50/6 1144/54/6 1143/51/6
f 1072/53/12 1143/51/12 1144/54/12
f 1069/56/13 1144/54/13 1141/50/13
f 1070/58/14 1142/52/14 1143/51/14
f 1140/60/15 1141/50/15 1142/52/15
f 1155/62/15 1074/68/15 1075/63/15
f 1163/65/14 1075/63/14 1076/66/14
f 1162/59/13 1077/70/13 1074/68/13
f 1164/69/12 1076/66/12 1077/70/12
f 1074/68/6 1077/70/6 1076/66/6
f 1081/72/6 1078/76/6 1079/73/6
f 1109/75/12 1079/73/12 1078/76/12
f 1107/78/13 1078/76/13 1081/72/13
f 1108/80/14 1080/74/14 1079/73/14
f 1100/82/15 1081/72/15 1080/74/15
f 1085/84/15 1086/89/15 1087/85/15
f 1083/79/14 1087/85/14 1088/87/14
f 1084/88/13 1089/92/13 1086/89/13
f 1082/91/12 1088/87/12 1089/92/12
f 1086/89/6 1089/92/6 1088/87/6
f 1097/94/6 1094/98/6 1095/95/6
f 1102/97/12 1095/95/12 1094/98/12
f 1099/67/13 1094/98/13 1097/94/13
f 1101/100/14 1096/96/14 1095/95/14
f 1098/102/16 1097/94/16 1096/96/16
f 1093/104/15 1103/108/15 1104/105/15
f 1091/90/14 1104/105/14 1105/107/14
f 1092/101/13 1106/110/13 1103/108/13
f 1090/109/12 1105/107/12 1106/110/12
f 1103/108/6 1106/110/6 1105/107/6
f 1114/112/6 1111/116/6 1112/113/6
f 1127/115/12 1112/113/12 1111/116/12
f 1125/118/13 1111/116/13 1114/112/13
f 1126/120/14 1113/114/14 1112/113/14
f 1124/122/15 1114/112/15 1113/114/15
f 1119/124/15 1120/128/15 1121/125/15
f 1116/119/14 1121/125/14 1122/127/14
f 1118/81/13 1123/130/13 1120/128/13
f 1115/129/12 1122/127/12 1123/130/12
f 1120/128/6 1123/130/6 1122/127/6
f 1131/132/6 1128/136/6 1129/133/6
f 1135/135/12 1129/133/12 1128/136/12
f 1133/121/13 1128/136/13 1131/132/13
f 1134/138/14 1130/134/14 1129/133/14
f 1132/140/15 1131/132/15 1130/134/15
f 1117/142/15 1136/148/15 1137/143/15
f 1073/145/14 1137/143/14 1138/146/14
f 1110/139/13 1139/150/13 1136/148/13
f 1071/149/12 1138/146/12 1139/150/12
f 1136/148/6 1139/150/6 1138/146/6
f 1152/152/6 1149/156/6 1150/153/6
f 1157/155/12 1150/153/12 1149/156/12
f 1154/158/13 1149/156/13 1152/152/13
f 1156/160/14 1151/154/14 1150/153/14
f 1153/162/15 1152/152/15 1151/154/15
f 1148/164/15 1158/168/15 1159/165/15
f 1146/57/14 1159/165/14 1160/167/14
f 1147/161/13 1161/170/13 1158/168/13
f 1145/169/12 1160/167/12 1161/170/12
f 1158/168/6 1161/170/6 1160/167/6
f 1172/172/6 1169/176/6 1170/173/6
f 1176/175/12 1170/173/12 1169/176/12
f 1174/178/13 1169/176/13 1172/172/13
f 1175/180/14 1171/174/14 1170/173/14
f 1173/182/15 1172/172/15 1171/174/15
f 1168/184/15 1177/188/15 1178/185/15
f 1166/159/14 1178/185/14 1179/187/14
f 1167/181/13 1180/190/13 1177/188/13
f 1165/189/12 1179/187/12 1180/190/12
f 1177/188/6 1180/190/6 1179/187/6
f 1184/188/6 1181/190/6 1182/187/6
f 1196/189/12 1182/187/12 1181/190/12
f 1194/181/13 1181/190/13 1184/188/13
f 1195/159/14 1183/185/14 1182/187/14
f 1193/184/15 1184/188/15 1183/185/15
f 1188/182/15 1189/172/15 1190/174/15
f 1186/180/14 1190/174/14 1191/173/14
f 1187/178/13 1192/176/13 1189/172/13
f 1185/175/12 1191/173/12 1192/176/12
f 1189/172/6 1192/176/6 1191/173/6
f 1203/168/6 1200/170/6 1201/167/6
f 1216/169/12 1201/167/12 1200/170/12
f 1214/161/13 1200/170/13 1203/168/13
f 1215/57/14 1202/165/14 1201/167/14
f 1213/164/16 1203/168/16 1202/165/16
f 1208/162/15 1209/152/15 1210/154/15
f 1205/160/14 1210/154/14 1211/153/14
f 1207/158/13 1212/156/13 1209/152/13
f 1204/155/12 1211/153/12 1212/156/12
f 1209/152/6 1212/156/6 1211/153/6
f 1225/148/6 1222/150/6 1223/146/6
f 1290/149/12 1223/146/12 1222/150/12
f 1251/139/13 1222/150/13 1225/148/13
f 1288/145/14 1224/143/14 1223/146/14
f 1244/142/15 1225/148/15 1224/143/15
f 1229/140/15 1230/132/15 1231/134/15
f 1227/138/14 1231/134/14 1232/133/14
f 1228/121/13 1233/136/13 1230/132/13
f 1226/135/12 1232/133/12 1233/136/12
f 1230/132/6 1233/136/6 1232/133/6
f 1241/128/6 1238/130/6 1239/127/6
f 1246/129/12 1239/127/12 1238/130/12
f 1243/81/13 1238/130/13 1241/128/13
f 1245/119/14 1240/125/14 1239/127/14
f 1242/124/16 1241/128/16 1240/125/16
f 1237/122/15 1247/112/15 1248/114/15
f 1235/120/14 1248/114/14 1249/113/14
f 1236/118/13 1250/116/13 1247/112/13
f 1234/115/12 1249/113/12 1250/116/12
f 1247/112/6 1250/116/6 1249/113/6
f 1258/108/6 1255/110/6 1256/107/6
f 1271/109/12 1256/107/12 1255/110/12
f 1269/101/13 1255/110/13 1258/108/13
f 1270/90/14 1257/105/14 1256/107/14
f 1268/104/15 1258/108/15 1257/105/15
f 1263/102/15 1264/94/15 1265/96/15
f 1260/100/14 1265/96/14 1266/95/14
f 1262/67/13 1267/98/13 1264/94/13
f 1259/97/12 1266/95/12 1267/98/12
f 1264/94/6 1267/98/6 1266/95/6
f 1275/89/6 1272/92/6 1273/87/6
f 1279/91/12 1273/87/12 1272/92/12
f 1277/88/13 1272/92/13 1275/89/13
f 1278/79/14 1274/85/14 1273/87/14
f 1276/84/15 1275/89/15 1274/85/15
f 1261/82/16 1280/72/16 1281/74/16
f 1253/80/14 1281/74/14 1282/73/14
f 1254/78/13 1283/76/13 1280/72/13
f 1252/75/12 1282/73/12 1283/76/12
f 1280/72/6 1283/76/6 1282/73/6
f 1287/68/6 1284/70/6 1285/66/6
f 1197/69/12 1285/66/12 1284/70/12
f 1199/59/13 1284/70/13 1287/68/13
f 1198/65/14 1286/63/14 1285/66/14
f 1206/62/15 1287/68/15 1286/63/15
f 1221/60/16 1220/50/16 1219/52/16
f 1291/58/14 1219/52/14 1218/51/14
f 1292/56/13 1217/54/13 1220/50/13
f 1289/53/12 1218/51/12 1217/54/12
f 1220/50/6 1217/54/6 1218/51/6
f 1365/50/6 1368/54/6 1367/51/6
f 1296/53/12 1367/51/12 1368/54/12
f 1293/56/13 1368/54/13 1365/50/13
f 1294/58/14 1366/52/14 1367/51/14
f 1364/60/16 1365/50/16 1366/52/16
f 1379/62/15 1298/68/15 1299/63/15
f 1387/65/14 1299/63/14 1300/66/14
f 1386/59/13 1301/70/13 1298/68/13
f 1388/69/12 1300/66/12 1301/70/12
f 1298/68/6 1301/70/6 1300/66/6
f 1305/72/6 1302/76/6 1303/73/6
f 1333/75/12 1303/73/12 1302/76/12
f 1331/78/13 1302/76/13 1305/72/13
f 1332/80/14 1304/74/14 1303/73/14
f 1324/82/16 1305/72/16 1304/74/16
f 1309/84/15 1310/89/15 1311/85/15
f 1307/79/14 1311/85/14 1312/87/14
f 1308/88/13 1313/92/13 1310/89/13
f 1306/91/12 1312/87/12 1313/92/12
f 1310/89/6 1313/92/6 1312/87/6
f 1321/94/6 1318/98/6 1319/95/6
f 1326/97/12 1319/95/12 1318/98/12
f 1323/67/13 1318/98/13 1321/94/13
f 1325/100/14 1320/96/14 1319/95/14
f 1322/102/15 1321/94/15 1320/96/15
f 1317/104/15 1327/108/15 1328/105/15
f 1315/90/14 1328/105/14 1329/107/14
f 1316/101/13 1330/110/13 1327/108/13
f 1314/109/12 1329/107/12 1330/110/12
f 1327/108/6 1330/110/6 1329/107/6
f 1338/112/6 1335/116/6 1336/113/6
f 1351/115/12 1336/113/12 1335/116/12
f 1349/118/13 1335/116/13 1338/112/13
f 1350/120/14 1337/114/14 1336/113/14
f 1348/122/15 1338/112/15 1337/114/15
f 1343/124/16 1344/128/16 1345/125/16
f 1340/119/14 1345/125/14 1346/127/14
f 1342/81/13 1347/130/13 1344/128/13
f 1339/129/12 1346/127/12 1347/130/12
f 1344/128/6 1347/130/6 1346/127/6
f 1355/132/6 1352/136/6 1353/133/6
f 1359/135/12 1353/133/12 1352/136/12
f 1357/121/13 1352/136/13 1355/132/13
f 1358/138/14 1354/134/14 1353/133/14
f 1356/140/15 1355/132/15 1354/134/15
f 1341/142/15 1360/148/15 1361/143/15
f 1297/145/14 1361/143/14 1362/146/14
f 1334/139/13 1363/150/13 1360/148/13
f 1295/149/12 1362/146/12 1363/150/12
f 1360/148/6 1363/150/6 1362/146/6
f 1376/152/6 1373/156/6 1374/153/6
f 1381/155/12 1374/153/12 1373/156/12
f 1378/158/13 1373/156/13 1376/152/13
f 1380/160/14 1375/154/14 1374/153/14
f 1377/162/15 1376/152/15 1375/154/15
f 1372/164/16 1382/168/16 1383/165/16
f 1370/57/14 1383/165/14 1384/167/14
f 1371/161/13 1385/170/13 1382/168/13
f 1369/169/12 1384/167/12 1385/170/12
f 1382/168/6 1385/170/6 1384/167/6
f 1396/172/6 1393/176/6 1394/173/6
f 1400/175/12 1394/173/12 1393/176/12
f 1398/178/13 1393/176/13 1396/172/13
f 1399/180/14 1395/174/14 1394/173/14
f 1397/182/15 1396/172/15 1395/174/15
f 1392/184/15 1401/188/15 1402/185/15
f 1390/159/14 1402/185/14 1403/187/14
f 1391/181/13 1404/190/13 1401/188/13
f 1389/189/12 1403/187/12 1404/190/12
f 1401/188/6 1404/190/6 1403/187/6
f 1408/188/6 1405/190/6 1406/187/6
f 1420/189/12 1406/187/12 1405/190/12
f 1418/181/13 1405/190/13 1408/188/13
f 1419/159/14 1407/185/14 1406/187/14
f 1417/184/15 1408/188/15 1407/185/15
f 1412/182/15 1413/172/15 1414/174/15
f 1410/180/14 1414/174/14 1415/173/14
f 1411/178/13 1416/176/13 1413/172/13
f 1409/175/12 1415/173/12 1416/176/12
f 1413/172/6 1416/176/6 1415/173/6
f 1427/168/6 1424/170/6 1425/167/6
f 1440/169/12 1425/167/12 1424/170/12
f 1438/161/13 1424/170/13 1427/168/13
f 1439/57/14 1426/165/14 1425/167/14
f 1437/164/15 1427/168/15 1426/165/15
f 1432/162/15 1433/152/15 1434/154/15
f 1429/160/14 1434/154/14 1435/153/14
f 1431/158/13 1436/156/13 1433/152/13
f 1428/155/12 1435/153/12 1436/156/12
f 1433/152/6 1436/156/6 1435/153/6
f 1449/148/6 1446/150/6 1447/146/6
f 1514/149/12 1447/146/12 1446/150/12
f 1475/139/13 1446/150/13 1449/148/13
f 1512/145/14 1448/143/14 1447/146/14
f 1468/142/15 1449/148/15 1448/143/15
f 1453/140/15 1454/132/15 1455/134/15
f 1451/138/14 1455/134/14 1456/133/14
f 1452/121/13 1457/136/13 1454/132/13
f 1450/135/12 1456/133/12 1457/136/12
f 1454/132/6 1457/136/6 1456/133/6
f 1465/128/6 1462/130/6 1463/127/6
f 1470/129/12 1463/127/12 1462/130/12
f 1467/81/13 1462/130/13 1465/128/13
f 1469/119/14 1464/125/14 1463/127/14
f 1466/124/15 1465/128/15 1464/125/15
f 1461/122/15 1471/112/15 1472/114/15
f 1459/120/14 1472/114/14 1473/113/14
f 1460/118/13 1474/116/13 1471/112/13
f 1458/115/12 1473/113/12 1474/116/12
f 1471/112/6 1474/116/6 1473/113/6
f 1482/108/6 1479/110/6 1480/107/6
f 1495/109/12 1480/107/12 1479/110/12
f 1493/101/13 1479/110/13 1482/108/13
f 1494/90/14 1481/105/14 1480/107/14
f 1492/104/15 1482/108/15 1481/105/15
f 1487/102/15 1488/94/15 1489/96/15
f 1484/100/14 1489/96/14 1490/95/14
f 1486/67/13 1491/98/13 1488/94/13
f 1483/97/12 1490/95/12 1491/98/12
f 1488/94/6 1491/98/6 1490/95/6
f 1499/89/6 1496/92/6 1497/87/6
f 1503/91/12 1497/87/12 1496/92/12
f 1501/88/13 1496/92/13 1499/89/13
f 1502/79/14 1498/85/14 1497/87/14
f 1500/84/16 1499/89/16 1498/85/16
f 1485/82/15 1504/72/15 1505/74/15
f 1477/80/14 1505/74/14 1506/73/14
f 1478/78/13 1507/76/13 1504/72/13
f 1476/75/12 1506/73/12 1507/76/12
f 1504/72/6 1507/76/6 1506/73/6
f 1511/68/6 1508/70/6 1509/66/6
f 1421/69/12 1509/66/12 1508/70/12
f 1423/59/13 1508/70/13 1511/68/13
f 1422/65/14 1510/63/14 1509/66/14
f 1430/62/16 1511/68/16 1510/63/16
f 1445/60/15 1444/50/15 1443/52/15
f 1515/58/14 1443/52/14 1442/51/14
f 1516/56/13 1441/54/13 1444/50/13
f 1513/53/12 1442/51/12 1441/54/12
f 1444/50/6 1441/54/6 1442/51/6
f 1589/50/6 1592/54/6 1591/51/6
f 1520/53/12 1591/51/12 1592/54/12
f 1517/56/13 1592/54/13 1589/50/13
f 1518/58/14 1590/52/14 1591/51/14
f 1588/60/15 1589/50/15 1590/52/15
f 1603/62/15 1522/68/15 1523/63/15
f 1611/65/14 1523/63/14 1524/66/14
f 1610/59/13 1525/70/13 1522/68/13
f 1612/69/12 1524/66/12 1525/70/12
f 1522/68/6 1525/70/6 1524/66/6
f 1529/72/6 1526/76/6 1527/73/6
f 1557/75/12 1527/73/12 1526/76/12
f 1555/78/13 1526/76/13 1529/72/13
f 1556/80/14 1528/74/14 1527/73/14
f 1548/82/15 1529/72/15 1528/74/15
f 1533/84/15 1534/89/15 1535/85/15
f 1531/79/14 1535/85/14 1536/87/14
f 1532/88/13 1537/92/13 1534/89/13
f 1530/91/12 1536/87/12 1537/92/12
f 1534/89/6 1537/92/6 1536/87/6
f 1545/94/6 1542/98/6 1543/95/6
f 1550/97/12 1543/95/12 1542/98/12
f 1547/67/13 1542/98/13 1545/94/13
f 1549/100/14 1544/96/14 1543/95/14
f 1546/102/15 1545/94/15 1544/96/15
f 1541/104/15 1551/108/15 1552/105/15
f 1539/90/14 1552/105/14 1553/107/14
f 1540/101/13 1554/110/13 1551/108/13
f 1538/109/12 1553/107/12 1554/110/12
f 1551/108/6 1554/110/6 1553/107/6
f 1562/112/6 1559/116/6 1560/113/6
f 1575/115/12 1560/113/12 1559/116/12
f 1573/118/13 1559/116/13 1562/112/13
f 1574/120/14 1561/114/14 1560/113/14
f 1572/122/15 1562/112/15 1561/114/15
f 1567/124/15 1568/128/15 1569/125/15
f 1564/119/14 1569/125/14 1570/127/14
f 1566/81/13 1571/130/13 1568/128/13
f 1563/129/12 1570/127/12 1571/130/12
f 1568/128/6 1571/130/6 1570/127/6
f 1579/132/6 1576/136/6 1577/133/6
f 1583/135/12 1577/133/12 1576/136/12
f 1581/121/13 1576/136/13 1579/132/13
f 1582/138/14 1578/134/14 1577/133/14
f 1580/140/15 1579/132/15 1578/134/15
f 1565/142/15 1584/148/15 1585/143/15
f 1521/145/14 1585/143/14 1586/146/14
f 1558/139/13 1587/150/13 1584/148/13
f 1519/149/12 1586/146/12 1587/150/12
f 1584/148/6 1587/150/6 1586/146/6
f 1600/152/6 1597/156/6 1598/153/6
f 1605/155/12 1598/153/12 1597/156/12
f 1602/158/13 1597/156/13 1600/152/13
f 1604/160/14 1599/154/14 1598/153/14
f 1601/162/15 1600/152/15 1599/154/15
f 1596/164/15 1606/168/15 1607/165/15
f 1594/57/14 1607/165/14 1608/167/14
f 1595/161/13 1609/170/13 1606/168/13
f 1593/169/12 1608/167/12 1609/170/12
f 1606/168/6 1609/170/6 1608/167/6
f 1620/172/6 1617/176/6 1618/173/6
f 1624/175/12 1618/173/12 1617/176/12
f 1622/178/13 1617/176/13 1620/172/13
f 1623/180/14 1619/174/14 1618/173/14
f 1621/182/15 1620/172/15 1619/174/15
f 1616/184/15 1625/188/15 1626/185/15
f 1614/159/14 1626/185/14 1627/187/14
f 1615/181/13 1628/190/13 1625/188/13
f 1613/189/12 1627/187/12 1628/190/12
f 1625/188/6 1628/190/6 1627/187/6
f 1632/188/6 1629/190/6 1630/187/6
f 1660/189/12 1630/187/12 1629/190/12
f 1658/181/13 1629/190/13 1632/188/13
f 1659/159/14 1631/185/14 1630/187/14
f 1657/184/15 1632/188/15 1631/185/15
f 1636/182/15 1637/172/15 1638/174/15
f 1634/180/14 1638/174/14 1639/173/14
f 1635/178/13 1640/176/13 1637/172/13
f 1633/175/12 1639/173/12 1640/176/12
f 1637/172/6 1640/176/6 1639/173/6
f 1644/188/6 1641/190/6 1642/187/6
f 1656/189/12 1642/187/12 1641/190/12
f 1654/181/13 1641/190/13 1644/188/13
f 1655/159/14 1643/185/14 1642/187/14
f 1653/184/15 1644/188/15 1643/185/15
f 1648/182/15 1649/172/15 1650/174/15
f 1646/180/14 1650/174/14 1651/173/14
f 1647/178/13 1652/176/13 1649/172/13
f 1645/175/12 1651/173/12 1652/176/12
f 1649/172/6 1652/176/6 1651/173/6
f 1667/168/6 1664/170/6 1665/167/6
f 1696/169/12 1665/167/12 1664/170/12
f 1694/161/13 1664/170/13 1667/168/13
f 1695/57/14 1666/165/14 1665/167/14
f 1693/164/15 1667/168/15 1666/165/15
f 1672/162/15 1673/152/15 1674/154/15
f 1669/160/14 1674/154/14 1675/153/14
f 1671/158/13 1676/156/13 1673/152/13
f 1668/155/12 1675/153/12 1676/156/12
f 1673/152/6 1676/156/6 1675/153/6
f 1683/168/6 1680/170/6 1681/167/6
f 1700/169/12 1681/167/12 1680/170/12
f 1698/161/13 1680/170/13 1683/168/13
f 1699/57/14 1682/165/14 1681/167/14
f 1697/164/16 1683/168/16 1682/165/16
f 1688/162/15 1689/152/15 1690/154/15
f 1685/160/14 1690/154/14 1691/153/14
f 1687/158/13 1692/156/13 1689/152/13
f 1684/155/12 1691/153/12 1692/156/12
f 1689/152/6 1692/156/6 1691/153/6
f 1709/148/6 1706/150/6 1707/146/6
f 1829/149/12 1707/146/12 1706/150/12
f 1756/139/13 1706/150/13 1709/148/13
f 1827/145/14 1708/143/14 1707/146/14
f 1745/142/15 1709/148/15 1708/143/15
f 1730/140/15 1731/132/15 1732/134/15
f 1721/148/6 1718/150/6 1719/146/6
f 1850/149/12 1719/146/12 1718/150/12
f 1779/139/13 1718/150/13 1721/148/13
f 1848/145/14 1720/143/14 1719/146/14
f 1772/142/15 1721/148/15 1720/143/15
f 1725/140/15 1726/132/15 1727/134/15
f 1723/138/14 1727/134/14 1728/133/14
f 1724/121/13 1729/136/13 1726/132/13
f 1722/135/12 1728/133/12 1729/136/12
f 1726/132/6 1729/136/6 1728/133/6
f 1711/138/14 1732/134/14 1733/133/14
f 1712/121/13 1734/136/13 1731/132/13
f 1710/135/12 1733/133/12 1734/136/12
f 1731/132/6 1734/136/6 1733/133/6
f 1742/128/6 1739/130/6 1740/127/6
f 1751/129/12 1740/127/12 1739/130/12
f 1744/81/13 1739/130/13 1742/128/13
f 1750/119/14 1741/125/14 1740/127/14
f 1743/124/16 1742/128/16 1741/125/16
f 1738/122/15 1752/112/15 1753/114/15
f 1736/120/14 1753/114/14 1754/113/14
f 1737/118/13 1755/116/13 1752/112/13
f 1735/115/12 1754/113/12 1755/116/12
f 1752/112/6 1755/116/6 1754/113/6
f 1763/108/6 1760/110/6 1761/107/6
f 1806/109/12 1761/107/12 1760/110/12
f 1804/101/13 1760/110/13 1763/108/13
f 1805/90/14 1762/105/14 1761/107/14
f 1803/104/15 1763/108/15 1762/105/15
f 1798/102/15 1799/94/15 1800/96/15
f 1769/128/6 1766/130/6 1767/127/6
f 1774/129/12 1767/127/12 1766/130/12
f 1771/81/13 1766/130/13 1769/128/13
f 1773/119/14 1768/125/14 1767/127/14
f 1770/124/15 1769/128/15 1768/125/15
f 1749/122/15 1775/112/15 1776/114/15
f 1747/120/14 1776/114/14 1777/113/14
f 1748/118/13 1778/116/13 1775/112/13
f 1746/115/12 1777/113/12 1778/116/12
f 1775/112/6 1778/116/6 1777/113/6
f 1786/108/6 1783/110/6 1784/107/6
f 1815/109/12 1784/107/12 1783/110/12
f 1813/101/13 1783/110/13 1786/108/13
f 1814/90/14 1785/105/14 1784/107/14
f 1812/104/15 1786/108/15 1785/105/15
f 1791/102/15 1792/94/15 1793/96/15
f 1788/100/14 1793/96/14 1794/95/14
f 1790/67/13 1795/98/13 1792/94/13
f 1787/97/12 1794/95/12 1795/98/12
f 1792/94/6 1795/98/6 1794/95/6
f 1765/100/14 1800/96/14 1801/95/14
f 1797/67/13 1802/98/13 1799/94/13
f 1764/97/12 1801/95/12 1802/98/12
f 1799/94/6 1802/98/6 1801/95/6
f 1810/89/6 1807/92/6 1808/87/6
f 1818/91/12 1808/87/12 1807/92/12
f 1816/88/13 1807/92/13 1810/89/13
f 1817/79/14 1809/85/14 1808/87/14
f 1811/84/15 1810/89/15 1809/85/15
f 1796/82/16 1819/72/16 1820/74/16
f 1758/80/14 1820/74/14 1821/73/14
f 1759/78/13 1822/76/13 1819/72/13
f 1757/75/12 1821/73/12 1822/76/12
f 1819/72/6 1822/76/6 1821/73/6
f 1826/68/6 1823/70/6 1824/66/6
f 1677/69/12 1824/66/12 1823/70/12
f 1679/59/13 1823/70/13 1826/68/13
f 1678/65/14 1825/63/14 1824/66/14
f 1686/62/15 1826/68/15 1825/63/15
f 1705/60/16 1704/50/16 1703/52/16
f 1835/89/6 1832/92/6 1833/87/6
f 1839/91/12 1833/87/12 1832/92/12
f 1837/88/13 1832/92/13 1835/89/13
f 1838/79/14 1834/85/14 1833/87/14
f 1836/84/15 1835/89/15 1834/85/15
f 1789/82/15 1840/72/15 1841/74/15
f 1781/80/14 1841/74/14 1842/73/14
f 1782/78/13 1843/76/13 1840/72/13
f 1780/75/12 1842/73/12 1843/76/12
f 1840/72/6 1843/76/6 1842/73/6
f 1847/68/6 1844/70/6 1845/66/6
f 1661/69/12 1845/66/12 1844/70/12
f 1663/59/13 1844/70/13 1847/68/13
f 1662/65/14 1846/63/14 1845/66/14
f 1670/62/15 1847/68/15 1846/63/15
f 1717/60/15 1716/50/15 1715/52/15
f 1851/58/14 1715/52/14 1714/51/14
f 1852/56/13 1713/54/13 1716/50/13
f 1849/53/12 1714/51/12 1713/54/12
f 1716/50/6 1713/54/6 1714/51/6
f 1830/58/14 1703/52/14 1702/51/14
f 1831/56/13 1701/54/13 1704/50/13
f 1828/53/12 1702/51/12 1701/54/12
f 1704/50/6 1701/54/6 1702/51/6
f 1995/192/15 1996/205/15 1993/193/15
f 1860/195/6 1864/211/6 1862/196/6
f 1855/198/5 1859/206/5 1860/195/5
f 1856/200/2 1860/195/2 1858/197/2
f 1854/202/4 1858/197/4 1857/203/4
f 1853/205/7 1857/203/7 1859/206/7
f 1861/208/2 1865/214/2 1867/209/2
f 1858/197/6 1862/196/6 1861/208/6
f 1857/203/6 1861/208/6 1863/210/6
f 1860/195/6 1859/206/6 1863/210/6
f 1863/210/4 1867/209/4 1868/212/4
f 1864/211/7 1868/212/7 1866/213/7
f 1862/196/5 1866/213/5 1865/214/5
f 1872/93/15 1873/220/15 1874/215/15
f 1870/216/14 1874/215/14 1875/217/14
f 1871/219/13 1876/223/13 1873/220/13
f 1869/222/12 1875/217/12 1876/223/12
f 1873/220/6 1876/223/6 1875/217/6
f 1880/225/6 1877/229/6 1878/226/6
f 1884/228/12 1878/226/12 1877/229/12
f 1882/231/13 1877/229/13 1880/225/13
f 1883/233/14 1879/227/14 1878/226/14
f 1881/131/15 1880/225/15 1879/227/15
f 1888/77/15 1889/237/15 1890/235/15
f 1886/232/14 1890/235/14 1891/236/14
f 1887/218/13 1892/239/13 1889/237/13
f 1885/238/12 1891/236/12 1892/239/12
f 1889/237/6 1892/239/6 1891/236/6
f 1896/237/6 1893/239/6 1894/236/6
f 1900/238/12 1894/236/12 1893/239/12
f 1898/218/13 1893/239/13 1896/237/13
f 1899/232/14 1895/235/14 1894/236/14
f 1897/77/15 1896/237/15 1895/235/15
f 1904/241/6 1901/245/6 1902/242/6
f 1908/244/12 1902/242/12 1901/245/12
f 1906/234/13 1901/245/13 1904/241/13
f 1907/247/14 1903/243/14 1902/242/14
f 1905/117/15 1904/241/15 1903/243/15
f 1912/93/15 1913/220/15 1914/215/15
f 1910/216/14 1914/215/14 1915/217/14
f 1911/219/13 1916/223/13 1913/220/13
f 1909/222/12 1915/217/12 1916/223/12
f 1913/220/6 1916/223/6 1915/217/6
f 1920/131/15 1921/225/15 1922/227/15
f 1918/233/14 1922/227/14 1923/226/14
f 1919/231/13 1924/229/13 1921/225/13
f 1917/228/12 1923/226/12 1924/229/12
f 1921/225/6 1924/229/6 1923/226/6
f 1928/117/15 1929/241/15 1930/243/15
f 1926/247/14 1930/243/14 1931/242/14
f 1927/234/13 1932/245/13 1929/241/13
f 1925/244/12 1931/242/12 1932/245/12
f 1929/241/6 1932/245/6 1931/242/6
f 1936/220/6 1933/223/6 1934/217/6
f 1940/222/12 1934/217/12 1933/223/12
f 1938/219/13 1933/223/13 1936/220/13
f 1939/216/14 1935/215/14 1934/217/14
f 1937/93/15 1936/220/15 1935/215/15
f 1944/117/15 1945/241/15 1946/243/15
f 1942/247/14 1946/243/14 1947/242/14
f 1943/234/13 1948/245/13 1945/241/13
f 1941/244/12 1947/242/12 1948/245/12
f 1945/241/6 1948/245/6 1947/242/6
f 1952/225/6 1949/229/6 1950/226/6
f 1956/228/12 1950/226/12 1949/229/12
f 1954/231/13 1949/229/13 1952/225/13
f 1955/233/14 1951/227/14 1950/226/14
f 1953/131/15 1952/225/15 1951/227/15
f 1960/77/15 1961/237/15 1962/235/15
f 1958/232/14 1962/235/14 1963/236/14
f 1959/218/13 1964/239/13 1961/237/13
f 1957/238/12 1963/236/12 1964/239/12
f 1961/237/6 1964/239/6 1963/236/6
f 1968/237/6 1965/239/6 1966/236/6
f 1972/238/12 1966/236/12 1965/239/12
f 1970/218/13 1965/239/13 1968/237/13
f 1971/232/14 1967/235/14 1966/236/14
f 1969/77/15 1968/237/15 1967/235/15
f 1976/131/15 1977/225/15 1978/227/15
f 1974/233/14 1978/227/14 1979/226/14
f 1975/231/13 1980/229/13 1977/225/13
f 1973/228/12 1979/226/12 1980/229/12
f 1977/225/6 1980/229/6 1979/226/6
f 1984/220/6 1981/223/6 1982/217/6
f 1988/222/12 1982/217/12 1981/223/12
f 1986/219/13 1981/223/13 1984/220/13
f 1987/216/14 1983/215/14 1982/217/14
f 1985/93/15 1984/220/15 1983/215/15
f 1989/249/12 1992/446/12 1991/250/12
f 1990/251/13 1994/194/13 1993/252/13
f 1994/194/6 1990/251/6 1991/250/6
f 1992/254/14 1996/447/14 1995/192/14
f 2025/255/15 2023/448/16 2024/256/16
f 3935/258/3 3947/364/3 3946/259/3
f 2027/261/13 2026/263/13 2024/256/13
f 2026/263/12 2027/449/12 2021/264/12
f 2028/265/14 2021/450/14 2025/266/14
f 2024/256/6 2026/263/6 2028/265/6
f 2057/255/15 2055/448/16 2056/256/16
f 2059/261/13 2058/263/13 2056/256/13
f 2058/263/12 2059/449/12 2053/264/12
f 2060/265/14 2053/450/14 2057/266/14
f 2056/256/6 2058/263/6 2060/265/6
f 2113/256/6 2111/263/6 2109/265/6
f 2109/265/14 2116/450/14 2112/266/14
f 2111/263/12 2110/449/12 2116/264/12
f 2110/261/13 2111/263/13 2113/256/13
f 2112/255/15 2114/448/16 2113/256/16
f 2145/256/6 2143/263/6 2141/265/6
f 2141/265/14 2148/450/14 2144/266/14
f 2143/263/12 2142/449/12 2148/264/12
f 2142/261/13 2143/263/13 2145/256/13
f 2144/255/15 2146/448/16 2145/256/16
f 2150/267/17 2152/270/17 2151/268/17
f 2152/270/18 2156/272/18 2155/271/18
f 2156/272/19 2154/274/19 2153/273/19
f 2154/274/20 2150/278/20 2149/275/20
f 2159/276/3 2157/451/3 2158/277/3
f 2162/279/6 2161/452/6 2164/280/6
f 2159/276/20 2164/280/20 2161/282/20
f 2158/284/18 2162/285/18 2163/281/18
f 2160/278/19 2163/281/19 2164/280/19
f 2157/270/17 2161/453/17 2162/285/17
f 2172/286/17 2178/304/17 2180/287/17
f 2192/289/3 2191/296/3 2188/288/3
f 2182/291/50 2195/310/50 2196/275/50
f 2180/287/18 2179/301/18 2173/290/18
f 2168/293/6 2171/309/6 2172/294/6
f 2172/294/17 2174/288/17 2165/296/17
f 2166/289/19 2173/290/19 2171/297/19
f 2174/288/3 2173/290/3 2166/289/3
f 2177/298/6 2179/301/6 2180/287/6
f 2171/300/19 2173/290/19 2179/301/19
f 2171/303/20 2177/305/20 2178/304/20
f 2176/287/6 2170/299/6 2169/298/6
f 2170/304/18 2181/286/18 2184/303/18
f 2175/301/17 2169/302/17 2184/300/17
f 2183/306/51 2194/454/51 2195/307/51
f 2181/294/19 2188/288/19 2191/296/19
f 2176/287/19 2188/288/19 2181/286/19
f 2186/306/23 2196/454/23 2193/307/23
f 2184/297/17 2190/269/17 2192/289/17
f 2181/294/6 2189/295/6 2190/293/6
f 2185/290/20 2188/288/20 2176/287/20
f 2183/292/24 2187/291/24 2193/310/24
f 2203/311/6 2204/314/6 2202/312/6
f 2204/314/25 2203/311/25 2199/315/25
f 2210/317/26 2214/324/26 2213/318/26
f 2215/320/27 2216/323/27 2212/321/27
f 2219/34/28 2220/325/28 2216/323/29
f 2214/324/30 2218/326/30 2217/14/30
f 2220/325/27 2219/34/27 2217/14/27
f 2210/327/30 2208/329/30 2204/314/30
f 2208/329/30 2205/455/31 2202/312/31
f 2202/312/27 2205/456/27 2207/330/26
f 2201/313/29 2207/457/29 2211/331/28
f 2198/332/31 2206/458/31 2210/327/31
f 2209/333/27 2206/459/27 2198/334/27
f 2197/336/29 2199/339/29 2212/337/29
f 2203/311/28 2211/331/28 2212/337/28
f 2212/340/6 2216/323/6 2220/325/6
f 2209/341/6 2220/325/6 2218/326/6
f 2218/326/6 2214/324/6 2210/343/6
f 2227/192/15 2228/205/15 2225/193/15
f 2221/249/12 2224/446/12 2223/250/12
f 2222/251/13 2226/194/13 2225/252/13
f 2226/194/6 2222/251/6 2223/250/6
f 2224/254/14 2228/447/14 2227/192/14
f 3918/346/6 3917/460/6 3919/461/6
f 3919/461/6 3920/462/6 3918/346/6
f 3920/462/6 3921/344/6 3918/346/6
f 3921/344/6 3922/463/6 3923/464/6
f 3923/464/6 3924/465/6 3925/345/6
f 3925/345/6 3926/466/6 3918/346/6
f 3926/466/6 3927/467/6 3918/346/6
f 3927/467/6 3928/468/6 3918/346/6
f 3921/344/6 3923/464/6 3925/345/6
f 3940/347/3 3930/356/3 3942/348/3
f 3934/260/3 3946/259/3 3945/350/3
f 3937/352/3 3949/379/3 3948/353/3
f 3929/355/3 3941/380/3 3942/348/3
f 3939/357/3 3940/347/3 3952/349/3
f 3932/359/3 3933/351/3 3945/350/3
f 2356/361/32 2360/469/32 2362/362/32
f 3935/258/3 3936/354/3 3948/353/3
f 3938/365/3 3939/357/3 3951/358/3
f 2356/367/33 2354/389/33 2358/368/33
f 3932/370/3 3944/470/3 3943/371/3
f 3906/375/6 3905/471/6 3907/472/6
f 3907/472/6 3908/473/6 3906/375/6
f 3908/473/6 3909/373/6 3906/375/6
f 3909/373/6 3910/474/6 3911/475/6
f 3911/475/6 3912/476/6 3913/374/6
f 3913/374/6 3914/477/6 3906/375/6
f 3914/477/6 3915/478/6 3906/375/6
f 3915/478/6 3916/479/6 3906/375/6
f 3909/373/6 3911/475/6 3913/374/6
f 3954/377/6 3953/480/6 3955/481/6
f 3955/481/6 3956/482/6 3957/378/6
f 3957/378/6 3958/483/6 3959/484/6
f 3959/484/6 3960/485/6 3957/378/6
f 3960/485/6 3961/486/6 3957/378/6
f 3961/486/6 3962/487/6 3963/376/6
f 3963/376/6 3964/488/6 3954/377/6
f 3954/377/6 3955/481/6 3957/378/6
f 3961/486/6 3963/376/6 3957/378/6
f 3938/365/3 3950/366/3 3949/379/3
f 3931/372/3 3943/371/3 3941/380/3
f 3904/381/34 3903/489/34 3901/382/34
f 3897/384/35 3899/490/35 3900/186/35
f 3895/386/36 3896/491/36 3894/387/36
f 3890/389/37 3892/367/37 3891/390/37
f 3885/395/34 3888/392/37 3892/361/37
f 3898/396/35 3896/393/36 3887/394/35
f 2393/398/6 2395/492/6 2396/279/6
f 2400/93/15 2401/220/15 2402/215/15
f 5/8/4 15/10/4 4/400/4
f 15/10/4 2/5/4 4/400/4
f 12/18/4 14/17/4 5/8/4
f 6/33/5 16/28/5 18/27/5
f 2398/216/14 2402/215/14 2403/217/14
f 2399/219/13 2404/223/13 2401/220/13
f 2397/222/12 2403/217/12 2404/223/12
f 2401/220/6 2404/223/6 2403/217/6
f 2408/225/6 2405/229/6 2406/226/6
f 2412/228/12 2406/226/12 2405/229/12
f 2410/231/13 2405/229/13 2408/225/13
f 2411/233/14 2407/227/14 2406/226/14
f 2409/131/15 2408/225/15 2407/227/15
f 2416/77/15 2417/237/15 2418/235/15
f 2414/232/14 2418/235/14 2419/236/14
f 2415/218/13 2420/239/13 2417/237/13
f 2413/238/12 2419/236/12 2420/239/12
f 2417/237/6 2420/239/6 2419/236/6
f 2424/237/6 2421/239/6 2422/236/6
f 2428/238/12 2422/236/12 2421/239/12
f 2426/218/13 2421/239/13 2424/237/13
f 2427/232/14 2423/235/14 2422/236/14
f 2425/77/15 2424/237/15 2423/235/15
f 2432/131/15 2433/225/15 2434/227/15
f 2430/233/14 2434/227/14 2435/226/14
f 2431/231/13 2436/229/13 2433/225/13
f 2429/228/12 2435/226/12 2436/229/12
f 2433/225/6 2436/229/6 2435/226/6
f 2440/241/6 2437/245/6 2438/242/6
f 2444/244/12 2438/242/12 2437/245/12
f 2442/234/13 2437/245/13 2440/241/13
f 2443/247/14 2439/243/14 2438/242/14
f 2441/117/15 2440/241/15 2439/243/15
f 2448/93/15 2449/220/15 2450/215/15
f 2446/216/14 2450/215/14 2451/217/14
f 2447/219/13 2452/223/13 2449/220/13
f 2445/222/12 2451/217/12 2452/223/12
f 2449/220/6 2452/223/6 2451/217/6
f 2456/241/6 2453/245/6 2454/242/6
f 2460/244/12 2454/242/12 2453/245/12
f 2458/234/13 2453/245/13 2456/241/13
f 2459/247/14 2455/243/14 2454/242/14
f 2457/117/15 2456/241/15 2455/243/15
f 2465/255/38 2463/448/38 2464/256/38
f 2467/261/39 2466/263/39 2464/256/39
f 2466/263/40 2467/449/40 2461/264/40
f 2468/265/41 2461/450/41 2465/266/41
f 2464/256/2 2466/263/2 2468/265/2
f 2521/256/2 2519/263/2 2517/265/2
f 2517/265/41 2524/450/41 2520/266/41
f 2519/263/40 2518/449/40 2524/264/40
f 2518/261/52 2519/263/52 2521/256/52
f 2520/255/38 2522/448/38 2521/256/38
f 2529/255/38 2527/448/38 2528/256/38
f 2531/261/39 2530/263/39 2528/256/39
f 2530/263/40 2531/449/40 2525/264/40
f 2532/265/41 2525/450/41 2529/266/41
f 2528/256/2 2530/263/2 2532/265/2
f 2585/256/2 2583/263/2 2581/265/2
f 2581/265/41 2588/450/41 2584/266/41
f 2583/263/40 2582/449/40 2588/264/40
f 2582/261/39 2583/263/39 2585/256/39
f 2584/255/38 2586/448/38 2585/256/38
f 2593/255/38 2591/448/38 2592/256/38
f 2595/261/39 2594/263/39 2592/256/39
f 2594/263/40 2595/449/40 2589/264/40
f 2596/265/41 2589/450/41 2593/266/41
f 2592/256/2 2594/263/2 2596/265/2
f 2649/256/2 2647/263/2 2645/265/2
f 2645/265/41 2652/450/41 2648/266/41
f 2647/263/40 2646/449/40 2652/264/40
f 2646/261/39 2647/263/39 2649/256/39
f 2648/255/38 2650/448/38 2649/256/38
f 2657/255/38 2655/448/38 2656/256/38
f 2659/261/52 2658/263/52 2656/256/52
f 2658/263/40 2659/449/40 2653/264/40
f 2660/265/41 2653/450/41 2657/266/41
f 2656/256/2 2658/263/2 2660/265/2
f 2713/256/2 2711/263/2 2709/265/2
f 2709/265/41 2716/450/41 2712/266/41
f 2711/263/40 2710/449/40 2716/264/40
f 2710/261/39 2711/263/39 2713/256/39
f 2712/255/38 2714/448/38 2713/256/38
f 2721/255/38 2719/448/38 2720/256/38
f 2723/261/39 2722/263/39 2720/256/39
f 2722/263/40 2723/449/40 2717/264/40
f 2724/265/41 2717/450/41 2721/266/41
f 2720/256/2 2722/263/2 2724/265/2
f 2753/255/38 2751/448/38 2752/256/38
f 2755/261/39 2754/263/39 2752/256/39
f 2754/263/40 2755/449/40 2749/264/40
f 2756/265/41 2749/450/41 2753/266/41
f 2752/256/2 2754/263/2 2756/265/2
f 2809/256/2 2807/263/2 2805/265/2
f 2805/265/41 2812/450/41 2808/266/41
f 2807/263/40 2806/449/40 2812/264/40
f 2806/261/39 2807/263/39 2809/256/39
f 2808/255/38 2810/448/38 2809/256/38
f 2817/255/38 2815/448/38 2816/256/38
f 2819/261/39 2818/263/39 2816/256/39
f 2818/263/40 2819/449/40 2813/264/40
f 2820/265/41 2813/450/41 2817/266/41
f 2816/256/2 2818/263/2 2820/265/2
f 2873/256/2 2871/263/2 2869/265/2
f 2869/265/41 2876/450/41 2872/266/41
f 2871/263/40 2870/449/40 2876/264/40
f 2870/261/39 2871/263/39 2873/256/39
f 2872/255/38 2874/448/38 2873/256/38
f 2881/255/38 2879/448/38 2880/256/38
f 2883/261/39 2882/263/39 2880/256/39
f 2882/263/40 2883/449/40 2877/264/40
f 2884/265/41 2877/450/41 2881/266/41
f 2880/256/2 2882/263/2 2884/265/2
f 2937/256/2 2935/263/2 2933/265/2
f 2933/265/41 2940/450/41 2936/266/41
f 2935/263/40 2934/449/40 2940/264/40
f 2934/261/39 2935/263/39 2937/256/39
f 2936/255/38 2938/448/38 2937/256/38
f 3013/50/6 3016/54/6 3015/51/6
f 2944/53/42 3015/51/42 3016/54/42
f 2941/56/43 3016/54/43 3013/50/43
f 2942/58/44 3014/52/44 3015/51/44
f 3012/60/45 3013/50/45 3014/52/45
f 3027/62/15 2946/68/15 2947/63/15
f 3035/65/14 2947/63/14 2948/66/14
f 3034/59/13 2949/70/13 2946/68/13
f 3036/69/12 2948/66/12 2949/70/12
f 2946/68/6 2949/70/6 2948/66/6
f 2953/72/6 2950/76/6 2951/73/6
f 2981/75/12 2951/73/12 2950/76/12
f 2979/78/13 2950/76/13 2953/72/13
f 2980/80/14 2952/74/14 2951/73/14
f 2972/82/15 2953/72/15 2952/74/15
f 2957/84/15 2958/89/15 2959/85/15
f 2955/79/14 2959/85/14 2960/87/14
f 2956/88/13 2961/92/13 2958/89/13
f 2954/91/12 2960/87/12 2961/92/12
f 2958/89/6 2961/92/6 2960/87/6
f 2969/94/6 2966/98/6 2967/95/6
f 2974/97/12 2967/95/12 2966/98/12
f 2971/67/13 2966/98/13 2969/94/13
f 2973/100/14 2968/96/14 2967/95/14
f 2970/102/15 2969/94/15 2968/96/15
f 2965/104/15 2975/108/15 2976/105/15
f 2963/90/14 2976/105/14 2977/107/14
f 2964/101/13 2978/110/13 2975/108/13
f 2962/109/12 2977/107/12 2978/110/12
f 2975/108/6 2978/110/6 2977/107/6
f 2986/112/6 2983/116/6 2984/113/6
f 2999/115/12 2984/113/12 2983/116/12
f 2997/118/13 2983/116/13 2986/112/13
f 2998/120/14 2985/114/14 2984/113/14
f 2996/122/15 2986/112/15 2985/114/15
f 2991/124/15 2992/128/15 2993/125/15
f 2988/119/14 2993/125/14 2994/127/14
f 2990/81/13 2995/130/13 2992/128/13
f 2987/129/12 2994/127/12 2995/130/12
f 2992/128/6 2995/130/6 2994/127/6
f 3003/132/6 3000/136/6 3001/133/6
f 3007/135/12 3001/133/12 3000/136/12
f 3005/121/13 3000/136/13 3003/132/13
f 3006/138/14 3002/134/14 3001/133/14
f 3004/140/15 3003/132/15 3002/134/15
f 2989/142/15 3008/148/15 3009/143/15
f 2945/145/14 3009/143/14 3010/146/14
f 2982/139/13 3011/150/13 3008/148/13
f 2943/149/12 3010/146/12 3011/150/12
f 3008/148/6 3011/150/6 3010/146/6
f 3024/152/6 3021/156/6 3022/153/6
f 3029/155/42 3022/153/42 3021/156/42
f 3026/158/43 3021/156/43 3024/152/43
f 3028/160/44 3023/154/44 3022/153/44
f 3025/162/45 3024/152/45 3023/154/45
f 3020/164/45 3030/168/45 3031/165/45
f 3018/57/44 3031/165/44 3032/167/44
f 3019/161/43 3033/170/43 3030/168/43
f 3017/169/42 3032/167/42 3033/170/42
f 3030/168/6 3033/170/6 3032/167/6
f 3044/172/6 3041/176/6 3042/173/6
f 3048/175/12 3042/173/12 3041/176/12
f 3046/178/13 3041/176/13 3044/172/13
f 3047/180/14 3043/174/14 3042/173/14
f 3045/182/15 3044/172/15 3043/174/15
f 3040/184/15 3049/188/15 3050/185/15
f 3038/159/14 3050/185/14 3051/187/14
f 3039/181/13 3052/190/13 3049/188/13
f 3037/189/12 3051/187/12 3052/190/12
f 3049/188/6 3052/190/6 3051/187/6
f 3125/50/6 3128/54/6 3127/51/6
f 3056/53/42 3127/51/42 3128/54/42
f 3053/56/43 3128/54/43 3125/50/43
f 3054/58/44 3126/52/44 3127/51/44
f 3124/60/45 3125/50/45 3126/52/45
f 3139/62/45 3058/68/45 3059/63/45
f 3147/65/44 3059/63/44 3060/66/44
f 3146/59/43 3061/70/43 3058/68/43
f 3148/69/42 3060/66/42 3061/70/42
f 3058/68/6 3061/70/6 3060/66/6
f 3065/72/6 3062/76/6 3063/73/6
f 3093/75/12 3063/73/12 3062/76/12
f 3091/78/13 3062/76/13 3065/72/13
f 3092/80/14 3064/74/14 3063/73/14
f 3084/82/15 3065/72/15 3064/74/15
f 3069/84/15 3070/89/15 3071/85/15
f 3067/79/14 3071/85/14 3072/87/14
f 3068/88/13 3073/92/13 3070/89/13
f 3066/91/12 3072/87/12 3073/92/12
f 3070/89/6 3073/92/6 3072/87/6
f 3081/94/6 3078/98/6 3079/95/6
f 3086/97/12 3079/95/12 3078/98/12
f 3083/67/13 3078/98/13 3081/94/13
f 3085/100/14 3080/96/14 3079/95/14
f 3082/102/15 3081/94/15 3080/96/15
f 3077/104/15 3087/108/15 3088/105/15
f 3075/90/14 3088/105/14 3089/107/14
f 3076/101/13 3090/110/13 3087/108/13
f 3074/109/12 3089/107/12 3090/110/12
f 3087/108/6 3090/110/6 3089/107/6
f 3098/112/6 3095/116/6 3096/113/6
f 3111/115/12 3096/113/12 3095/116/12
f 3109/118/13 3095/116/13 3098/112/13
f 3110/120/14 3097/114/14 3096/113/14
f 3108/122/15 3098/112/15 3097/114/15
f 3103/124/15 3104/128/15 3105/125/15
f 3100/119/14 3105/125/14 3106/127/14
f 3102/81/13 3107/130/13 3104/128/13
f 3099/129/12 3106/127/12 3107/130/12
f 3104/128/6 3107/130/6 3106/127/6
f 3115/132/6 3112/136/6 3113/133/6
f 3119/135/12 3113/133/12 3112/136/12
f 3117/121/13 3112/136/13 3115/132/13
f 3118/138/14 3114/134/14 3113/133/14
f 3116/140/15 3115/132/15 3114/134/15
f 3101/142/15 3120/148/15 3121/143/15
f 3057/145/14 3121/143/14 3122/146/14
f 3094/139/13 3123/150/13 3120/148/13
f 3055/149/12 3122/146/12 3123/150/12
f 3120/148/6 3123/150/6 3122/146/6
f 3136/152/6 3133/156/6 3134/153/6
f 3141/155/42 3134/153/42 3133/156/42
f 3138/158/43 3133/156/43 3136/152/43
f 3140/160/44 3135/154/44 3134/153/44
f 3137/162/45 3136/152/45 3135/154/45
f 3132/164/45 3142/168/45 3143/165/45
f 3130/57/44 3143/165/44 3144/167/44
f 3131/161/43 3145/170/43 3142/168/43
f 3129/169/42 3144/167/42 3145/170/42
f 3142/168/6 3145/170/6 3144/167/6
f 3156/172/6 3153/176/6 3154/173/6
f 3160/175/12 3154/173/12 3153/176/12
f 3158/178/13 3153/176/13 3156/172/13
f 3159/180/14 3155/174/14 3154/173/14
f 3157/182/15 3156/172/15 3155/174/15
f 3152/184/45 3161/188/45 3162/185/45
f 3150/159/44 3162/185/44 3163/187/44
f 3151/181/43 3164/190/43 3161/188/43
f 3149/189/42 3163/187/42 3164/190/42
f 3161/188/6 3164/190/6 3163/187/6
f 3168/188/6 3165/190/6 3166/187/6
f 3180/189/12 3166/187/12 3165/190/12
f 3178/181/13 3165/190/13 3168/188/13
f 3179/159/14 3167/185/14 3166/187/14
f 3177/184/15 3168/188/15 3167/185/15
f 3172/182/15 3173/172/15 3174/174/15
f 3170/180/14 3174/174/14 3175/173/14
f 3171/178/13 3176/176/13 3173/172/13
f 3169/175/12 3175/173/12 3176/176/12
f 3173/172/6 3176/176/6 3175/173/6
f 3187/168/6 3184/170/6 3185/167/6
f 3200/169/12 3185/167/12 3184/170/12
f 3198/161/13 3184/170/13 3187/168/13
f 3199/57/14 3186/165/14 3185/167/14
f 3197/164/15 3187/168/15 3186/165/15
f 3192/162/45 3193/152/45 3194/154/45
f 3189/160/44 3194/154/44 3195/153/44
f 3191/158/43 3196/156/43 3193/152/43
f 3188/155/42 3195/153/42 3196/156/42
f 3193/152/6 3196/156/6 3195/153/6
f 3209/148/6 3206/150/6 3207/146/6
f 3274/149/12 3207/146/12 3206/150/12
f 3235/139/13 3206/150/13 3209/148/13
f 3272/145/14 3208/143/14 3207/146/14
f 3228/142/15 3209/148/15 3208/143/15
f 3213/140/15 3214/132/15 3215/134/15
f 3211/138/14 3215/134/14 3216/133/14
f 3212/121/13 3217/136/13 3214/132/13
f 3210/135/12 3216/133/12 3217/136/12
f 3214/132/6 3217/136/6 3216/133/6
f 3225/128/6 3222/130/6 3223/127/6
f 3230/129/12 3223/127/12 3222/130/12
f 3227/81/13 3222/130/13 3225/128/13
f 3229/119/14 3224/125/14 3223/127/14
f 3226/124/15 3225/128/15 3224/125/15
f 3221/122/15 3231/112/15 3232/114/15
f 3219/120/14 3232/114/14 3233/113/14
f 3220/118/13 3234/116/13 3231/112/13
f 3218/115/12 3233/113/12 3234/116/12
f 3231/112/6 3234/116/6 3233/113/6
f 3242/108/6 3239/110/6 3240/107/6
f 3255/109/12 3240/107/12 3239/110/12
f 3253/101/13 3239/110/13 3242/108/13
f 3254/90/14 3241/105/14 3240/107/14
f 3252/104/15 3242/108/15 3241/105/15
f 3247/102/15 3248/94/15 3249/96/15
f 3244/100/14 3249/96/14 3250/95/14
f 3246/67/13 3251/98/13 3248/94/13
f 3243/97/12 3250/95/12 3251/98/12
f 3248/94/6 3251/98/6 3250/95/6
f 3259/89/6 3256/92/6 3257/87/6
f 3263/91/12 3257/87/12 3256/92/12
f 3261/88/13 3256/92/13 3259/89/13
f 3262/79/14 3258/85/14 3257/87/14
f 3260/84/15 3259/89/15 3258/85/15
f 3245/82/15 3264/72/15 3265/74/15
f 3237/80/14 3265/74/14 3266/73/14
f 3238/78/13 3267/76/13 3264/72/13
f 3236/75/12 3266/73/12 3267/76/12
f 3264/72/6 3267/76/6 3266/73/6
f 3271/68/6 3268/70/6 3269/66/6
f 3181/69/12 3269/66/12 3268/70/12
f 3183/59/13 3268/70/13 3271/68/13
f 3182/65/14 3270/63/14 3269/66/14
f 3190/62/15 3271/68/15 3270/63/15
f 3205/60/45 3204/50/45 3203/52/45
f 3275/58/44 3203/52/44 3202/51/44
f 3276/56/43 3201/54/43 3204/50/43
f 3273/53/42 3202/51/42 3201/54/42
f 3204/50/6 3201/54/6 3202/51/6
f 3349/50/6 3352/54/6 3351/51/6
f 3280/53/12 3351/51/12 3352/54/12
f 3277/56/13 3352/54/13 3349/50/13
f 3278/58/14 3350/52/14 3351/51/14
f 3348/60/15 3349/50/15 3350/52/15
f 3363/62/15 3282/68/15 3283/63/15
f 3371/65/14 3283/63/14 3284/66/14
f 3370/59/13 3285/70/13 3282/68/13
f 3372/69/12 3284/66/12 3285/70/12
f 3282/68/6 3285/70/6 3284/66/6
f 3289/72/6 3286/76/6 3287/73/6
f 3317/75/12 3287/73/12 3286/76/12
f 3315/78/13 3286/76/13 3289/72/13
f 3316/80/14 3288/74/14 3287/73/14
f 3308/82/15 3289/72/15 3288/74/15
f 3293/84/15 3294/89/15 3295/85/15
f 3291/79/14 3295/85/14 3296/87/14
f 3292/88/13 3297/92/13 3294/89/13
f 3290/91/12 3296/87/12 3297/92/12
f 3294/89/6 3297/92/6 3296/87/6
f 3305/94/6 3302/98/6 3303/95/6
f 3310/97/12 3303/95/12 3302/98/12
f 3307/67/13 3302/98/13 3305/94/13
f 3309/100/14 3304/96/14 3303/95/14
f 3306/102/15 3305/94/15 3304/96/15
f 3301/104/15 3311/108/15 3312/105/15
f 3299/90/14 3312/105/14 3313/107/14
f 3300/101/13 3314/110/13 3311/108/13
f 3298/109/12 3313/107/12 3314/110/12
f 3311/108/6 3314/110/6 3313/107/6
f 3322/112/6 3319/116/6 3320/113/6
f 3335/115/12 3320/113/12 3319/116/12
f 3333/118/13 3319/116/13 3322/112/13
f 3334/120/14 3321/114/14 3320/113/14
f 3332/122/15 3322/112/15 3321/114/15
f 3327/124/15 3328/128/15 3329/125/15
f 3324/119/14 3329/125/14 3330/127/14
f 3326/81/13 3331/130/13 3328/128/13
f 3323/129/12 3330/127/12 3331/130/12
f 3328/128/6 3331/130/6 3330/127/6
f 3339/132/6 3336/136/6 3337/133/6
f 3343/135/12 3337/133/12 3336/136/12
f 3341/121/13 3336/136/13 3339/132/13
f 3342/138/14 3338/134/14 3337/133/14
f 3340/140/15 3339/132/15 3338/134/15
f 3325/142/15 3344/148/15 3345/143/15
f 3281/145/14 3345/143/14 3346/146/14
f 3318/139/13 3347/150/13 3344/148/13
f 3279/149/12 3346/146/12 3347/150/12
f 3344/148/6 3347/150/6 3346/146/6
f 3360/152/6 3357/156/6 3358/153/6
f 3365/155/12 3358/153/12 3357/156/12
f 3362/158/13 3357/156/13 3360/152/13
f 3364/160/14 3359/154/14 3358/153/14
f 3361/162/15 3360/152/15 3359/154/15
f 3356/164/15 3366/168/15 3367/165/15
f 3354/57/14 3367/165/14 3368/167/14
f 3355/161/13 3369/170/13 3366/168/13
f 3353/169/12 3368/167/12 3369/170/12
f 3366/168/6 3369/170/6 3368/167/6
f 3380/172/6 3377/176/6 3378/173/6
f 3384/175/12 3378/173/12 3377/176/12
f 3382/178/13 3377/176/13 3380/172/13
f 3383/180/14 3379/174/14 3378/173/14
f 3381/182/15 3380/172/15 3379/174/15
f 3376/184/15 3385/188/15 3386/185/15
f 3374/159/14 3386/185/14 3387/187/14
f 3375/181/13 3388/190/13 3385/188/13
f 3373/189/12 3387/187/12 3388/190/12
f 3385/188/6 3388/190/6 3387/187/6
f 3392/188/6 3389/190/6 3390/187/6
f 3404/189/12 3390/187/12 3389/190/12
f 3402/181/13 3389/190/13 3392/188/13
f 3403/159/14 3391/185/14 3390/187/14
f 3401/184/15 3392/188/15 3391/185/15
f 3396/182/15 3397/172/15 3398/174/15
f 3394/180/14 3398/174/14 3399/173/14
f 3395/178/13 3400/176/13 3397/172/13
f 3393/175/12 3399/173/12 3400/176/12
f 3397/172/6 3400/176/6 3399/173/6
f 3411/168/6 3408/170/6 3409/167/6
f 3424/169/12 3409/167/12 3408/170/12
f 3422/161/13 3408/170/13 3411/168/13
f 3423/57/14 3410/165/14 3409/167/14
f 3421/164/15 3411/168/15 3410/165/15
f 3416/162/15 3417/152/15 3418/154/15
f 3413/160/14 3418/154/14 3419/153/14
f 3415/158/13 3420/156/13 3417/152/13
f 3412/155/12 3419/153/12 3420/156/12
f 3417/152/6 3420/156/6 3419/153/6
f 3433/148/6 3430/150/6 3431/146/6
f 3498/149/12 3431/146/12 3430/150/12
f 3459/139/13 3430/150/13 3433/148/13
f 3496/145/14 3432/143/14 3431/146/14
f 3452/142/15 3433/148/15 3432/143/15
f 3437/140/15 3438/132/15 3439/134/15
f 3435/138/14 3439/134/14 3440/133/14
f 3436/121/13 3441/136/13 3438/132/13
f 3434/135/12 3440/133/12 3441/136/12
f 3438/132/6 3441/136/6 3440/133/6
f 3449/128/6 3446/130/6 3447/127/6
f 3454/129/12 3447/127/12 3446/130/12
f 3451/81/13 3446/130/13 3449/128/13
f 3453/119/14 3448/125/14 3447/127/14
f 3450/124/15 3449/128/15 3448/125/15
f 3445/122/15 3455/112/15 3456/114/15
f 3443/120/14 3456/114/14 3457/113/14
f 3444/118/13 3458/116/13 3455/112/13
f 3442/115/12 3457/113/12 3458/116/12
f 3455/112/6 3458/116/6 3457/113/6
f 3466/108/6 3463/110/6 3464/107/6
f 3479/109/12 3464/107/12 3463/110/12
f 3477/101/13 3463/110/13 3466/108/13
f 3478/90/14 3465/105/14 3464/107/14
f 3476/104/15 3466/108/15 3465/105/15
f 3471/102/15 3472/94/15 3473/96/15
f 3468/100/14 3473/96/14 3474/95/14
f 3470/67/13 3475/98/13 3472/94/13
f 3467/97/12 3474/95/12 3475/98/12
f 3472/94/6 3475/98/6 3474/95/6
f 3483/89/6 3480/92/6 3481/87/6
f 3487/91/12 3481/87/12 3480/92/12
f 3485/88/13 3480/92/13 3483/89/13
f 3486/79/14 3482/85/14 3481/87/14
f 3484/84/15 3483/89/15 3482/85/15
f 3469/82/15 3488/72/15 3489/74/15
f 3461/80/14 3489/74/14 3490/73/14
f 3462/78/13 3491/76/13 3488/72/13
f 3460/75/12 3490/73/12 3491/76/12
f 3488/72/6 3491/76/6 3490/73/6
f 3495/68/6 3492/70/6 3493/66/6
f 3405/69/12 3493/66/12 3492/70/12
f 3407/59/13 3492/70/13 3495/68/13
f 3406/65/14 3494/63/14 3493/66/14
f 3414/62/15 3495/68/15 3494/63/15
f 3429/60/15 3428/50/15 3427/52/15
f 3499/58/14 3427/52/14 3426/51/14
f 3500/56/13 3425/54/13 3428/50/13
f 3497/53/12 3426/51/12 3425/54/12
f 3428/50/6 3425/54/6 3426/51/6
f 3573/50/6 3576/54/6 3575/51/6
f 3504/53/12 3575/51/12 3576/54/12
f 3501/56/13 3576/54/13 3573/50/13
f 3502/58/14 3574/52/14 3575/51/14
f 3572/60/15 3573/50/15 3574/52/15
f 3587/62/15 3506/68/15 3507/63/15
f 3595/65/14 3507/63/14 3508/66/14
f 3594/59/13 3509/70/13 3506/68/13
f 3596/69/12 3508/66/12 3509/70/12
f 3506/68/6 3509/70/6 3508/66/6
f 3513/72/6 3510/76/6 3511/73/6
f 3541/75/12 3511/73/12 3510/76/12
f 3539/78/13 3510/76/13 3513/72/13
f 3540/80/14 3512/74/14 3511/73/14
f 3532/82/15 3513/72/15 3512/74/15
f 3517/84/15 3518/89/15 3519/85/15
f 3515/79/14 3519/85/14 3520/87/14
f 3516/88/13 3521/92/13 3518/89/13
f 3514/91/12 3520/87/12 3521/92/12
f 3518/89/6 3521/92/6 3520/87/6
f 3529/94/6 3526/98/6 3527/95/6
f 3534/97/12 3527/95/12 3526/98/12
f 3531/67/13 3526/98/13 3529/94/13
f 3533/100/14 3528/96/14 3527/95/14
f 3530/102/15 3529/94/15 3528/96/15
f 3525/104/15 3535/108/15 3536/105/15
f 3523/90/14 3536/105/14 3537/107/14
f 3524/101/13 3538/110/13 3535/108/13
f 3522/109/12 3537/107/12 3538/110/12
f 3535/108/6 3538/110/6 3537/107/6
f 3546/112/6 3543/116/6 3544/113/6
f 3559/115/12 3544/113/12 3543/116/12
f 3557/118/13 3543/116/13 3546/112/13
f 3558/120/14 3545/114/14 3544/113/14
f 3556/122/15 3546/112/15 3545/114/15
f 3551/124/15 3552/128/15 3553/125/15
f 3548/119/14 3553/125/14 3554/127/14
f 3550/81/13 3555/130/13 3552/128/13
f 3547/129/12 3554/127/12 3555/130/12
f 3552/128/6 3555/130/6 3554/127/6
f 3563/132/6 3560/136/6 3561/133/6
f 3567/135/12 3561/133/12 3560/136/12
f 3565/121/13 3560/136/13 3563/132/13
f 3566/138/14 3562/134/14 3561/133/14
f 3564/140/15 3563/132/15 3562/134/15
f 3549/142/15 3568/148/15 3569/143/15
f 3505/145/14 3569/143/14 3570/146/14
f 3542/139/13 3571/150/13 3568/148/13
f 3503/149/12 3570/146/12 3571/150/12
f 3568/148/6 3571/150/6 3570/146/6
f 3584/152/6 3581/156/6 3582/153/6
f 3589/155/12 3582/153/12 3581/156/12
f 3586/158/13 3581/156/13 3584/152/13
f 3588/160/14 3583/154/14 3582/153/14
f 3585/162/15 3584/152/15 3583/154/15
f 3580/164/15 3590/168/15 3591/165/15
f 3578/57/14 3591/165/14 3592/167/14
f 3579/161/13 3593/170/13 3590/168/13
f 3577/169/12 3592/167/12 3593/170/12
f 3590/168/6 3593/170/6 3592/167/6
f 3604/172/6 3601/176/6 3602/173/6
f 3608/175/12 3602/173/12 3601/176/12
f 3606/178/13 3601/176/13 3604/172/13
f 3607/180/14 3603/174/14 3602/173/14
f 3605/182/15 3604/172/15 3603/174/15
f 3600/184/15 3609/188/15 3610/185/15
f 3598/159/14 3610/185/14 3611/187/14
f 3599/181/13 3612/190/13 3609/188/13
f 3597/189/12 3611/187/12 3612/190/12
f 3609/188/6 3612/190/6 3611/187/6
f 3616/188/6 3613/190/6 3614/187/6
f 3644/189/12 3614/187/12 3613/190/12
f 3642/181/13 3613/190/13 3616/188/13
f 3643/159/14 3615/185/14 3614/187/14
f 3641/184/15 3616/188/15 3615/185/15
f 3620/182/15 3621/172/15 3622/174/15
f 3618/180/14 3622/174/14 3623/173/14
f 3619/178/13 3624/176/13 3621/172/13
f 3617/175/12 3623/173/12 3624/176/12
f 3621/172/6 3624/176/6 3623/173/6
f 3628/188/6 3625/190/6 3626/187/6
f 3640/189/12 3626/187/12 3625/190/12
f 3638/181/13 3625/190/13 3628/188/13
f 3639/159/14 3627/185/14 3626/187/14
f 3637/184/15 3628/188/15 3627/185/15
f 3632/182/15 3633/172/15 3634/174/15
f 3630/180/14 3634/174/14 3635/173/14
f 3631/178/13 3636/176/13 3633/172/13
f 3629/175/12 3635/173/12 3636/176/12
f 3633/172/6 3636/176/6 3635/173/6
f 3651/168/6 3648/170/6 3649/167/6
f 3680/169/42 3649/167/42 3648/170/42
f 3678/161/43 3648/170/43 3651/168/43
f 3679/57/44 3650/165/44 3649/167/44
f 3677/164/45 3651/168/45 3650/165/45
f 3656/162/45 3657/152/45 3658/154/45
f 3653/160/44 3658/154/44 3659/153/44
f 3655/158/43 3660/156/43 3657/152/43
f 3652/155/42 3659/153/42 3660/156/42
f 3657/152/6 3660/156/6 3659/153/6
f 3667/168/6 3664/170/6 3665/167/6
f 3684/169/12 3665/167/12 3664/170/12
f 3682/161/13 3664/170/13 3667/168/13
f 3683/57/14 3666/165/14 3665/167/14
f 3681/164/15 3667/168/15 3666/165/15
f 3672/162/15 3673/152/15 3674/154/15
f 3669/160/14 3674/154/14 3675/153/14
f 3671/158/13 3676/156/13 3673/152/13
f 3668/155/12 3675/153/12 3676/156/12
f 3673/152/6 3676/156/6 3675/153/6
f 3693/148/6 3690/150/6 3691/146/6
f 3813/149/12 3691/146/12 3690/150/12
f 3740/139/13 3690/150/13 3693/148/13
f 3811/145/14 3692/143/14 3691/146/14
f 3729/142/15 3693/148/15 3692/143/15
f 3714/140/15 3715/132/15 3716/134/15
f 3705/148/6 3702/150/6 3703/146/6
f 3834/149/12 3703/146/12 3702/150/12
f 3763/139/13 3702/150/13 3705/148/13
f 3832/145/14 3704/143/14 3703/146/14
f 3756/142/15 3705/148/15 3704/143/15
f 3709/140/15 3710/132/15 3711/134/15
f 3707/138/14 3711/134/14 3712/133/14
f 3708/121/13 3713/136/13 3710/132/13
f 3706/135/12 3712/133/12 3713/136/12
f 3710/132/6 3713/136/6 3712/133/6
f 3695/138/14 3716/134/14 3717/133/14
f 3696/121/13 3718/136/13 3715/132/13
f 3694/135/12 3717/133/12 3718/136/12
f 3715/132/6 3718/136/6 3717/133/6
f 3726/128/6 3723/130/6 3724/127/6
f 3735/129/12 3724/127/12 3723/130/12
f 3728/81/13 3723/130/13 3726/128/13
f 3734/119/14 3725/125/14 3724/127/14
f 3727/124/15 3726/128/15 3725/125/15
f 3722/122/15 3736/112/15 3737/114/15
f 3720/120/14 3737/114/14 3738/113/14
f 3721/118/13 3739/116/13 3736/112/13
f 3719/115/12 3738/113/12 3739/116/12
f 3736/112/6 3739/116/6 3738/113/6
f 3747/108/6 3744/110/6 3745/107/6
f 3790/109/12 3745/107/12 3744/110/12
f 3788/101/13 3744/110/13 3747/108/13
f 3789/90/14 3746/105/14 3745/107/14
f 3787/104/15 3747/108/15 3746/105/15
f 3782/102/15 3783/94/15 3784/96/15
f 3753/128/6 3750/130/6 3751/127/6
f 3758/129/12 3751/127/12 3750/130/12
f 3755/81/13 3750/130/13 3753/128/13
f 3757/119/14 3752/125/14 3751/127/14
f 3754/124/15 3753/128/15 3752/125/15
f 3733/122/15 3759/112/15 3760/114/15
f 3731/120/14 3760/114/14 3761/113/14
f 3732/118/13 3762/116/13 3759/112/13
f 3730/115/12 3761/113/12 3762/116/12
f 3759/112/6 3762/116/6 3761/113/6
f 3770/108/6 3767/110/6 3768/107/6
f 3799/109/12 3768/107/12 3767/110/12
f 3797/101/13 3767/110/13 3770/108/13
f 3798/90/14 3769/105/14 3768/107/14
f 3796/104/15 3770/108/15 3769/105/15
f 3775/102/15 3776/94/15 3777/96/15
f 3772/100/14 3777/96/14 3778/95/14
f 3774/67/13 3779/98/13 3776/94/13
f 3771/97/12 3778/95/12 3779/98/12
f 3776/94/6 3779/98/6 3778/95/6
f 3749/100/14 3784/96/14 3785/95/14
f 3781/67/13 3786/98/13 3783/94/13
f 3748/97/12 3785/95/12 3786/98/12
f 3783/94/6 3786/98/6 3785/95/6
f 3794/89/6 3791/92/6 3792/87/6
f 3802/91/12 3792/87/12 3791/92/12
f 3800/88/13 3791/92/13 3794/89/13
f 3801/79/14 3793/85/14 3792/87/14
f 3795/84/15 3794/89/15 3793/85/15
f 3780/82/15 3803/72/15 3804/74/15
f 3742/80/14 3804/74/14 3805/73/14
f 3743/78/13 3806/76/13 3803/72/13
f 3741/75/12 3805/73/12 3806/76/12
f 3803/72/6 3806/76/6 3805/73/6
f 3810/68/6 3807/70/6 3808/66/6
f 3661/69/12 3808/66/12 3807/70/12
f 3663/59/13 3807/70/13 3810/68/13
f 3662/65/14 3809/63/14 3808/66/14
f 3670/62/15 3810/68/15 3809/63/15
f 3689/60/15 3688/50/15 3687/52/15
f 3819/89/6 3816/92/6 3817/87/6
f 3823/91/12 3817/87/12 3816/92/12
f 3821/88/13 3816/92/13 3819/89/13
f 3822/79/14 3818/85/14 3817/87/14
f 3820/84/15 3819/89/15 3818/85/15
f 3773/82/15 3824/72/15 3825/74/15
f 3765/80/14 3825/74/14 3826/73/14
f 3766/78/13 3827/76/13 3824/72/13
f 3764/75/12 3826/73/12 3827/76/12
f 3824/72/6 3827/76/6 3826/73/6
f 3831/68/6 3828/70/6 3829/66/6
f 3645/69/12 3829/66/12 3828/70/12
f 3647/59/13 3828/70/13 3831/68/13
f 3646/65/14 3830/63/14 3829/66/14
f 3654/62/15 3831/68/15 3830/63/15
f 3701/60/15 3700/50/15 3699/52/15
f 3835/58/14 3699/52/14 3698/51/14
f 3836/56/13 3697/54/13 3700/50/13
f 3833/53/12 3698/51/12 3697/54/12
f 3700/50/6 3697/54/6 3698/51/6
f 3814/58/14 3687/52/14 3686/51/14
f 3815/56/13 3685/54/13 3688/50/13
f 3812/53/12 3686/51/12 3685/54/12
f 3688/50/6 3685/54/6 3686/51/6
f 3839/403/46 3838/493/53 3837/494/46
f 3837/494/46 3848/495/46 3847/404/46
f 3847/404/46 3846/496/46 3843/497/46
f 3846/496/46 3845/498/46 3843/497/46
f 3845/498/46 3844/499/46 3843/497/46
f 3843/497/46 3842/500/46 3841/402/46
f 3841/402/46 3840/501/46 3839/403/46
f 3839/403/46 3837/494/46 3847/404/46
f 3843/497/46 3841/402/46 3847/404/46
f 3872/407/33 3861/502/54 3862/503/33
f 3862/503/33 3863/504/33 3872/407/33
f 3863/504/33 3864/505/33 3872/407/33
f 3864/505/33 3865/506/33 3866/405/33
f 3866/405/33 3867/507/33 3868/406/33
f 3868/406/33 3869/508/33 3872/407/33
f 3869/508/33 3870/509/33 3872/407/33
f 3870/509/33 3871/510/33 3872/407/33
f 3864/505/33 3866/405/33 3872/407/33
f 3857/408/33 3858/491/33 3875/393/33
f 3854/410/33 3855/428/33 3878/411/33
f 3849/413/33 3851/431/33 3882/414/33
f 3860/416/33 3850/423/33 3883/417/33
f 3854/410/33 3879/412/33 3880/419/33
f 3856/421/33 3857/408/33 3876/409/33
f 3850/423/33 3849/413/33 3884/415/33
f 3859/424/33 3860/416/33 3873/418/33
f 3853/420/33 3880/419/33 3881/426/33
f 3856/421/33 3877/422/33 3878/411/33
f 3858/429/33 3859/424/33 3874/425/33
f 3851/431/33 3852/427/33 3881/426/33
f 3973/432/47 3978/435/47 3977/433/47
f 3975/440/48 3978/435/48 3977/433/49
f 2007/511/55 2018/512/2 2006/513/2
f 2004/514/56 2015/515/4 2003/516/4
f 2001/517/57 2012/518/7 2000/519/7
f 2008/520/58 2019/521/55 2007/511/55
f 1998/522/59 2010/523/5 1997/524/5
f 2005/525/60 2016/526/56 2004/514/56
f 2002/527/61 2013/528/57 2001/517/57
f 1997/524/5 2020/529/58 2008/520/58
f 1999/530/62 2009/531/59 1998/522/59
f 2006/513/2 2017/532/60 2005/525/60
f 2003/516/4 2014/533/61 2002/527/61
f 2000/266/7 2011/534/62 1999/530/62
f 2038/535/63 2045/536/64 2046/537/65
f 2036/538/66 2043/539/67 2035/540/2
f 2034/541/33 2041/542/68 2033/543/4
f 2032/544/69 2039/545/70 2031/546/7
f 2029/547/5 2037/548/71 2038/535/63
f 2036/538/66 2038/535/63 2044/549/72
f 2035/540/2 2042/550/73 2034/541/33
f 2033/543/4 2040/551/74 2032/544/69
f 2031/552/7 2037/548/71 2030/553/46
f 2047/554/75 2049/555/76 2051/556/77
f 2038/535/63 2052/557/78 2044/549/72
f 2043/539/67 2050/558/79 2042/550/73
f 2040/551/74 2049/559/76 2048/560/80
f 2039/561/70 2045/536/64 2037/548/71
f 2043/539/67 2052/557/78 2051/562/77
f 2042/550/73 2049/559/76 2041/542/68
f 2040/551/74 2047/563/75 2039/545/70
f 2069/564/71 2078/565/65 2070/566/63
f 2068/567/66 2075/568/67 2067/569/2
f 2066/570/33 2073/571/68 2065/572/4
f 2064/573/69 2071/574/70 2063/575/7
f 2061/576/5 2069/564/71 2070/566/63
f 2068/567/66 2070/566/63 2076/577/72
f 2067/569/2 2074/578/73 2066/570/33
f 2065/572/4 2072/579/74 2064/573/69
f 2063/580/7 2069/564/71 2062/581/46
f 2079/582/75 2081/583/76 2083/584/77
f 2070/566/63 2084/585/78 2076/577/72
f 2075/568/67 2082/586/79 2074/578/73
f 2072/579/74 2081/587/76 2080/588/80
f 2069/564/71 2079/589/75 2077/590/64
f 2076/577/72 2083/591/77 2075/568/67
f 2073/571/68 2082/586/79 2081/587/76
f 2071/574/70 2080/588/80 2079/592/75
f 2098/561/70 2089/593/80 2090/594/75
f 2095/595/73 2088/596/76 2096/597/68
f 2093/598/72 2086/599/77 2094/600/67
f 2098/574/70 2092/601/64 2100/602/71
f 2097/603/74 2088/596/76 2089/593/80
f 2095/595/73 2086/599/77 2087/604/79
f 2099/605/63 2085/606/78 2093/598/72
f 2090/607/75 2088/608/76 2086/609/77
f 2106/575/7 2100/602/71 2107/610/46
f 2104/611/4 2097/603/74 2105/612/69
f 2102/613/2 2095/595/73 2103/614/33
f 2101/615/66 2099/605/63 2093/598/72
f 2108/616/5 2100/602/71 2099/605/63
f 2105/612/69 2098/561/70 2106/552/7
f 2103/614/33 2096/597/68 2104/611/4
f 2101/615/66 2094/600/67 2102/613/2
f 2099/605/63 2092/601/64 2091/617/65
f 2129/618/74 2122/619/75 2130/262/70
f 2127/620/73 2120/621/76 2128/622/68
f 2126/623/67 2117/624/78 2118/625/77
f 2132/626/71 2122/563/75 2124/627/64
f 2128/622/68 2121/628/80 2129/618/74
f 2126/623/67 2119/629/79 2127/620/73
f 2131/630/63 2117/624/78 2125/631/72
f 2122/632/75 2120/633/76 2118/634/77
f 2138/546/7 2132/626/71 2139/635/46
f 2136/636/4 2129/618/74 2137/637/69
f 2134/638/2 2127/620/73 2135/639/33
f 2133/640/66 2131/630/63 2125/631/72
f 2140/641/5 2132/626/71 2131/630/63
f 2137/637/69 2130/262/70 2138/642/7
f 2135/639/33 2128/622/68 2136/636/4
f 2133/640/66 2126/623/67 2134/638/2
f 2132/626/71 2123/643/65 2131/630/63
f 2239/532/55 2250/513/2 2238/512/2
f 2236/529/56 2247/524/4 2235/523/4
f 2233/534/57 2244/266/7 2232/644/7
f 2240/526/58 2251/525/55 2239/532/55
f 2230/533/59 2242/516/5 2229/515/5
f 2237/521/60 2248/520/56 2236/529/56
f 2234/531/61 2245/530/57 2233/534/57
f 2229/515/5 2252/514/58 2240/526/58
f 2231/528/62 2241/527/59 2230/533/59
f 2238/512/2 2249/511/60 2237/521/60
f 2235/523/4 2246/522/61 2234/531/61
f 2232/518/7 2243/517/62 2231/528/62
f 2268/645/81 2279/646/82 2267/647/83
f 2254/648/59 2266/649/84 2253/650/5
f 2261/651/60 2272/652/85 2260/653/56
f 2258/654/61 2269/655/86 2257/656/57
f 2253/650/5 2276/657/87 2264/658/58
f 2255/659/62 2265/660/88 2254/648/59
f 2262/661/2 2273/662/89 2261/651/60
f 2259/663/4 2270/664/90 2258/654/61
f 2256/665/7 2267/647/83 2255/659/62
f 2263/666/55 2274/667/91 2262/661/2
f 2260/653/56 2271/668/92 2259/663/4
f 2257/656/57 2268/669/81 2256/670/7
f 2264/658/58 2275/671/93 2263/666/55
f 2283/672/94 2294/260/95 2282/673/96
f 2275/671/93 2286/674/97 2274/667/91
f 2272/652/85 2283/672/94 2271/668/92
f 2269/655/86 2280/398/98 2268/669/81
f 2275/671/93 2288/675/99 2287/676/100
f 2265/660/88 2278/677/101 2266/649/84
f 2272/652/85 2285/678/102 2284/679/103
f 2269/655/86 2282/673/96 2281/680/104
f 2266/649/84 2288/675/99 2276/657/87
f 2267/647/83 2277/681/105 2265/660/88
f 2274/667/91 2285/678/102 2273/662/89
f 2271/668/92 2282/673/96 2270/664/90
f 2279/646/82 2292/370/106 2291/372/107
f 2287/676/100 2298/365/108 2286/674/97
f 2284/679/103 2295/258/109 2283/672/94
f 2280/398/98 2293/351/110 2292/359/106
f 2288/675/99 2299/357/111 2287/676/100
f 2277/681/105 2290/356/112 2278/677/101
f 2284/679/103 2297/352/113 2296/354/114
f 2281/680/104 2294/260/95 2293/351/110
f 2278/677/101 2300/347/115 2288/675/99
f 2279/646/82 2289/355/116 2277/681/105
f 2285/678/102 2298/365/108 2297/352/113
f 2310/366/2 2321/682/60 2309/379/60
f 3967/209/117 3972/683/118 3968/212/119
f 3965/214/120 3971/684/121 3967/209/117
f 3966/213/122 3969/685/123 3965/214/120
f 3970/686/124 3971/684/121 3969/685/123
f 3968/212/119 3970/686/124 3966/213/122
f 2307/364/4 2318/687/61 2306/259/61
f 2304/470/7 2315/688/62 2303/371/62
f 2311/358/55 2322/689/2 2310/366/2
f 2308/353/56 2319/690/4 2307/364/4
f 2305/350/57 2316/691/7 2304/360/7
f 2312/349/58 2323/692/55 2311/358/55
f 2301/380/59 2314/693/5 2302/348/5
f 2309/379/60 2320/694/56 2308/353/56
f 2306/259/61 2317/695/57 2305/350/57
f 2302/348/5 2324/696/58 2312/349/58
f 2303/371/62 2313/697/59 2301/380/59
f 2326/698/66 2338/423/125 2325/699/125
f 2332/700/69 2345/408/126 2344/421/69
f 2330/701/127 2341/420/6 2329/702/6
f 2325/699/125 2348/416/128 2336/703/128
f 2327/704/129 2337/413/66 2326/698/66
f 2333/705/126 2346/491/130 2345/408/126
f 2331/706/32 2342/410/131 2330/701/127
f 2327/704/129 2340/427/132 2339/431/129
f 2334/707/35 2347/424/3 2346/429/130
f 2331/706/32 2344/421/69 2343/428/32
f 2328/708/34 2341/420/6 2340/427/132
f 2335/709/3 2348/416/128 2347/424/3
f 2359/386/133 2352/392/134 2351/394/134
f 2349/395/135 2351/394/134 2352/392/134
f 2359/386/133 2353/391/46 2355/390/133
f 2365/382/136 2363/490/33 2361/384/136
f 2362/710/137 2368/381/46 2366/383/137
f 2365/382/136 2350/397/135 2349/395/135
f 2387/412/128 2372/711/3 2388/419/3
f 2391/417/32 2379/712/131 2381/418/127
f 2390/414/126 2369/713/69 2392/415/69
f 2383/393/132 2376/714/129 2384/409/129
f 2386/411/125 2373/715/128 2387/412/128
f 2390/414/126 2371/716/130 2370/717/126
f 2382/425/6 2377/718/34 2383/430/132
f 2385/422/66 2374/719/125 2386/411/125
f 2389/426/35 2372/711/3 2371/716/130
f 2381/418/127 2378/720/6 2382/425/6
f 2392/415/69 2380/721/32 2391/417/32
f 2384/409/129 2375/722/66 2385/422/66
f 2478/630/138 2485/627/139 2486/643/140
f 2476/640/141 2483/623/142 2475/638/3
f 2474/639/143 2481/622/144 2473/636/4
f 2472/637/9 2479/262/145 2471/642/6
f 2469/641/5 2477/626/146 2478/630/138
f 2476/640/141 2478/630/138 2484/631/147
f 2475/638/3 2482/620/148 2474/639/143
f 2473/636/4 2480/618/149 2472/637/9
f 2470/635/11 2479/545/145 2477/626/146
f 2487/632/150 2489/633/151 2491/634/152
f 2478/630/138 2492/624/153 2484/631/147
f 2483/623/142 2490/629/154 2482/620/148
f 2480/618/149 2489/621/151 2488/628/155
f 2477/626/146 2487/563/150 2485/627/139
f 2484/631/147 2491/625/152 2483/623/142
f 2481/622/144 2490/629/154 2489/621/151
f 2480/618/149 2487/619/150 2479/262/145
f 2505/551/149 2498/563/150 2506/545/145
f 2504/542/144 2495/558/154 2496/559/156
f 2501/549/147 2494/562/152 2502/539/142
f 2506/561/145 2500/536/157 2508/548/146
f 2504/542/144 2497/560/155 2505/551/149
f 2503/550/148 2494/562/152 2495/558/154
f 2507/535/138 2493/557/158 2501/549/147
f 2498/554/150 2496/555/156 2494/556/152
f 2515/553/11 2506/561/145 2508/548/146
f 2513/544/9 2504/542/144 2505/551/149
f 2510/540/3 2503/550/148 2511/541/143
f 2509/538/141 2507/535/138 2501/549/147
f 2516/547/5 2508/548/146 2507/535/138
f 2513/544/9 2506/545/145 2514/546/6
f 2511/541/143 2504/542/144 2512/543/4
f 2509/538/141 2502/539/142 2510/540/3
f 2508/548/146 2499/537/140 2507/535/138
f 2542/605/138 2549/601/159 2550/617/140
f 2540/615/141 2547/600/142 2539/613/3
f 2538/614/143 2545/597/144 2537/611/4
f 2535/552/6 2544/603/149 2543/561/145
f 2533/616/5 2541/602/146 2542/605/138
f 2540/615/141 2542/605/138 2548/598/147
f 2539/613/3 2546/595/148 2538/614/143
f 2537/611/4 2544/603/149 2536/612/9
f 2535/575/6 2541/602/146 2534/610/11
f 2551/607/150 2553/608/151 2555/609/152
f 2548/598/147 2550/617/140 2556/606/158
f 2547/600/142 2554/604/154 2546/595/148
f 2545/597/144 2552/593/160 2544/603/149
f 2541/602/146 2551/592/150 2549/601/159
f 2547/600/142 2556/606/158 2555/599/152
f 2545/597/144 2554/604/154 2553/596/151
f 2544/603/149 2551/594/150 2543/561/145
f 2569/579/149 2562/592/150 2570/574/145
f 2567/578/148 2560/587/156 2568/571/144
f 2565/577/147 2558/591/152 2566/568/142
f 2572/564/146 2562/589/150 2564/590/139
f 2568/571/144 2561/588/155 2569/579/149
f 2567/578/148 2558/591/152 2559/586/154
f 2571/566/138 2557/585/153 2565/577/147
f 2562/582/150 2560/583/156 2558/584/152
f 2579/581/11 2570/723/145 2572/564/146
f 2576/572/4 2569/579/149 2577/573/9
f 2574/569/3 2567/578/148 2575/570/143
f 2573/567/141 2571/566/138 2565/577/147
f 2580/576/5 2572/564/146 2571/566/138
f 2578/575/6 2569/579/149 2570/574/145
f 2575/570/143 2568/571/144 2576/572/4
f 2573/567/141 2566/568/142 2574/569/3
f 2572/564/146 2563/565/140 2571/566/138
f 2606/605/138 2613/601/139 2614/617/140
f 2604/615/141 2611/600/142 2603/613/3
f 2602/614/143 2609/597/144 2601/611/4
f 2599/552/6 2608/603/149 2607/561/145
f 2597/616/5 2605/602/146 2606/605/138
f 2604/615/141 2606/605/138 2612/598/147
f 2603/613/3 2610/595/148 2602/614/143
f 2601/611/4 2608/603/149 2600/612/9
f 2598/610/11 2607/574/145 2605/602/146
f 2615/607/150 2617/608/156 2619/609/152
f 2606/605/138 2620/606/153 2612/598/147
f 2610/595/148 2619/599/152 2618/604/154
f 2609/597/144 2616/593/155 2608/603/149
f 2605/602/146 2615/592/150 2613/601/139
f 2612/598/147 2619/599/152 2611/600/142
f 2610/595/148 2617/596/156 2609/597/144
f 2608/603/149 2615/594/150 2607/561/145
f 2633/618/149 2626/619/150 2634/262/145
f 2632/622/144 2623/629/154 2624/621/156
f 2630/623/142 2621/624/153 2622/625/152
f 2636/626/146 2626/563/150 2628/627/139
f 2632/622/144 2625/628/155 2633/618/149
f 2630/623/142 2623/629/154 2631/620/148
f 2635/630/138 2621/624/153 2629/631/147
f 2626/632/150 2624/633/156 2622/634/152
f 2643/635/11 2634/545/145 2636/626/146
f 2640/636/4 2633/618/149 2641/637/9
f 2638/638/3 2631/620/148 2639/639/143
f 2637/640/141 2635/630/138 2629/631/147
f 2644/641/5 2636/626/146 2635/630/138
f 2642/642/6 2633/618/149 2634/262/145
f 2639/639/143 2632/622/144 2640/636/4
f 2637/640/141 2630/623/142 2638/638/3
f 2636/626/146 2627/643/140 2635/630/138
f 2670/535/138 2677/536/159 2678/537/140
f 2668/538/141 2675/539/142 2667/540/3
f 2665/543/4 2674/550/148 2673/542/144
f 2663/546/6 2672/551/149 2671/545/145
f 2662/553/11 2670/535/138 2661/547/5
f 2668/538/141 2670/535/138 2676/549/147
f 2667/540/3 2674/550/148 2666/541/143
f 2665/543/4 2672/551/149 2664/544/9
f 2663/552/6 2669/548/146 2662/553/11
f 2679/554/150 2681/555/151 2683/556/152
f 2670/535/138 2684/557/158 2676/549/147
f 2675/539/142 2682/558/154 2674/550/148
f 2673/542/144 2680/560/160 2672/551/149
f 2669/548/146 2679/594/150 2677/536/159
f 2675/539/142 2684/557/158 2683/562/152
f 2673/542/144 2682/558/154 2681/559/151
f 2672/551/149 2679/563/150 2671/545/145
f 2698/262/145 2689/628/160 2690/619/150
f 2696/622/144 2687/629/154 2688/621/151
f 2694/623/142 2685/624/158 2686/625/152
f 2700/626/146 2690/563/150 2692/627/161
f 2696/622/144 2689/628/160 2697/618/149
f 2695/620/148 2686/625/152 2687/629/154
f 2699/630/138 2685/624/158 2693/631/147
f 2690/632/150 2688/633/151 2686/634/152
f 2706/546/6 2700/626/146 2707/635/11
f 2704/636/4 2697/618/149 2705/637/9
f 2702/638/3 2695/620/148 2703/639/143
f 2701/640/141 2699/630/138 2693/631/147
f 2708/641/5 2700/626/146 2699/630/138
f 2705/637/9 2698/262/145 2706/642/6
f 2704/636/4 2695/620/148 2696/622/144
f 2701/640/141 2694/623/142 2702/638/3
f 2700/626/146 2691/643/140 2699/630/138
f 2734/566/138 2741/590/139 2742/565/140
f 2732/567/141 2739/568/142 2731/569/3
f 2729/572/4 2738/578/148 2737/571/144
f 2728/573/9 2735/574/145 2727/575/6
f 2725/576/5 2733/564/146 2734/566/138
f 2732/567/141 2734/566/138 2740/577/147
f 2731/569/3 2738/578/148 2730/570/143
f 2729/572/4 2736/579/149 2728/573/9
f 2727/580/6 2733/564/146 2726/581/11
f 2743/582/150 2745/583/151 2747/584/152
f 2740/577/147 2742/565/140 2748/585/158
f 2738/578/148 2747/591/152 2746/586/154
f 2737/571/144 2744/588/160 2736/579/149
f 2735/723/145 2741/590/139 2733/564/146
f 2740/577/147 2747/591/152 2739/568/142
f 2737/571/144 2746/586/154 2745/587/151
f 2735/574/145 2744/588/160 2743/592/150
f 2765/626/146 2774/643/140 2766/630/138
f 2764/640/141 2771/623/142 2763/638/3
f 2762/639/143 2769/622/144 2761/636/4
f 2759/642/6 2768/618/149 2767/262/145
f 2757/641/5 2765/626/146 2766/630/138
f 2764/640/141 2766/630/138 2772/631/147
f 2763/638/3 2770/620/148 2762/639/143
f 2761/636/4 2768/618/149 2760/637/9
f 2759/546/6 2765/626/146 2758/635/11
f 2775/632/150 2777/633/151 2779/634/152
f 2766/630/138 2780/624/153 2772/631/147
f 2771/623/142 2778/629/154 2770/620/148
f 2769/622/144 2776/628/155 2768/618/149
f 2765/626/146 2775/563/150 2773/627/139
f 2772/631/147 2779/625/152 2771/623/142
f 2769/622/144 2778/629/154 2777/621/151
f 2768/618/149 2775/619/150 2767/262/145
f 2793/579/149 2786/592/150 2794/574/145
f 2792/571/144 2783/586/154 2784/587/151
f 2789/577/147 2782/591/152 2790/568/142
f 2796/564/146 2786/589/150 2788/590/159
f 2792/571/144 2785/588/155 2793/579/149
f 2791/578/148 2782/591/152 2783/586/154
f 2795/566/138 2781/585/158 2789/577/147
f 2786/582/150 2784/583/151 2782/584/152
f 2802/580/6 2796/564/146 2803/581/11
f 2800/572/4 2793/579/149 2801/573/9
f 2798/569/3 2791/578/148 2799/570/143
f 2797/567/141 2795/566/138 2789/577/147
f 2804/576/5 2796/564/146 2795/566/138
f 2801/573/9 2794/574/145 2802/575/6
f 2799/570/143 2792/571/144 2800/572/4
f 2797/567/141 2790/568/142 2798/569/3
f 2795/566/138 2788/590/159 2787/565/140
f 2830/535/138 2837/536/159 2838/537/140
f 2828/538/141 2835/539/142 2827/540/3
f 2826/541/143 2833/542/144 2825/543/4
f 2824/544/9 2831/545/145 2823/546/6
f 2821/547/5 2829/548/146 2830/535/138
f 2828/538/141 2830/535/138 2836/549/147
f 2827/540/3 2834/550/148 2826/541/143
f 2825/543/4 2832/551/149 2824/544/9
f 2822/553/11 2831/561/145 2829/548/146
f 2839/554/150 2841/555/156 2843/556/152
f 2830/535/138 2844/557/158 2836/549/147
f 2834/550/148 2843/562/152 2842/558/154
f 2833/542/144 2840/560/155 2832/551/149
f 2829/548/146 2839/594/150 2837/536/159
f 2836/549/147 2843/562/152 2835/539/142
f 2833/542/144 2842/558/154 2841/559/156
f 2832/551/149 2839/563/150 2831/545/145
f 2857/618/149 2850/619/150 2858/262/145
f 2856/622/144 2847/629/154 2848/621/156
f 2853/631/147 2846/625/152 2854/623/142
f 2860/626/146 2850/563/150 2852/627/159
f 2856/622/144 2849/628/155 2857/618/149
f 2855/620/148 2846/625/152 2847/629/154
f 2859/630/138 2845/624/158 2853/631/147
f 2850/632/150 2848/633/156 2846/634/152
f 2867/635/11 2858/545/145 2860/626/146
f 2864/636/4 2857/618/149 2865/637/9
f 2862/638/3 2855/620/148 2863/639/143
f 2861/640/141 2859/630/138 2853/631/147
f 2868/641/5 2860/626/146 2859/630/138
f 2865/637/9 2858/262/145 2866/642/6
f 2863/639/143 2856/622/144 2864/636/4
f 2861/640/141 2854/623/142 2862/638/3
f 2859/630/138 2852/627/159 2851/643/140
f 2894/535/138 2901/536/139 2902/537/140
f 2892/538/141 2899/539/142 2891/540/3
f 2890/541/143 2897/542/144 2889/543/4
f 2888/544/9 2895/545/145 2887/546/6
f 2885/547/5 2893/548/146 2894/535/138
f 2892/538/141 2894/535/138 2900/549/147
f 2891/540/3 2898/550/148 2890/541/143
f 2889/543/4 2896/551/149 2888/544/9
f 2887/552/6 2893/548/146 2886/553/11
f 2903/554/150 2905/555/151 2907/556/152
f 2894/535/138 2908/557/158 2900/549/147
f 2898/550/148 2907/562/152 2906/558/154
f 2897/542/144 2904/560/155 2896/551/149
f 2895/561/145 2901/536/139 2893/548/146
f 2900/549/147 2907/562/152 2899/539/142
f 2897/542/144 2906/558/154 2905/559/151
f 2896/551/149 2903/563/150 2895/545/145
f 2921/603/149 2914/594/150 2922/561/145
f 2920/597/144 2911/604/154 2912/596/151
f 2917/598/147 2910/599/152 2918/600/142
f 2924/602/146 2914/592/150 2916/601/139
f 2920/597/144 2913/593/155 2921/603/149
f 2918/600/142 2911/604/154 2919/595/148
f 2923/605/138 2909/606/153 2917/598/147
f 2914/607/150 2912/608/151 2910/609/152
f 2930/575/6 2924/602/146 2931/610/11
f 2928/611/4 2921/603/149 2929/612/9
f 2926/613/3 2919/595/148 2927/614/143
f 2925/615/141 2923/605/138 2917/598/147
f 2932/616/5 2924/602/146 2923/605/138
f 2929/612/9 2922/561/145 2930/552/6
f 2927/614/143 2920/597/144 2928/611/4
f 2925/615/141 2918/600/142 2926/613/3
f 2924/602/146 2915/617/140 2923/605/138
f 2007/511/55 2019/521/55 2018/512/2
f 2004/514/56 2016/526/56 2015/515/4
f 2001/517/57 2013/528/57 2012/518/7
f 2008/520/58 2020/529/58 2019/521/55
f 1998/522/59 2009/531/59 2010/523/5
f 2005/525/60 2017/532/60 2016/526/56
f 2002/527/61 2014/533/61 2013/528/57
f 1997/524/5 2010/523/5 2020/529/58
f 1999/530/62 2011/534/62 2009/531/59
f 2006/513/2 2018/512/2 2017/532/60
f 2003/516/4 2015/515/4 2014/533/61
f 2000/266/7 2012/644/7 2011/534/62
f 2038/535/63 2037/548/71 2045/536/64
f 2036/538/66 2044/549/72 2043/539/67
f 2034/541/33 2042/550/73 2041/542/68
f 2032/544/69 2040/551/74 2039/545/70
f 2029/547/5 2030/553/46 2037/548/71
f 2036/538/66 2029/547/5 2038/535/63
f 2035/540/2 2043/539/67 2042/550/73
f 2033/543/4 2041/542/68 2040/551/74
f 2031/552/7 2039/561/70 2037/548/71
f 2046/724/65 2045/725/64 2047/554/75
f 2047/554/75 2048/726/80 2049/555/76
f 2049/555/76 2050/727/79 2051/556/77
f 2051/556/77 2052/728/78 2046/724/65
f 2046/724/65 2047/554/75 2051/556/77
f 2038/535/63 2046/537/65 2052/557/78
f 2043/539/67 2051/562/77 2050/558/79
f 2040/551/74 2041/542/68 2049/559/76
f 2039/561/70 2047/594/75 2045/536/64
f 2043/539/67 2044/549/72 2052/557/78
f 2042/550/73 2050/558/79 2049/559/76
f 2040/551/74 2048/560/80 2047/563/75
f 2069/564/71 2077/590/64 2078/565/65
f 2068/567/66 2076/577/72 2075/568/67
f 2066/570/33 2074/578/73 2073/571/68
f 2064/573/69 2072/579/74 2071/574/70
f 2061/576/5 2062/581/46 2069/564/71
f 2068/567/66 2061/576/5 2070/566/63
f 2067/569/2 2075/568/67 2074/578/73
f 2065/572/4 2073/571/68 2072/579/74
f 2063/580/7 2071/723/70 2069/564/71
f 2078/729/65 2077/730/64 2079/582/75
f 2079/582/75 2080/731/80 2081/583/76
f 2081/583/76 2082/732/79 2083/584/77
f 2083/584/77 2084/733/78 2078/729/65
f 2078/729/65 2079/582/75 2083/584/77
f 2070/566/63 2078/565/65 2084/585/78
f 2075/568/67 2083/591/77 2082/586/79
f 2072/579/74 2073/571/68 2081/587/76
f 2069/564/71 2071/723/70 2079/589/75
f 2076/577/72 2084/585/78 2083/591/77
f 2073/571/68 2074/578/73 2082/586/79
f 2071/574/70 2072/579/74 2080/588/80
f 2098/561/70 2097/603/74 2089/593/80
f 2095/595/73 2087/604/79 2088/596/76
f 2093/598/72 2085/606/78 2086/599/77
f 2098/574/70 2090/592/75 2092/601/64
f 2097/603/74 2096/597/68 2088/596/76
f 2095/595/73 2094/600/67 2086/599/77
f 2099/605/63 2091/617/65 2085/606/78
f 2091/734/65 2092/735/64 2090/607/75
f 2090/607/75 2089/736/80 2088/608/76
f 2088/608/76 2087/737/79 2086/609/77
f 2086/609/77 2085/738/78 2091/734/65
f 2091/734/65 2090/607/75 2086/609/77
f 2106/575/7 2098/574/70 2100/602/71
f 2104/611/4 2096/597/68 2097/603/74
f 2102/613/2 2094/600/67 2095/595/73
f 2101/615/66 2108/616/5 2099/605/63
f 2108/616/5 2107/610/46 2100/602/71
f 2105/612/69 2097/603/74 2098/561/70
f 2103/614/33 2095/595/73 2096/597/68
f 2101/615/66 2093/598/72 2094/600/67
f 2099/605/63 2100/602/71 2092/601/64
f 2129/618/74 2121/628/80 2122/619/75
f 2127/620/73 2119/629/79 2120/621/76
f 2126/623/67 2125/631/72 2117/624/78
f 2132/626/71 2130/545/70 2122/563/75
f 2128/622/68 2120/621/76 2121/628/80
f 2126/623/67 2118/625/77 2119/629/79
f 2131/630/63 2123/643/65 2117/624/78
f 2123/739/65 2124/740/64 2122/632/75
f 2122/632/75 2121/741/80 2120/633/76
f 2120/633/76 2119/742/79 2118/634/77
f 2118/634/77 2117/743/78 2123/739/65
f 2123/739/65 2122/632/75 2118/634/77
f 2138/546/7 2130/545/70 2132/626/71
f 2136/636/4 2128/622/68 2129/618/74
f 2134/638/2 2126/623/67 2127/620/73
f 2133/640/66 2140/641/5 2131/630/63
f 2140/641/5 2139/635/46 2132/626/71
f 2137/637/69 2129/618/74 2130/262/70
f 2135/639/33 2127/620/73 2128/622/68
f 2133/640/66 2125/631/72 2126/623/67
f 2132/626/71 2124/627/64 2123/643/65
f 2239/532/55 2251/525/55 2250/513/2
f 2236/529/56 2248/520/56 2247/524/4
f 2233/534/57 2245/530/57 2244/266/7
f 2240/526/58 2252/514/58 2251/525/55
f 2230/533/59 2241/527/59 2242/516/5
f 2237/521/60 2249/511/60 2248/520/56
f 2234/531/61 2246/522/61 2245/530/57
f 2229/515/5 2242/516/5 2252/514/58
f 2231/528/62 2243/517/62 2241/527/59
f 2238/512/2 2250/513/2 2249/511/60
f 2235/523/4 2247/524/4 2246/522/61
f 2232/518/7 2244/519/7 2243/517/62
f 2268/645/81 2280/744/98 2279/646/82
f 2254/648/59 2265/660/88 2266/649/84
f 2261/651/60 2273/662/89 2272/652/85
f 2258/654/61 2270/664/90 2269/655/86
f 2253/650/5 2266/649/84 2276/657/87
f 2255/659/62 2267/647/83 2265/660/88
f 2262/661/2 2274/667/91 2273/662/89
f 2259/663/4 2271/668/92 2270/664/90
f 2256/665/7 2268/645/81 2267/647/83
f 2263/666/55 2275/671/93 2274/667/91
f 2260/653/56 2272/652/85 2271/668/92
f 2257/656/57 2269/655/86 2268/669/81
f 2264/658/58 2276/657/87 2275/671/93
f 2283/672/94 2295/258/109 2294/260/95
f 2275/671/93 2287/676/100 2286/674/97
f 2272/652/85 2284/679/103 2283/672/94
f 2269/655/86 2281/680/104 2280/398/98
f 2275/671/93 2276/657/87 2288/675/99
f 2265/660/88 2277/681/105 2278/677/101
f 2272/652/85 2273/662/89 2285/678/102
f 2269/655/86 2270/664/90 2282/673/96
f 2266/649/84 2278/677/101 2288/675/99
f 2267/647/83 2279/646/82 2277/681/105
f 2274/667/91 2286/674/97 2285/678/102
f 2271/668/92 2283/672/94 2282/673/96
f 2279/646/82 2280/744/98 2292/370/106
f 2287/676/100 2299/357/111 2298/365/108
f 2284/679/103 2296/354/114 2295/258/109
f 2280/398/98 2281/680/104 2293/351/110
f 2288/675/99 2300/347/115 2299/357/111
f 2277/681/105 2289/355/116 2290/356/112
f 2284/679/103 2285/678/102 2297/352/113
f 2281/680/104 2282/673/96 2294/260/95
f 2278/677/101 2290/356/112 2300/347/115
f 2279/646/82 2291/372/107 2289/355/116
f 2285/678/102 2286/674/97 2298/365/108
f 2310/366/2 2322/689/2 2321/682/60
f 3967/209/117 3971/684/121 3972/683/118
f 3965/214/120 3969/685/123 3971/684/121
f 3966/213/122 3970/686/124 3969/685/123
f 3970/686/124 3972/683/118 3971/684/121
f 3968/212/119 3972/683/118 3970/686/124
f 2307/364/4 2319/690/4 2318/687/61
f 2304/470/7 2316/745/7 2315/688/62
f 2311/358/55 2323/692/55 2322/689/2
f 2308/353/56 2320/694/56 2319/690/4
f 2305/350/57 2317/695/57 2316/691/7
f 2312/349/58 2324/696/58 2323/692/55
f 2301/380/59 2313/697/59 2314/693/5
f 2309/379/60 2321/682/60 2320/694/56
f 2306/259/61 2318/687/61 2317/695/57
f 2302/348/5 2314/693/5 2324/696/58
f 2303/371/62 2315/688/62 2313/697/59
f 2326/698/66 2337/413/66 2338/423/125
f 2332/700/69 2333/705/126 2345/408/126
f 2330/701/127 2342/410/131 2341/420/6
f 2325/699/125 2338/423/125 2348/416/128
f 2327/704/129 2339/431/129 2337/413/66
f 2333/705/126 2334/746/35 2346/491/130
f 2331/706/32 2343/428/32 2342/410/131
f 2327/704/129 2328/708/34 2340/427/132
f 2334/707/35 2335/709/3 2347/424/3
f 2331/706/32 2332/700/69 2344/421/69
f 2328/708/34 2329/702/6 2341/420/6
f 2335/709/3 2336/703/128 2348/416/128
f 2359/386/133 2355/390/133 2352/392/134
f 2349/395/135 2350/397/135 2351/394/134
f 2359/386/133 2357/388/46 2353/391/46
f 2365/382/136 2367/489/33 2363/490/33
f 2362/710/137 2364/747/46 2368/381/46
f 2365/382/136 2361/384/136 2350/397/135
f 2387/412/128 2373/715/128 2372/711/3
f 2391/417/32 2380/721/32 2379/712/131
f 2390/414/126 2370/717/126 2369/713/69
f 2383/393/132 2377/385/34 2376/714/129
f 2386/411/125 2374/719/125 2373/715/128
f 2390/414/126 2389/426/35 2371/716/130
f 2382/425/6 2378/720/6 2377/718/34
f 2385/422/66 2375/722/66 2374/719/125
f 2389/426/35 2388/419/3 2372/711/3
f 2381/418/127 2379/712/131 2378/720/6
f 2392/415/69 2369/713/69 2380/721/32
f 2384/409/129 2376/714/129 2375/722/66
f 2478/630/138 2477/626/146 2485/627/139
f 2476/640/141 2484/631/147 2483/623/142
f 2474/639/143 2482/620/148 2481/622/144
f 2472/637/9 2480/618/149 2479/262/145
f 2469/641/5 2470/635/11 2477/626/146
f 2476/640/141 2469/641/5 2478/630/138
f 2475/638/3 2483/623/142 2482/620/148
f 2473/636/4 2481/622/144 2480/618/149
f 2470/635/11 2471/546/6 2479/545/145
f 2486/739/140 2485/740/139 2487/632/150
f 2487/632/150 2488/741/155 2489/633/151
f 2489/633/151 2490/742/154 2491/634/152
f 2491/634/152 2492/743/153 2486/739/140
f 2486/739/140 2487/632/150 2491/634/152
f 2478/630/138 2486/643/140 2492/624/153
f 2483/623/142 2491/625/152 2490/629/154
f 2480/618/149 2481/622/144 2489/621/151
f 2477/626/146 2479/545/145 2487/563/150
f 2484/631/147 2492/624/153 2491/625/152
f 2481/622/144 2482/620/148 2490/629/154
f 2480/618/149 2488/628/155 2487/619/150
f 2505/551/149 2497/560/155 2498/563/150
f 2504/542/144 2503/550/148 2495/558/154
f 2501/549/147 2493/557/158 2494/562/152
f 2506/561/145 2498/594/150 2500/536/157
f 2504/542/144 2496/559/156 2497/560/155
f 2503/550/148 2502/539/142 2494/562/152
f 2507/535/138 2499/537/140 2493/557/158
f 2499/724/140 2500/725/157 2498/554/150
f 2498/554/150 2497/726/155 2496/555/156
f 2496/555/156 2495/727/154 2494/556/152
f 2494/556/152 2493/728/158 2499/724/140
f 2499/724/140 2498/554/150 2494/556/152
f 2515/553/11 2514/552/6 2506/561/145
f 2513/544/9 2512/543/4 2504/542/144
f 2510/540/3 2502/539/142 2503/550/148
f 2509/538/141 2516/547/5 2507/535/138
f 2516/547/5 2515/553/11 2508/548/146
f 2513/544/9 2505/551/149 2506/545/145
f 2511/541/143 2503/550/148 2504/542/144
f 2509/538/141 2501/549/147 2502/539/142
f 2508/548/146 2500/536/157 2499/537/140
f 2542/605/138 2541/602/146 2549/601/159
f 2540/615/141 2548/598/147 2547/600/142
f 2538/614/143 2546/595/148 2545/597/144
f 2535/552/6 2536/612/9 2544/603/149
f 2533/616/5 2534/610/11 2541/602/146
f 2540/615/141 2533/616/5 2542/605/138
f 2539/613/3 2547/600/142 2546/595/148
f 2537/611/4 2545/597/144 2544/603/149
f 2535/575/6 2543/574/145 2541/602/146
f 2550/734/140 2549/735/159 2551/607/150
f 2551/607/150 2552/736/160 2553/608/151
f 2553/608/151 2554/737/154 2555/609/152
f 2555/609/152 2556/738/158 2550/734/140
f 2550/734/140 2551/607/150 2555/609/152
f 2548/598/147 2542/605/138 2550/617/140
f 2547/600/142 2555/599/152 2554/604/154
f 2545/597/144 2553/596/151 2552/593/160
f 2541/602/146 2543/574/145 2551/592/150
f 2547/600/142 2548/598/147 2556/606/158
f 2545/597/144 2546/595/148 2554/604/154
f 2544/603/149 2552/593/160 2551/594/150
f 2569/579/149 2561/588/155 2562/592/150
f 2567/578/148 2559/586/154 2560/587/156
f 2565/577/147 2557/585/153 2558/591/152
f 2572/564/146 2570/723/145 2562/589/150
f 2568/571/144 2560/587/156 2561/588/155
f 2567/578/148 2566/568/142 2558/591/152
f 2571/566/138 2563/565/140 2557/585/153
f 2563/729/140 2564/730/139 2562/582/150
f 2562/582/150 2561/731/155 2560/583/156
f 2560/583/156 2559/732/154 2558/584/152
f 2558/584/152 2557/733/153 2563/729/140
f 2563/729/140 2562/582/150 2558/584/152
f 2579/581/11 2578/580/6 2570/723/145
f 2576/572/4 2568/571/144 2569/579/149
f 2574/569/3 2566/568/142 2567/578/148
f 2573/567/141 2580/576/5 2571/566/138
f 2580/576/5 2579/581/11 2572/564/146
f 2578/575/6 2577/573/9 2569/579/149
f 2575/570/143 2567/578/148 2568/571/144
f 2573/567/141 2565/577/147 2566/568/142
f 2572/564/146 2564/590/139 2563/565/140
f 2606/605/138 2605/602/146 2613/601/139
f 2604/615/141 2612/598/147 2611/600/142
f 2602/614/143 2610/595/148 2609/597/144
f 2599/552/6 2600/612/9 2608/603/149
f 2597/616/5 2598/610/11 2605/602/146
f 2604/615/141 2597/616/5 2606/605/138
f 2603/613/3 2611/600/142 2610/595/148
f 2601/611/4 2609/597/144 2608/603/149
f 2598/610/11 2599/575/6 2607/574/145
f 2614/734/140 2613/735/139 2615/607/150
f 2615/607/150 2616/736/155 2617/608/156
f 2617/608/156 2618/737/154 2619/609/152
f 2619/609/152 2620/738/153 2614/734/140
f 2614/734/140 2615/607/150 2619/609/152
f 2606/605/138 2614/617/140 2620/606/153
f 2610/595/148 2611/600/142 2619/599/152
f 2609/597/144 2617/596/156 2616/593/155
f 2605/602/146 2607/574/145 2615/592/150
f 2612/598/147 2620/606/153 2619/599/152
f 2610/595/148 2618/604/154 2617/596/156
f 2608/603/149 2616/593/155 2615/594/150
f 2633/618/149 2625/628/155 2626/619/150
f 2632/622/144 2631/620/148 2623/629/154
f 2630/623/142 2629/631/147 2621/624/153
f 2636/626/146 2634/545/145 2626/563/150
f 2632/622/144 2624/621/156 2625/628/155
f 2630/623/142 2622/625/152 2623/629/154
f 2635/630/138 2627/643/140 2621/624/153
f 2627/739/140 2628/740/139 2626/632/150
f 2626/632/150 2625/741/155 2624/633/156
f 2624/633/156 2623/742/154 2622/634/152
f 2622/634/152 2621/743/153 2627/739/140
f 2627/739/140 2626/632/150 2622/634/152
f 2643/635/11 2642/546/6 2634/545/145
f 2640/636/4 2632/622/144 2633/618/149
f 2638/638/3 2630/623/142 2631/620/148
f 2637/640/141 2644/641/5 2635/630/138
f 2644/641/5 2643/635/11 2636/626/146
f 2642/642/6 2641/637/9 2633/618/149
f 2639/639/143 2631/620/148 2632/622/144
f 2637/640/141 2629/631/147 2630/623/142
f 2636/626/146 2628/627/139 2627/643/140
f 2670/535/138 2669/548/146 2677/536/159
f 2668/538/141 2676/549/147 2675/539/142
f 2665/543/4 2666/541/143 2674/550/148
f 2663/546/6 2664/544/9 2672/551/149
f 2662/553/11 2669/548/146 2670/535/138
f 2668/538/141 2661/547/5 2670/535/138
f 2667/540/3 2675/539/142 2674/550/148
f 2665/543/4 2673/542/144 2672/551/149
f 2663/552/6 2671/561/145 2669/548/146
f 2678/724/140 2677/725/159 2679/554/150
f 2679/554/150 2680/726/160 2681/555/151
f 2681/555/151 2682/727/154 2683/556/152
f 2683/556/152 2684/728/158 2678/724/140
f 2678/724/140 2679/554/150 2683/556/152
f 2670/535/138 2678/537/140 2684/557/158
f 2675/539/142 2683/562/152 2682/558/154
f 2673/542/144 2681/559/151 2680/560/160
f 2669/548/146 2671/561/145 2679/594/150
f 2675/539/142 2676/549/147 2684/557/158
f 2673/542/144 2674/550/148 2682/558/154
f 2672/551/149 2680/560/160 2679/563/150
f 2698/262/145 2697/618/149 2689/628/160
f 2696/622/144 2695/620/148 2687/629/154
f 2694/623/142 2693/631/147 2685/624/158
f 2700/626/146 2698/545/145 2690/563/150
f 2696/622/144 2688/621/151 2689/628/160
f 2695/620/148 2694/623/142 2686/625/152
f 2699/630/138 2691/643/140 2685/624/158
f 2691/739/140 2692/740/161 2690/632/150
f 2690/632/150 2689/741/160 2688/633/151
f 2688/633/151 2687/742/154 2686/634/152
f 2686/634/152 2685/743/158 2691/739/140
f 2691/739/140 2690/632/150 2686/634/152
f 2706/546/6 2698/545/145 2700/626/146
f 2704/636/4 2696/622/144 2697/618/149
f 2702/638/3 2694/623/142 2695/620/148
f 2701/640/141 2708/641/5 2699/630/138
f 2708/641/5 2707/635/11 2700/626/146
f 2705/637/9 2697/618/149 2698/262/145
f 2704/636/4 2703/639/143 2695/620/148
f 2701/640/141 2693/631/147 2694/623/142
f 2700/626/146 2692/627/161 2691/643/140
f 2734/566/138 2733/564/146 2741/590/139
f 2732/567/141 2740/577/147 2739/568/142
f 2729/572/4 2730/570/143 2738/578/148
f 2728/573/9 2736/579/149 2735/574/145
f 2725/576/5 2726/581/11 2733/564/146
f 2732/567/141 2725/576/5 2734/566/138
f 2731/569/3 2739/568/142 2738/578/148
f 2729/572/4 2737/571/144 2736/579/149
f 2727/580/6 2735/723/145 2733/564/146
f 2742/729/140 2741/730/139 2743/582/150
f 2743/582/150 2744/731/160 2745/583/151
f 2745/583/151 2746/732/154 2747/584/152
f 2747/584/152 2748/733/158 2742/729/140
f 2742/729/140 2743/582/150 2747/584/152
f 2740/577/147 2734/566/138 2742/565/140
f 2738/578/148 2739/568/142 2747/591/152
f 2737/571/144 2745/587/151 2744/588/160
f 2735/723/145 2743/589/150 2741/590/139
f 2740/577/147 2748/585/158 2747/591/152
f 2737/571/144 2738/578/148 2746/586/154
f 2735/574/145 2736/579/149 2744/588/160
f 2765/626/146 2773/627/139 2774/643/140
f 2764/640/141 2772/631/147 2771/623/142
f 2762/639/143 2770/620/148 2769/622/144
f 2759/642/6 2760/637/9 2768/618/149
f 2757/641/5 2758/635/11 2765/626/146
f 2764/640/141 2757/641/5 2766/630/138
f 2763/638/3 2771/623/142 2770/620/148
f 2761/636/4 2769/622/144 2768/618/149
f 2759/546/6 2767/545/145 2765/626/146
f 2774/739/140 2773/740/139 2775/632/150
f 2775/632/150 2776/741/155 2777/633/151
f 2777/633/151 2778/742/154 2779/634/152
f 2779/634/152 2780/743/153 2774/739/140
f 2774/739/140 2775/632/150 2779/634/152
f 2766/630/138 2774/643/140 2780/624/153
f 2771/623/142 2779/625/152 2778/629/154
f 2769/622/144 2777/621/151 2776/628/155
f 2765/626/146 2767/545/145 2775/563/150
f 2772/631/147 2780/624/153 2779/625/152
f 2769/622/144 2770/620/148 2778/629/154
f 2768/618/149 2776/628/155 2775/619/150
f 2793/579/149 2785/588/155 2786/592/150
f 2792/571/144 2791/578/148 2783/586/154
f 2789/577/147 2781/585/158 2782/591/152
f 2796/564/146 2794/723/145 2786/589/150
f 2792/571/144 2784/587/151 2785/588/155
f 2791/578/148 2790/568/142 2782/591/152
f 2795/566/138 2787/565/140 2781/585/158
f 2787/729/140 2788/730/159 2786/582/150
f 2786/582/150 2785/731/155 2784/583/151
f 2784/583/151 2783/732/154 2782/584/152
f 2782/584/152 2781/733/158 2787/729/140
f 2787/729/140 2786/582/150 2782/584/152
f 2802/580/6 2794/723/145 2796/564/146
f 2800/572/4 2792/571/144 2793/579/149
f 2798/569/3 2790/568/142 2791/578/148
f 2797/567/141 2804/576/5 2795/566/138
f 2804/576/5 2803/581/11 2796/564/146
f 2801/573/9 2793/579/149 2794/574/145
f 2799/570/143 2791/578/148 2792/571/144
f 2797/567/141 2789/577/147 2790/568/142
f 2795/566/138 2796/564/146 2788/590/159
f 2830/535/138 2829/548/146 2837/536/159
f 2828/538/141 2836/549/147 2835/539/142
f 2826/541/143 2834/550/148 2833/542/144
f 2824/544/9 2832/551/149 2831/545/145
f 2821/547/5 2822/553/11 2829/548/146
f 2828/538/141 2821/547/5 2830/535/138
f 2827/540/3 2835/539/142 2834/550/148
f 2825/543/4 2833/542/144 2832/551/149
f 2822/553/11 2823/552/6 2831/561/145
f 2838/724/140 2837/725/159 2839/554/150
f 2839/554/150 2840/726/155 2841/555/156
f 2841/555/156 2842/727/154 2843/556/152
f 2843/556/152 2844/728/158 2838/724/140
f 2838/724/140 2839/554/150 2843/556/152
f 2830/535/138 2838/537/140 2844/557/158
f 2834/550/148 2835/539/142 2843/562/152
f 2833/542/144 2841/559/156 2840/560/155
f 2829/548/146 2831/561/145 2839/594/150
f 2836/549/147 2844/557/158 2843/562/152
f 2833/542/144 2834/550/148 2842/558/154
f 2832/551/149 2840/560/155 2839/563/150
f 2857/618/149 2849/628/155 2850/619/150
f 2856/622/144 2855/620/148 2847/629/154
f 2853/631/147 2845/624/158 2846/625/152
f 2860/626/146 2858/545/145 2850/563/150
f 2856/622/144 2848/621/156 2849/628/155
f 2855/620/148 2854/623/142 2846/625/152
f 2859/630/138 2851/643/140 2845/624/158
f 2851/739/140 2852/740/159 2850/632/150
f 2850/632/150 2849/741/155 2848/633/156
f 2848/633/156 2847/742/154 2846/634/152
f 2846/634/152 2845/743/158 2851/739/140
f 2851/739/140 2850/632/150 2846/634/152
f 2867/635/11 2866/546/6 2858/545/145
f 2864/636/4 2856/622/144 2857/618/149
f 2862/638/3 2854/623/142 2855/620/148
f 2861/640/141 2868/641/5 2859/630/138
f 2868/641/5 2867/635/11 2860/626/146
f 2865/637/9 2857/618/149 2858/262/145
f 2863/639/143 2855/620/148 2856/622/144
f 2861/640/141 2853/631/147 2854/623/142
f 2859/630/138 2860/626/146 2852/627/159
f 2894/535/138 2893/548/146 2901/536/139
f 2892/538/141 2900/549/147 2899/539/142
f 2890/541/143 2898/550/148 2897/542/144
f 2888/544/9 2896/551/149 2895/545/145
f 2885/547/5 2886/553/11 2893/548/146
f 2892/538/141 2885/547/5 2894/535/138
f 2891/540/3 2899/539/142 2898/550/148
f 2889/543/4 2897/542/144 2896/551/149
f 2887/552/6 2895/561/145 2893/548/146
f 2902/724/140 2901/725/139 2903/554/150
f 2903/554/150 2904/726/155 2905/555/151
f 2905/555/151 2906/727/154 2907/556/152
f 2907/556/152 2908/728/158 2902/724/140
f 2902/724/140 2903/554/150 2907/556/152
f 2894/535/138 2902/537/140 2908/557/158
f 2898/550/148 2899/539/142 2907/562/152
f 2897/542/144 2905/559/151 2904/560/155
f 2895/561/145 2903/594/150 2901/536/139
f 2900/549/147 2908/557/158 2907/562/152
f 2897/542/144 2898/550/148 2906/558/154
f 2896/551/149 2904/560/155 2903/563/150
f 2921/603/149 2913/593/155 2914/594/150
f 2920/597/144 2919/595/148 2911/604/154
f 2917/598/147 2909/606/153 2910/599/152
f 2924/602/146 2922/574/145 2914/592/150
f 2920/597/144 2912/596/151 2913/593/155
f 2918/600/142 2910/599/152 2911/604/154
f 2923/605/138 2915/617/140 2909/606/153
f 2915/734/140 2916/735/139 2914/607/150
f 2914/607/150 2913/736/155 2912/608/151
f 2912/608/151 2911/737/154 2910/609/152
f 2910/609/152 2909/738/153 2915/734/140
f 2915/734/140 2914/607/150 2910/609/152
f 2930/575/6 2922/574/145 2924/602/146
f 2928/611/4 2920/597/144 2921/603/149
f 2926/613/3 2918/600/142 2919/595/148
f 2925/615/141 2932/616/5 2923/605/138
f 2932/616/5 2931/610/11 2924/602/146
f 2929/612/9 2921/603/149 2922/561/145
f 2927/614/143 2919/595/148 2920/597/144
f 2925/615/141 2917/598/147 2918/600/142
f 2924/602/146 2916/601/139 2915/617/140
o Sub1
v -0.500000 2.850000 -1.250000
v -0.500000 3.850000 -1.250000
v -0.500000 2.850000 -2.250000
v -0.500000 3.850000 -2.250000
v -0.400000 2.850000 -1.250000
v -0.400000 3.850000 -1.250000
v -0.400000 2.850000 -2.250000
v -0.400000 3.850000 -2.250000
vn -0.0000 -0.0000 -1.0000
vn 1.0000 -0.0000 -0.0000
vn -0.0000 -0.0000 1.0000
vn -0.0000 -1.0000 -0.0000
vn -0.0000 1.0000 -0.0000
vt 0.375000 0.250000
vt 0.625000 0.250000
vt 0.625000 0.500000
vt 0.375000 0.500000
vt 0.625000 0.750000
vt 0.375000 0.750000
vt 0.625000 1.000000
vt 0.375000 1.000000
vt 0.125000 0.500000
vt 0.125000 0.750000
vt 0.875000 0.500000
vt 0.875000 0.750000
s 0
usemtl Material.001
f 3981/748/162 3982/749/162 3986/750/162 3985/751/162
f 3985/751/163 3986/750/163 3984/752/163 3983/753/163
f 3983/753/164 3984/752/164 3980/754/164 3979/755/164
f 3981/756/165 3985/751/165 3983/753/165 3979/757/165
f 3986/750/166 3982/758/166 3980/759/166 3984/752/166
o Sub2
v -0.500000 1.680000 -1.250000
v -0.500000 2.680000 -1.250000
v -0.500000 1.680000 -2.250000
v -0.500000 2.680000 -2.250000
v -0.400000 1.680000 -1.250000
v -0.400000 2.680000 -1.250000
v -0.400000 1.680000 -2.250000
v -0.400000 2.680000 -2.250000
vn -0.0000 -0.0000 -1.0000
vn 1.0000 -0.0000 -0.0000
vn -0.0000 -0.0000 1.0000
vn -0.0000 -1.0000 -0.0000
vn -0.0000 1.0000 -0.0000
vt 0.375000 0.250000
vt 0.625000 0.250000
vt 0.625000 0.500000
vt 0.375000 0.500000
vt 0.625000 0.750000
vt 0.375000 0.750000
vt 0.625000 1.000000
vt 0.375000 1.000000
vt 0.125000 0.500000
vt 0.125000 0.750000
vt 0.875000 0.500000
vt 0.875000 0.750000
s 0
usemtl Material.002
f 3989/760/167 3990/761/167 3994/762/167 3993/763/167
f 3993/763/168 3994/762/168 3992/764/168 3991/765/168
f 3991/765/169 3992/764/169 3988/766/169 3987/767/169
f 3989/768/170 3993/763/170 3991/765/170 3987/769/170
f 3994/762/171 3990/770/171 3988/771/171 3992/764/171
o Sub3
v -0.500000 1.680000 2.250000
v -0.500000 2.680000 2.250000
v -0.500000 1.680000 1.250000
v -0.500000 2.680000 1.250000
v -0.400000 1.680000 2.250000
v -0.400000 2.680000 2.250000
v -0.400000 1.680000 1.250000
v -0.400000 2.680000 1.250000
vn -0.0000 -0.0000 -1.0000
vn 1.0000 -0.0000 -0.0000
vn -0.0000 -0.0000 1.0000
vn -0.0000 -1.0000 -0.0000
vn -0.0000 1.0000 -0.0000
vt 0.375000 0.250000
vt 0.625000 0.250000
vt 0.625000 0.500000
vt 0.375000 0.500000
vt 0.625000 0.750000
vt 0.375000 0.750000
vt 0.625000 1.000000
vt 0.375000 1.000000
vt 0.125000 0.500000
vt 0.125000 0.750000
vt 0.875000 0.500000
vt 0.875000 0.750000
s 0
usemtl Material.003
f 3997/772/172 3998/773/172 4002/774/172 4001/775/172
f 4001/775/173 4002/774/173 4000/776/173 3999/777/173
f 3999/777/174 4000/776/174 3996/778/174 3995/779/174
f 3997/780/175 4001/775/175 3999/777/175 3995/781/175
f 4002/774/176 3998/782/176 3996/783/176 4000/776/176
o Sub4
v -0.500000 2.850000 2.250000
v -0.500000 3.850000 2.250000
v -0.500000 2.850000 1.250000
v -0.500000 3.850000 1.250000
v -0.400000 2.850000 2.250000
v -0.400000 3.850000 2.250000
v -0.400000 2.850000 1.250000
v -0.400000 3.850000 1.250000
vn -0.0000 -0.0000 -1.0000
vn 1.0000 -0.0000 -0.0000
vn -0.0000 -0.0000 1.0000
vn -0.0000 -1.0000 -0.0000
vn -0.0000 1.0000 -0.0000
vt 0.375000 0.250000
vt 0.625000 0.250000
vt 0.625000 0.500000
vt 0.375000 0.500000
vt 0.625000 0.750000
vt 0.375000 0.750000
vt 0.625000 1.000000
vt 0.375000 1.000000
vt 0.125000 0.500000
vt 0.125000 0.750000
vt 0.875000 0.500000
vt 0.875000 0.750000
s 0
usemtl Material.004
f 4005/784/177 4006/785/177 4010/786/177 4009/787/177
f 4009/787/178 4010/786/178 4008/788/178 4007/789/178
f 4007/789/179 4008/788/179 4004/790/179 4003/791/179
f 4005/792/180 4009/787/180 4007/789/180 4003/793/180
f 4010/786/181 4006/794/181 4004/795/181 4008/788/181
o Main
v -0.500000 1.750000 -1.000001
v -0.500000 3.750000 -1.000001
v -0.500000 1.750000 0.999999
v -0.500000 3.750000 0.999999
v -0.375000 3.750000 -1.000001
v -0.375000 1.750000 -1.000001
v -0.375000 3.750000 0.999999
v -0.375000 1.750000 0.999999
vn 1.0000 -0.0000 -0.0000
vn -0.0000 1.0000 -0.0000
vn -0.0000 -0.0000 1.0000
vn -0.0000 -1.0000 -0.0000
vn -0.0000 -0.0000 -1.0000
vt 0.168317 0.482759
vt 0.009901 0.298851
vt 0.168317 0.298851
vt 0.009901 0.494253
vt 0.168317 0.494253
vt -0.000000 0.298851
vt 0.009901 0.482759
vt 0.000000 0.482759
vt 0.168317 0.287356
vt 0.009901 0.287356
vt 0.178218 0.482759
vt 0.178218 0.298851
s 1
usemtl Material
f 4015/796/182 4018/797/182 4016/798/182
f 4014/799/183 4015/796/183 4012/800/183
f 4013/801/184 4017/802/184 4014/803/184
f 4011/804/185 4018/797/185 4013/805/185
f 4012/806/186 4016/798/186 4011/807/186
f 4015/796/182 4017/802/182 4018/797/182
f 4014/799/183 4017/802/183 4015/796/183
f 4013/801/184 4018/797/184 4017/802/184
f 4011/804/185 4016/798/185 4018/797/185
f 4012/806/186 4015/796/186 4016/798/186
