# Blender 5.0.1
# www.blender.org
mtllib SPY-6.mtl
o radar
v -5.000000 -5.000000 5.000000
v -3.000000 2.400000 3.000000
v -5.000000 -5.000000 -5.000000
v -3.000000 2.400000 -3.000000
v 5.000000 -5.000000 5.000000
v 3.000000 2.400000 3.000000
v 5.000000 -5.000000 -5.000000
v 3.000000 2.400000 -3.000000
v 3.298261 1.622218 1.224762
v 3.284246 1.674521 1.097196
v 3.279608 1.595239 1.140474
v 3.291477 1.647534 1.188104
v 3.285846 1.621189 1.207013
v 3.280347 1.643169 1.178034
v 3.275311 1.660505 1.111122
v 3.286359 1.666637 1.141515
v 3.276999 1.655668 1.147549
v 3.279100 1.611433 1.176533
v 3.273633 1.631835 1.126772
v 3.274808 1.638178 1.158607
v 3.694437 0.143668 2.728983
v 3.692005 0.056152 2.706284
v 3.727693 0.019555 2.780897
v 3.687199 0.123316 2.730893
v 3.704041 0.107823 2.754550
v 3.695166 0.095045 2.753038
v 3.699292 0.043255 2.742934
v 3.686320 0.091669 2.722684
v 3.693762 0.074621 2.749312
v 3.716187 0.062495 2.773510
v 3.712198 0.030021 2.769916
v 3.703113 0.065385 2.765444
v 4.283123 -2.053340 2.762169
v 4.270176 -2.101614 2.686789
v 4.316139 -2.176559 2.708021
v 4.274887 -2.069964 2.750943
v 4.294593 -2.096148 2.754007
v 4.284680 -2.105052 2.745834
v 4.283084 -2.135486 2.702562
v 4.270205 -2.087420 2.723684
v 4.281126 -2.117452 2.729507
v 4.306652 -2.141150 2.734231
v 4.299705 -2.162588 2.710240
v 4.292570 -2.134498 2.732894
v 4.705461 -3.629525 1.177313
v 4.675437 -3.614069 1.093409
v 4.718897 -3.679670 1.048822
v 4.694114 -3.634542 1.159528
v 4.712078 -3.654220 1.140204
v 4.700211 -3.655835 1.130159
v 4.688498 -3.648513 1.079065
v 4.683257 -3.628953 1.129187
v 4.692831 -3.653955 1.110794
v 4.716985 -3.672534 1.093277
v 4.704214 -3.672236 1.062942
v 4.703422 -3.667818 1.099452
v 4.714049 -3.661580 -1.097196
v 4.670392 -3.595239 -1.140474
v 4.700035 -3.609277 -1.224762
v 4.699304 -3.653909 -1.111122
v 4.711937 -3.653696 -1.141515
v 4.698346 -3.648877 -1.147549
v 4.678049 -3.609517 -1.176533
v 4.683516 -3.629919 -1.126772
v 4.687705 -3.634825 -1.158607
v 4.706819 -3.634593 -1.188104
v 4.688769 -3.614594 -1.207013
v 4.694997 -3.636378 -1.178034
v 4.303859 -2.130727 -2.728983
v 4.257995 -2.056152 -2.706284
v 4.270603 -2.006614 -2.780897
v 4.287415 -2.116721 -2.730893
v 4.294254 -2.094882 -2.754550
v 4.280179 -2.088254 -2.753038
v 4.257857 -2.041339 -2.742934
v 4.270830 -2.089753 -2.722684
v 4.268751 -2.071268 -2.749312
v 4.282108 -2.049554 -2.773510
v 4.262417 -2.023425 -2.769916
v 4.272232 -2.058594 -2.765444
v 3.715173 0.066281 -2.762169
v 3.679823 0.101614 -2.686789
v 3.682156 0.189500 -2.708021
v 3.699728 0.076560 -2.750943
v 3.703702 0.109089 -2.754007
v 3.690665 0.111843 -2.745834
v 3.674066 0.137402 -2.702562
v 3.686945 0.089337 -2.723684
v 3.681387 0.120806 -2.729507
v 3.691644 0.154091 -2.734231
v 3.674909 0.169183 -2.710240
v 3.682775 0.141289 -2.732894
v 3.292835 1.642466 -1.177313
v 3.274562 1.614069 -1.093409
v 3.279399 1.692611 -1.048822
v 3.280500 1.641138 -1.159528
v 3.286218 1.667161 -1.140204
v 3.275134 1.662626 -1.130159
v 3.268651 1.650429 -1.079065
v 3.273892 1.630869 -1.129187
v 3.269683 1.657308 -1.110794
v 3.281311 1.685475 -1.093277
v 3.270401 1.678832 -1.062942
v 3.271923 1.674609 -1.099452
v 3.694437 0.143668 2.728983
v 3.727693 0.019555 2.780897
v 3.740301 0.069093 2.706284
v 3.704041 0.107823 2.754550
v 3.710881 0.129662 2.730893
v 3.718117 0.101195 2.753038
v 3.735879 0.036366 2.769916
v 3.716187 0.062495 2.773510
v 3.726064 0.071535 2.765444
v 3.727466 0.102694 2.722684
v 3.740438 0.054280 2.742935
v 3.729545 0.084209 2.749312
v 3.298261 1.622218 1.224762
v 3.327904 1.608180 1.140474
v 3.284246 1.674521 1.097196
v 3.312089 1.618843 1.211802
v 3.290289 1.651970 1.190192
v 3.303889 1.647404 1.178648
v 3.315972 1.639807 1.117165
v 3.322970 1.613690 1.180864
v 3.311550 1.643777 1.156866
v 3.285145 1.671168 1.143368
v 3.299947 1.664159 1.101279
v 3.300267 1.660921 1.145682
v 4.283123 -2.053340 2.762169
v 4.316139 -2.176559 2.708021
v 4.318472 -2.088673 2.686789
v 4.295073 -2.097938 2.758698
v 4.296238 -2.054052 2.748096
v 4.307220 -2.097079 2.744885
v 4.324843 -2.160810 2.701182
v 4.307192 -2.143167 2.738822
v 4.315752 -2.128922 2.730892
v 4.309213 -2.067022 2.720427
v 4.325700 -2.128550 2.693388
v 4.316355 -2.106210 2.725405
v 4.705461 -3.629525 1.177313
v 4.718897 -3.679670 1.048822
v 4.723733 -3.601128 1.093409
v 4.712078 -3.654220 1.140204
v 4.717795 -3.628197 1.159528
v 4.723162 -3.649685 1.130159
v 4.727895 -3.665891 1.062942
v 4.716985 -3.672534 1.093277
v 4.726373 -3.661668 1.099452
v 4.724403 -3.617928 1.129187
v 4.729644 -3.637489 1.079065
v 4.728613 -3.644367 1.110794
v 4.714049 -3.661580 -1.097196
v 4.700035 -3.609277 -1.224762
v 4.718688 -3.582298 -1.140474
v 4.711937 -3.653696 -1.141515
v 4.722985 -3.647564 -1.111122
v 4.721297 -3.642727 -1.147549
v 4.712450 -3.608248 -1.207013
v 4.706819 -3.634593 -1.188104
v 4.717948 -3.630228 -1.178034
v 4.724662 -3.618894 -1.126772
v 4.719195 -3.598492 -1.176533
v 4.723487 -3.625237 -1.158607
v 4.303859 -2.130727 -2.728983
v 4.270603 -2.006614 -2.780897
v 4.306291 -2.043211 -2.706284
v 4.294254 -2.094882 -2.754550
v 4.311096 -2.110375 -2.730893
v 4.303130 -2.082104 -2.753038
v 4.286098 -2.017080 -2.769916
v 4.282108 -2.049554 -2.773510
v 4.295182 -2.052444 -2.765444
v 4.311976 -2.078728 -2.722684
v 4.299004 -2.030314 -2.742935
v 4.304533 -2.061680 -2.749312
v 3.715173 0.066281 -2.762169
v 3.682156 0.189500 -2.708021
v 3.728120 0.114555 -2.686789
v 3.703702 0.109089 -2.754007
v 3.723409 0.082905 -2.750943
v 3.713616 0.117993 -2.745834
v 3.698591 0.175529 -2.710240
v 3.691644 0.154091 -2.734231
v 3.705726 0.147439 -2.732894
v 3.728091 0.100362 -2.723684
v 3.715212 0.148427 -2.702562
v 3.717170 0.130393 -2.729507
v 3.292835 1.642466 -1.177313
v 3.279399 1.692611 -1.048822
v 3.322858 1.627010 -1.093409
v 3.286218 1.667161 -1.140204
v 3.304182 1.647483 -1.159528
v 3.298085 1.668776 -1.130159
v 3.294082 1.685177 -1.062942
v 3.281311 1.685475 -1.093277
v 3.294874 1.680759 -1.099452
v 3.315039 1.641894 -1.129187
v 3.309797 1.661454 -1.079065
v 3.305465 1.666896 -1.110794
v 3.916649 -0.627684 2.700268
v 3.916649 -0.627684 1.949732
v 3.722396 0.097278 2.700268
v 3.722396 0.097278 1.949732
v 3.729089 0.108785 2.709650
v 3.928199 -0.634302 2.709650
v 3.928199 -0.634302 1.940350
v 3.729089 0.108785 1.940350
v 3.730538 0.109173 2.709650
v 3.929648 -0.633914 2.709650
v 3.929648 -0.633914 1.940350
v 3.730538 0.109173 1.940350
v 3.916649 -0.627684 1.930968
v 3.916649 -0.627684 1.180432
v 3.722396 0.097278 1.930968
v 3.722396 0.097278 1.180432
v 3.729089 0.108785 1.940350
v 3.928199 -0.634302 1.940350
v 3.928199 -0.634302 1.171050
v 3.729089 0.108785 1.171050
v 3.730538 0.109173 1.940350
v 3.929648 -0.633914 1.940350
v 3.929648 -0.633914 1.171050
v 3.730538 0.109173 1.171050
v 3.916649 -0.627684 1.161668
v 3.916649 -0.627684 0.411132
v 3.722396 0.097278 1.161668
v 3.722396 0.097278 0.411132
v 3.729089 0.108785 1.171050
v 3.928199 -0.634302 1.171050
v 3.928199 -0.634302 0.401750
v 3.729089 0.108785 0.401750
v 3.730538 0.109173 1.171050
v 3.929648 -0.633914 1.171050
v 3.929648 -0.633914 0.401750
v 3.730538 0.109173 0.401750
v 3.916649 -0.627684 0.392368
v 3.916649 -0.627684 -0.358168
v 3.722396 0.097278 0.392368
v 3.722396 0.097278 -0.358168
v 3.729089 0.108785 0.401750
v 3.928199 -0.634302 0.401750
v 3.928199 -0.634302 -0.367550
v 3.729089 0.108785 -0.367550
v 3.730538 0.109173 0.401750
v 3.929648 -0.633914 0.401750
v 3.929648 -0.633914 -0.367550
v 3.730538 0.109173 -0.367550
v 3.916649 -0.627684 -0.376932
v 3.916649 -0.627684 -1.127468
v 3.722396 0.097278 -0.376932
v 3.722396 0.097278 -1.127468
v 3.729089 0.108785 -0.367550
v 3.928199 -0.634302 -0.367550
v 3.928199 -0.634302 -1.136850
v 3.729089 0.108785 -1.136850
v 3.730538 0.109173 -0.367550
v 3.929648 -0.633914 -0.367550
v 3.929648 -0.633914 -1.136850
v 3.730538 0.109173 -1.136850
v 3.916649 -0.627684 -1.146232
v 3.916649 -0.627684 -1.896768
v 3.722396 0.097278 -1.146232
v 3.722396 0.097278 -1.896768
v 3.729089 0.108785 -1.136850
v 3.928199 -0.634302 -1.136850
v 3.928199 -0.634302 -1.906150
v 3.729089 0.108785 -1.906150
v 3.730538 0.109173 -1.136850
v 3.929648 -0.633914 -1.136850
v 3.929648 -0.633914 -1.906150
v 3.730538 0.109173 -1.906150
v 3.916649 -0.627684 -1.915532
v 3.916649 -0.627684 -2.666069
v 3.722396 0.097278 -1.915532
v 3.722396 0.097278 -2.666069
v 3.729089 0.108785 -1.906150
v 3.928199 -0.634302 -1.906150
v 3.928199 -0.634302 -2.675450
v 3.729089 0.108785 -2.675450
v 3.730538 0.109173 -1.906150
v 3.929648 -0.633914 -1.906150
v 3.929648 -0.633914 -2.675450
v 3.730538 0.109173 -2.675450
v 4.106881 -1.337640 2.700268
v 4.106881 -1.337640 1.949732
v 3.912628 -0.612677 2.700268
v 3.912628 -0.612677 1.949732
v 3.919322 -0.601171 2.709650
v 4.118431 -1.344258 2.709650
v 4.118431 -1.344258 1.940350
v 3.919322 -0.601171 1.940350
v 3.920770 -0.600783 2.709650
v 4.119880 -1.343869 2.709650
v 4.119880 -1.343869 1.940350
v 3.920770 -0.600783 1.940350
v 4.106881 -1.337640 1.930968
v 4.106881 -1.337640 1.180432
v 3.912628 -0.612677 1.930968
v 3.912628 -0.612677 1.180432
v 3.919322 -0.601171 1.940350
v 4.118431 -1.344258 1.940350
v 4.118431 -1.344258 1.171050
v 3.919322 -0.601171 1.171050
v 3.920770 -0.600783 1.940350
v 4.119880 -1.343869 1.940350
v 4.119880 -1.343869 1.171050
v 3.920770 -0.600783 1.171050
v 4.106881 -1.337640 1.161668
v 4.106881 -1.337640 0.411132
v 3.912628 -0.612677 1.161668
v 3.912628 -0.612677 0.411132
v 3.919322 -0.601171 1.171050
v 4.118431 -1.344258 1.171050
v 4.118431 -1.344258 0.401750
v 3.919322 -0.601171 0.401750
v 3.920770 -0.600783 1.171050
v 4.119880 -1.343869 1.171050
v 4.119880 -1.343869 0.401750
v 3.920770 -0.600783 0.401750
v 4.106881 -1.337640 0.392368
v 4.106881 -1.337640 -0.358168
v 3.912628 -0.612677 0.392368
v 3.912628 -0.612677 -0.358168
v 3.919322 -0.601171 0.401750
v 4.118431 -1.344258 0.401750
v 4.118431 -1.344258 -0.367550
v 3.919322 -0.601171 -0.367550
v 3.920770 -0.600783 0.401750
v 4.119880 -1.343869 0.401750
v 4.119880 -1.343869 -0.367550
v 3.920770 -0.600783 -0.367550
v 4.106881 -1.337640 -0.376932
v 4.106881 -1.337640 -1.127468
v 3.912628 -0.612677 -0.376932
v 3.912628 -0.612677 -1.127468
v 3.919322 -0.601171 -0.367550
v 4.118431 -1.344258 -0.367550
v 4.118431 -1.344258 -1.136850
v 3.919321 -0.601171 -1.136850
v 3.920770 -0.600783 -0.367550
v 4.119880 -1.343869 -0.367550
v 4.119880 -1.343869 -1.136850
v 3.920770 -0.600783 -1.136850
v 4.106881 -1.337640 -1.146232
v 4.106881 -1.337640 -1.896768
v 3.912628 -0.612677 -1.146232
v 3.912628 -0.612677 -1.896768
v 3.919321 -0.601171 -1.136850
v 4.118431 -1.344258 -1.136850
v 4.118431 -1.344257 -1.906150
v 3.919321 -0.601171 -1.906150
v 3.920770 -0.600783 -1.136850
v 4.119880 -1.343869 -1.136850
v 4.119880 -1.343869 -1.906150
v 3.920770 -0.600783 -1.906150
v 4.106881 -1.337640 -1.915532
v 4.106881 -1.337640 -2.666069
v 3.912628 -0.612677 -1.915532
v 3.912628 -0.612677 -2.666069
v 3.919321 -0.601171 -1.906150
v 4.118431 -1.344257 -1.906150
v 4.118431 -1.344257 -2.675450
v 3.919321 -0.601171 -2.675450
v 3.920770 -0.600783 -1.906150
v 4.119880 -1.343869 -1.906150
v 4.119880 -1.343869 -2.675450
v 3.920770 -0.600782 -2.675450
v 4.300995 -2.062084 2.700268
v 4.300995 -2.062084 1.949732
v 4.106742 -1.337121 2.700268
v 4.106742 -1.337121 1.949732
v 4.113436 -1.325615 2.709650
v 4.312545 -2.068702 2.709650
v 4.312545 -2.068702 1.940350
v 4.113436 -1.325615 1.940350
v 4.114884 -1.325227 2.709650
v 4.313994 -2.068314 2.709650
v 4.313994 -2.068314 1.940350
v 4.114884 -1.325227 1.940350
v 4.300995 -2.062084 1.930968
v 4.300995 -2.062084 1.180431
v 4.106742 -1.337121 1.930968
v 4.106742 -1.337121 1.180432
v 4.113436 -1.325615 1.940350
v 4.312545 -2.068702 1.940350
v 4.312545 -2.068702 1.171050
v 4.113436 -1.325615 1.171050
v 4.114884 -1.325227 1.940350
v 4.313994 -2.068314 1.940350
v 4.313994 -2.068314 1.171050
v 4.114884 -1.325227 1.171050
v 4.300995 -2.062084 1.161668
v 4.300995 -2.062084 0.411131
v 4.106742 -1.337121 1.161668
v 4.106742 -1.337121 0.411132
v 4.113436 -1.325615 1.171050
v 4.312545 -2.068702 1.171050
v 4.312545 -2.068702 0.401750
v 4.113436 -1.325615 0.401750
v 4.114884 -1.325227 1.171050
v 4.313994 -2.068314 1.171050
v 4.313994 -2.068314 0.401750
v 4.114884 -1.325227 0.401750
v 4.300995 -2.062084 0.392368
v 4.300995 -2.062084 -0.358168
v 4.106742 -1.337121 0.392368
v 4.106742 -1.337121 -0.358168
v 4.113436 -1.325615 0.401750
v 4.312545 -2.068702 0.401750
v 4.312545 -2.068702 -0.367550
v 4.113436 -1.325615 -0.367550
v 4.114884 -1.325227 0.401750
v 4.313994 -2.068314 0.401750
v 4.313994 -2.068314 -0.367550
v 4.114884 -1.325227 -0.367550
v 4.300995 -2.062084 -0.376932
v 4.300995 -2.062084 -1.127468
v 4.106742 -1.337121 -0.376932
v 4.106742 -1.337121 -1.127468
v 4.113436 -1.325615 -0.367550
v 4.312545 -2.068702 -0.367550
v 4.312545 -2.068702 -1.136850
v 4.113436 -1.325615 -1.136850
v 4.114884 -1.325227 -0.367550
v 4.313994 -2.068314 -0.367550
v 4.313994 -2.068314 -1.136850
v 4.114884 -1.325227 -1.136850
v 4.300995 -2.062084 -1.146232
v 4.300995 -2.062084 -1.896768
v 4.106742 -1.337121 -1.146232
v 4.106742 -1.337121 -1.896768
v 4.113436 -1.325615 -1.136850
v 4.312545 -2.068702 -1.136850
v 4.312545 -2.068702 -1.906150
v 4.113436 -1.325615 -1.906150
v 4.114884 -1.325227 -1.136850
v 4.313994 -2.068314 -1.136850
v 4.313994 -2.068314 -1.906150
v 4.114884 -1.325227 -1.906150
v 4.300995 -2.062084 -1.915532
v 4.300995 -2.062084 -2.666069
v 4.106742 -1.337121 -1.915532
v 4.106742 -1.337121 -2.666069
v 4.113436 -1.325615 -1.906150
v 4.312545 -2.068702 -1.906150
v 4.312545 -2.068702 -2.675450
v 4.113436 -1.325615 -2.675450
v 4.114884 -1.325227 -1.906150
v 4.313994 -2.068314 -1.906150
v 4.313994 -2.068314 -2.675450
v 4.114884 -1.325227 -2.675450
v 4.498991 -2.801017 1.920268
v 4.498991 -2.801017 1.169732
v 4.304739 -2.076055 1.920268
v 4.304739 -2.076055 1.169732
v 4.311432 -2.064548 1.929650
v 4.510541 -2.807635 1.929650
v 4.510541 -2.807635 1.160350
v 4.311432 -2.064548 1.160350
v 4.312881 -2.064160 1.929650
v 4.511991 -2.807247 1.929650
v 4.511991 -2.807247 1.160350
v 4.312881 -2.064160 1.160350
v 4.498991 -2.801017 1.150968
v 4.498991 -2.801017 0.400432
v 4.304739 -2.076055 1.150968
v 4.304739 -2.076055 0.400432
v 4.311432 -2.064548 1.160350
v 4.510541 -2.807635 1.160350
v 4.510541 -2.807635 0.391050
v 4.311432 -2.064548 0.391050
v 4.312881 -2.064160 1.160350
v 4.511991 -2.807247 1.160350
v 4.511991 -2.807247 0.391050
v 4.312881 -2.064160 0.391050
v 4.498991 -2.801017 0.381668
v 4.498991 -2.801017 -0.368869
v 4.304739 -2.076055 0.381668
v 4.304739 -2.076055 -0.368869
v 4.311432 -2.064548 0.391050
v 4.510541 -2.807635 0.391050
v 4.510541 -2.807635 -0.378250
v 4.311432 -2.064548 -0.378250
v 4.312881 -2.064160 0.391050
v 4.511991 -2.807247 0.391050
v 4.511991 -2.807247 -0.378250
v 4.312881 -2.064160 -0.378250
v 4.498991 -2.801017 -0.387632
v 4.498991 -2.801017 -1.138168
v 4.304739 -2.076055 -0.387632
v 4.304739 -2.076055 -1.138168
v 4.311432 -2.064548 -0.378250
v 4.510541 -2.807635 -0.378250
v 4.510541 -2.807635 -1.147550
v 4.311432 -2.064548 -1.147550
v 4.312881 -2.064160 -0.378250
v 4.511991 -2.807247 -0.378250
v 4.511991 -2.807247 -1.147550
v 4.312881 -2.064160 -1.147550
v 4.498991 -2.801017 -1.156932
v 4.498991 -2.801017 -1.907468
v 4.304739 -2.076055 -1.156932
v 4.304739 -2.076055 -1.907468
v 4.311432 -2.064548 -1.147550
v 4.510541 -2.807635 -1.147550
v 4.510541 -2.807635 -1.916850
v 4.311432 -2.064548 -1.916850
v 4.312881 -2.064160 -1.147550
v 4.511991 -2.807247 -1.147550
v 4.511991 -2.807247 -1.916850
v 4.312881 -2.064160 -1.916850
v 4.696988 -3.539951 1.140268
v 4.696988 -3.539951 0.389732
v 4.502735 -2.814988 1.140268
v 4.502735 -2.814988 0.389732
v 4.509429 -2.803482 1.149650
v 4.708538 -3.546569 1.149650
v 4.708538 -3.546569 0.380350
v 4.509429 -2.803482 0.380350
v 4.510878 -2.803093 1.149650
v 4.709987 -3.546180 1.149650
v 4.709987 -3.546180 0.380350
v 4.510878 -2.803093 0.380350
v 4.696988 -3.539951 0.370968
v 4.696988 -3.539951 -0.379568
v 4.502735 -2.814988 0.370968
v 4.502735 -2.814988 -0.379568
v 4.509429 -2.803482 0.380350
v 4.708538 -3.546569 0.380350
v 4.708538 -3.546569 -0.388950
v 4.509429 -2.803482 -0.388950
v 4.510878 -2.803093 0.380350
v 4.709987 -3.546180 0.380350
v 4.709987 -3.546180 -0.388950
v 4.510878 -2.803093 -0.388950
v 4.696988 -3.539951 -0.398332
v 4.696988 -3.539951 -1.148869
v 4.502735 -2.814988 -0.398332
v 4.502735 -2.814988 -1.148869
v 4.509429 -2.803482 -0.388950
v 4.708538 -3.546569 -0.388950
v 4.708538 -3.546569 -1.158250
v 4.509429 -2.803482 -1.158250
v 4.510878 -2.803093 -0.388950
v 4.709987 -3.546180 -0.388950
v 4.709987 -3.546180 -1.158250
v 4.510878 -2.803093 -1.158250
v 3.718652 0.111249 1.920268
v 3.718652 0.111249 1.169732
v 3.524400 0.836212 1.920268
v 3.524400 0.836212 1.169732
v 3.531093 0.847718 1.929650
v 3.730202 0.104631 1.929650
v 3.730202 0.104631 1.160350
v 3.531093 0.847718 1.160350
v 3.532542 0.848106 1.929650
v 3.731651 0.105019 1.929650
v 3.731651 0.105019 1.160350
v 3.532542 0.848106 1.160350
v 3.718652 0.111249 1.150968
v 3.718652 0.111249 0.400432
v 3.524400 0.836212 1.150968
v 3.524400 0.836212 0.400432
v 3.531093 0.847718 1.160350
v 3.730202 0.104631 1.160350
v 3.730202 0.104631 0.391050
v 3.531093 0.847718 0.391050
v 3.532542 0.848106 1.160350
v 3.731651 0.105019 1.160350
v 3.731651 0.105019 0.391050
v 3.532542 0.848106 0.391050
v 3.718652 0.111249 0.381668
v 3.718652 0.111249 -0.368868
v 3.524400 0.836212 0.381668
v 3.524400 0.836212 -0.368868
v 3.531093 0.847718 0.391050
v 3.730202 0.104631 0.391050
v 3.730202 0.104631 -0.378250
v 3.531093 0.847718 -0.378250
v 3.532542 0.848106 0.391050
v 3.731651 0.105019 0.391050
v 3.731651 0.105019 -0.378250
v 3.532542 0.848106 -0.378250
v 3.718652 0.111249 -0.387632
v 3.718652 0.111249 -1.138168
v 3.524400 0.836212 -0.387632
v 3.524400 0.836212 -1.138168
v 3.531093 0.847718 -0.378250
v 3.730202 0.104631 -0.378250
v 3.730202 0.104631 -1.147550
v 3.531093 0.847718 -1.147550
v 3.532542 0.848106 -0.378250
v 3.731651 0.105019 -0.378250
v 3.731651 0.105019 -1.147550
v 3.532542 0.848106 -1.147550
v 3.718652 0.111249 -1.156932
v 3.718652 0.111249 -1.907468
v 3.524400 0.836212 -1.156932
v 3.524400 0.836212 -1.907468
v 3.531093 0.847718 -1.147550
v 3.730202 0.104631 -1.147550
v 3.730202 0.104631 -1.916850
v 3.531093 0.847718 -1.916850
v 3.532542 0.848106 -1.147550
v 3.731651 0.105019 -1.147550
v 3.731651 0.105019 -1.916850
v 3.532542 0.848106 -1.916850
v 3.524538 0.835693 1.140268
v 3.524538 0.835693 0.389732
v 3.330285 1.560656 1.140268
v 3.330285 1.560656 0.389732
v 3.336979 1.572162 1.149650
v 3.536088 0.829075 1.149650
v 3.536088 0.829075 0.380350
v 3.336979 1.572162 0.380350
v 3.338428 1.572551 1.149650
v 3.537537 0.829464 1.149650
v 3.537537 0.829464 0.380350
v 3.338428 1.572551 0.380350
v 3.524538 0.835693 0.370968
v 3.524538 0.835693 -0.379568
v 3.330285 1.560656 0.370968
v 3.330285 1.560656 -0.379568
v 3.336979 1.572162 0.380350
v 3.536088 0.829075 0.380350
v 3.536088 0.829075 -0.388950
v 3.336979 1.572162 -0.388950
v 3.338428 1.572551 0.380350
v 3.537537 0.829464 0.380350
v 3.537537 0.829464 -0.388950
v 3.338428 1.572551 -0.388950
v 3.524538 0.835693 -0.398332
v 3.524538 0.835693 -1.148868
v 3.330285 1.560656 -0.398332
v 3.330285 1.560656 -1.148868
v 3.336979 1.572162 -0.388950
v 3.536088 0.829075 -0.388950
v 3.536088 0.829075 -1.158250
v 3.336979 1.572162 -1.158250
v 3.338428 1.572551 -0.388950
v 3.537537 0.829464 -0.388950
v 3.537537 0.829464 -1.158250
v 3.338428 1.572551 -1.158250
v 3.183015 1.569357 1.140474
v 3.595412 0.030270 2.706284
v 4.173584 -2.127495 2.686789
v 4.578845 -3.639951 1.093409
v 4.573799 -3.621121 -1.140474
v 4.161402 -2.082034 -2.706284
v 3.583231 0.075732 -2.686789
v 3.177969 1.588187 -1.093409
v -4.700036 -3.609277 1.224762
v -4.714050 -3.661580 1.097196
v -4.670392 -3.595238 1.140474
v -4.706820 -3.634593 1.188104
v -4.688770 -3.614593 1.207013
v -4.694998 -3.636378 1.178034
v -4.699304 -3.653909 1.111122
v -4.711938 -3.653696 1.141515
v -4.698347 -3.648877 1.147549
v -4.678050 -3.609517 1.176533
v -4.683517 -3.629919 1.126772
v -4.687706 -3.634825 1.158607
v -4.303859 -2.130727 2.728983
v -4.257995 -2.056152 2.706284
v -4.270604 -2.006614 2.780897
v -4.287416 -2.116721 2.730893
v -4.294255 -2.094882 2.754550
v -4.280180 -2.088253 2.753038
v -4.257858 -2.041339 2.742934
v -4.270830 -2.089753 2.722684
v -4.268752 -2.071268 2.749312
v -4.282109 -2.049553 2.773510
v -4.262417 -2.023425 2.769916
v -4.272232 -2.058594 2.765444
v -3.715173 0.066281 2.762169
v -3.679824 0.101614 2.686789
v -3.682157 0.189499 2.708021
v -3.699728 0.076559 2.750943
v -3.703702 0.109089 2.754007
v -3.690665 0.111843 2.745834
v -3.674066 0.137402 2.702562
v -3.686945 0.089336 2.723684
v -3.681387 0.120805 2.729507
v -3.691644 0.154091 2.734231
v -3.674910 0.169183 2.710240
v -3.682775 0.141289 2.732894
v -3.292835 1.642466 1.177313
v -3.274562 1.614069 1.093409
v -3.279399 1.692611 1.048822
v -3.280501 1.641138 1.159528
v -3.286218 1.667161 1.140204
v -3.275134 1.662626 1.130159
v -3.268651 1.650429 1.079065
v -3.273893 1.630869 1.129187
v -3.269683 1.657308 1.110794
v -3.281311 1.685475 1.093277
v -3.270401 1.678831 1.062942
v -3.271923 1.674609 1.099452
v -3.284246 1.674521 -1.097196
v -3.279608 1.595238 -1.140474
v -3.298261 1.622217 -1.224762
v -3.275311 1.660505 -1.111122
v -3.286359 1.666636 -1.141515
v -3.276999 1.655668 -1.147549
v -3.279100 1.611433 -1.176533
v -3.273634 1.631835 -1.126772
v -3.274809 1.638178 -1.158607
v -3.291477 1.647534 -1.188104
v -3.285846 1.621189 -1.207013
v -3.280348 1.643169 -1.178034
v -3.694437 0.143668 -2.728983
v -3.692005 0.056152 -2.706284
v -3.727693 0.019555 -2.780897
v -3.687200 0.123316 -2.730893
v -3.704042 0.107823 -2.754550
v -3.695166 0.095045 -2.753038
v -3.699292 0.043255 -2.742934
v -3.686320 0.091669 -2.722684
v -3.693762 0.074621 -2.749312
v -3.716187 0.062494 -2.773510
v -3.712198 0.030021 -2.769916
v -3.703114 0.065385 -2.765444
v -4.283123 -2.053340 -2.762169
v -4.270176 -2.101614 -2.686789
v -4.316140 -2.176558 -2.708021
v -4.274888 -2.069964 -2.750943
v -4.294594 -2.096148 -2.754007
v -4.284680 -2.105052 -2.745834
v -4.283084 -2.135486 -2.702562
v -4.270205 -2.087420 -2.723684
v -4.281127 -2.117452 -2.729507
v -4.306653 -2.141150 -2.734231
v -4.299706 -2.162587 -2.710240
v -4.292571 -2.134498 -2.732894
v -4.705462 -3.629525 -1.177313
v -4.675438 -3.614069 -1.093409
v -4.718897 -3.679670 -1.048822
v -4.694115 -3.634542 -1.159528
v -4.712078 -3.654220 -1.140204
v -4.700212 -3.655835 -1.130159
v -4.688499 -3.648513 -1.079065
v -4.683258 -3.628953 -1.129187
v -4.692832 -3.653955 -1.110794
v -4.716986 -3.672534 -1.093277
v -4.704215 -3.672236 -1.062942
v -4.703423 -3.667818 -1.099452
v -4.303859 -2.130727 2.728983
v -4.270604 -2.006614 2.780897
v -4.306292 -2.043211 2.706284
v -4.294255 -2.094882 2.754550
v -4.311097 -2.110375 2.730893
v -4.303130 -2.082104 2.753038
v -4.286098 -2.017080 2.769916
v -4.282109 -2.049553 2.773510
v -4.295183 -2.052444 2.765444
v -4.311976 -2.078728 2.722684
v -4.299004 -2.030314 2.742935
v -4.304534 -2.061680 2.749312
v -4.700036 -3.609277 1.224762
v -4.718688 -3.582298 1.140474
v -4.714050 -3.661580 1.097196
v -4.710324 -3.599440 1.211802
v -4.708008 -3.639029 1.190192
v -4.717503 -3.628275 1.178648
v -4.724169 -3.615654 1.117165
v -4.717171 -3.589537 1.180864
v -4.722323 -3.621303 1.156866
v -4.713152 -3.658227 1.143368
v -4.722466 -3.644755 1.101279
v -4.721125 -3.641791 1.145682
v -3.715173 0.066281 2.762169
v -3.682157 0.189499 2.708021
v -3.728120 0.114555 2.686789
v -3.703223 0.110879 2.758698
v -3.726175 0.073455 2.748096
v -3.714172 0.116209 2.744885
v -3.697569 0.180213 2.701182
v -3.691104 0.156107 2.738822
v -3.705640 0.148051 2.730892
v -3.730927 0.091175 2.720427
v -3.714440 0.152703 2.693388
v -3.717518 0.128684 2.725405
v -3.292835 1.642466 1.177313
v -3.279399 1.692611 1.048822
v -3.322859 1.627010 1.093409
v -3.286218 1.667161 1.140204
v -3.304182 1.647483 1.159528
v -3.298085 1.668776 1.130159
v -3.294082 1.685177 1.062942
v -3.281311 1.685475 1.093277
v -3.294874 1.680759 1.099452
v -3.315039 1.641894 1.129187
v -3.309798 1.661454 1.079065
v -3.305465 1.666896 1.110794
v -3.284246 1.674521 -1.097196
v -3.298261 1.622217 -1.224762
v -3.327904 1.608179 -1.140474
v -3.286359 1.666637 -1.141515
v -3.298992 1.666850 -1.111122
v -3.299949 1.661818 -1.147549
v -3.309527 1.627534 -1.207013
v -3.291477 1.647534 -1.188104
v -3.303298 1.649318 -1.178034
v -3.314780 1.642860 -1.126772
v -3.320247 1.622458 -1.176533
v -3.310591 1.647766 -1.158607
v -3.694437 0.143668 -2.728983
v -3.727693 0.019555 -2.780897
v -3.740301 0.069093 -2.706284
v -3.704042 0.107823 -2.754550
v -3.710881 0.129662 -2.730893
v -3.718117 0.101195 -2.753038
v -3.735879 0.036366 -2.769916
v -3.716187 0.062494 -2.773510
v -3.726064 0.071535 -2.765444
v -3.727466 0.102694 -2.722684
v -3.740439 0.054280 -2.742935
v -3.729545 0.084209 -2.749312
v -4.283123 -2.053340 -2.762169
v -4.316140 -2.176558 -2.708021
v -4.318473 -2.088673 -2.686789
v -4.294594 -2.096148 -2.754007
v -4.298569 -2.063619 -2.750943
v -4.307631 -2.098902 -2.745834
v -4.323387 -2.156242 -2.710240
v -4.306653 -2.141150 -2.734231
v -4.315521 -2.128348 -2.732894
v -4.311351 -2.076396 -2.723684
v -4.324231 -2.124461 -2.702562
v -4.316909 -2.107864 -2.729507
v -4.705462 -3.629525 -1.177313
v -4.718897 -3.679670 -1.048822
v -4.723734 -3.601128 -1.093409
v -4.712078 -3.654220 -1.140204
v -4.717796 -3.628197 -1.159528
v -4.723163 -3.649685 -1.130159
v -4.727896 -3.665890 -1.062942
v -4.716986 -3.672534 -1.093277
v -4.726373 -3.661668 -1.099452
v -4.724404 -3.617928 -1.129187
v -4.729645 -3.637489 -1.079065
v -4.728614 -3.644367 -1.110794
v -4.110625 -1.351610 2.700268
v -4.110625 -1.351610 1.949732
v -4.304878 -2.076573 2.700268
v -4.304878 -2.076573 1.949732
v -4.316428 -2.083191 2.709650
v -4.117318 -1.340104 2.709650
v -4.117319 -1.340104 1.940350
v -4.316428 -2.083191 1.940350
v -4.317877 -2.082802 2.709650
v -4.118767 -1.339716 2.709650
v -4.118767 -1.339716 1.940350
v -4.317877 -2.082802 1.940350
v -4.110625 -1.351610 1.930968
v -4.110625 -1.351610 1.180432
v -4.304878 -2.076573 1.930968
v -4.304878 -2.076573 1.180432
v -4.316428 -2.083191 1.940350
v -4.117319 -1.340104 1.940350
v -4.117319 -1.340104 1.171050
v -4.316428 -2.083191 1.171050
v -4.317877 -2.082802 1.940350
v -4.118767 -1.339716 1.940350
v -4.118767 -1.339716 1.171050
v -4.317877 -2.082802 1.171050
v -4.110625 -1.351610 1.161668
v -4.110625 -1.351610 0.411132
v -4.304878 -2.076573 1.161668
v -4.304878 -2.076573 0.411132
v -4.316428 -2.083191 1.171050
v -4.117319 -1.340104 1.171050
v -4.117319 -1.340104 0.401750
v -4.316428 -2.083191 0.401750
v -4.317877 -2.082802 1.171050
v -4.118767 -1.339716 1.171050
v -4.118767 -1.339716 0.401750
v -4.317877 -2.082803 0.401750
v -4.110625 -1.351610 0.392368
v -4.110625 -1.351610 -0.358168
v -4.304878 -2.076573 0.392368
v -4.304878 -2.076573 -0.358168
v -4.316428 -2.083191 0.401750
v -4.117319 -1.340104 0.401750
v -4.117319 -1.340104 -0.367550
v -4.316428 -2.083191 -0.367550
v -4.317877 -2.082803 0.401750
v -4.118767 -1.339716 0.401750
v -4.118767 -1.339716 -0.367550
v -4.317877 -2.082803 -0.367550
v -4.110625 -1.351610 -0.376932
v -4.110625 -1.351610 -1.127468
v -4.304878 -2.076573 -0.376932
v -4.304878 -2.076573 -1.127468
v -4.316428 -2.083191 -0.367550
v -4.117319 -1.340104 -0.367550
v -4.117319 -1.340104 -1.136850
v -4.316428 -2.083191 -1.136850
v -4.317877 -2.082803 -0.367550
v -4.118767 -1.339716 -0.367550
v -4.118767 -1.339716 -1.136850
v -4.317877 -2.082803 -1.136850
v -4.110625 -1.351610 -1.146232
v -4.110625 -1.351610 -1.896768
v -4.304878 -2.076573 -1.146232
v -4.304878 -2.076573 -1.896768
v -4.316428 -2.083191 -1.136850
v -4.117319 -1.340104 -1.136850
v -4.117319 -1.340104 -1.906150
v -4.316428 -2.083191 -1.906150
v -4.317877 -2.082803 -1.136850
v -4.118767 -1.339716 -1.136850
v -4.118767 -1.339716 -1.906150
v -4.317877 -2.082803 -1.906150
v -4.110625 -1.351610 -1.915532
v -4.110625 -1.351610 -2.666069
v -4.304878 -2.076573 -1.915532
v -4.304878 -2.076573 -2.666069
v -4.316428 -2.083191 -1.906150
v -4.117319 -1.340104 -1.906150
v -4.117319 -1.340104 -2.675450
v -4.316428 -2.083191 -2.675450
v -4.317877 -2.082803 -1.906150
v -4.118767 -1.339716 -1.906150
v -4.118767 -1.339716 -2.675450
v -4.317877 -2.082803 -2.675450
v -3.920393 -0.641655 2.700268
v -3.920393 -0.641655 1.949732
v -4.114646 -1.366617 2.700268
v -4.114646 -1.366617 1.949732
v -4.126196 -1.373235 2.709650
v -3.927086 -0.630149 2.709650
v -3.927086 -0.630149 1.940350
v -4.126196 -1.373235 1.940350
v -4.127645 -1.372847 2.709650
v -3.928535 -0.629760 2.709650
v -3.928535 -0.629760 1.940350
v -4.127645 -1.372847 1.940350
v -3.920393 -0.641655 1.930968
v -3.920393 -0.641655 1.180432
v -4.114646 -1.366617 1.930968
v -4.114646 -1.366617 1.180432
v -4.126196 -1.373235 1.940350
v -3.927086 -0.630149 1.940350
v -3.927086 -0.630149 1.171050
v -4.126196 -1.373235 1.171050
v -4.127645 -1.372847 1.940350
v -3.928535 -0.629760 1.940350
v -3.928535 -0.629760 1.171050
v -4.127645 -1.372847 1.171050
v -3.920393 -0.641655 1.161668
v -3.920393 -0.641655 0.411132
v -4.114646 -1.366617 1.161668
v -4.114646 -1.366617 0.411132
v -4.126196 -1.373235 1.171050
v -3.927086 -0.630149 1.171050
v -3.927086 -0.630149 0.401750
v -4.126196 -1.373235 0.401750
v -4.127645 -1.372847 1.171050
v -3.928535 -0.629760 1.171050
v -3.928535 -0.629760 0.401750
v -4.127645 -1.372847 0.401750
v -3.920393 -0.641655 0.392368
v -3.920393 -0.641655 -0.358168
v -4.114646 -1.366617 0.392368
v -4.114646 -1.366617 -0.358168
v -4.126196 -1.373235 0.401750
v -3.927086 -0.630149 0.401750
v -3.927086 -0.630149 -0.367550
v -4.126196 -1.373235 -0.367550
v -4.127645 -1.372847 0.401750
v -3.928535 -0.629760 0.401750
v -3.928535 -0.629760 -0.367550
v -4.127645 -1.372847 -0.367550
v -3.920393 -0.641655 -0.376932
v -3.920393 -0.641655 -1.127468
v -4.114646 -1.366617 -0.376932
v -4.114646 -1.366617 -1.127468
v -4.126196 -1.373235 -0.367550
v -3.927086 -0.630149 -0.367550
v -3.927086 -0.630149 -1.136850
v -4.126196 -1.373235 -1.136850
v -4.127645 -1.372847 -0.367550
v -3.928535 -0.629760 -0.367550
v -3.928535 -0.629760 -1.136850
v -4.127645 -1.372847 -1.136850
v -3.920393 -0.641655 -1.146232
v -3.920393 -0.641655 -1.896768
v -4.114646 -1.366617 -1.146232
v -4.114646 -1.366618 -1.896768
v -4.126196 -1.373235 -1.136850
v -3.927086 -0.630149 -1.136850
v -3.927086 -0.630149 -1.906150
v -4.126196 -1.373235 -1.906150
v -4.127645 -1.372847 -1.136850
v -3.928535 -0.629760 -1.136850
v -3.928535 -0.629761 -1.906150
v -4.127645 -1.372847 -1.906150
v -3.920393 -0.641655 -1.915532
v -3.920393 -0.641655 -2.666069
v -4.114646 -1.366618 -1.915532
v -4.114646 -1.366618 -2.666069
v -4.126196 -1.373235 -1.906150
v -3.927086 -0.630149 -1.906150
v -3.927086 -0.630149 -2.675450
v -4.126196 -1.373235 -2.675450
v -4.127645 -1.372847 -1.906150
v -3.928535 -0.629761 -1.906150
v -3.928535 -0.629761 -2.675450
v -4.127645 -1.372847 -2.675450
v -3.726279 0.082790 2.700268
v -3.726279 0.082790 1.949732
v -3.920532 -0.642173 2.700268
v -3.920532 -0.642173 1.949732
v -3.932082 -0.648791 2.709650
v -3.732972 0.094296 2.709650
v -3.732972 0.094296 1.940350
v -3.932082 -0.648791 1.940350
v -3.933531 -0.648403 2.709650
v -3.734421 0.094684 2.709650
v -3.734421 0.094684 1.940350
v -3.933531 -0.648403 1.940350
v -3.726279 0.082790 1.930968
v -3.726279 0.082790 1.180431
v -3.920532 -0.642173 1.930968
v -3.920532 -0.642173 1.180432
v -3.932082 -0.648791 1.940350
v -3.732972 0.094296 1.940350
v -3.732972 0.094296 1.171050
v -3.932082 -0.648791 1.171050
v -3.933531 -0.648403 1.940350
v -3.734421 0.094684 1.940350
v -3.734421 0.094684 1.171050
v -3.933531 -0.648403 1.171050
v -3.726279 0.082790 1.161668
v -3.726279 0.082790 0.411131
v -3.920532 -0.642173 1.161668
v -3.920532 -0.642173 0.411132
v -3.932082 -0.648791 1.171050
v -3.732972 0.094296 1.171050
v -3.732972 0.094296 0.401750
v -3.932082 -0.648791 0.401750
v -3.933531 -0.648403 1.171050
v -3.734421 0.094684 1.171050
v -3.734421 0.094684 0.401750
v -3.933531 -0.648403 0.401750
v -3.726279 0.082790 0.392368
v -3.726279 0.082790 -0.358168
v -3.920532 -0.642173 0.392368
v -3.920532 -0.642173 -0.358168
v -3.932082 -0.648791 0.401750
v -3.732972 0.094296 0.401750
v -3.732972 0.094296 -0.367550
v -3.932082 -0.648791 -0.367550
v -3.933531 -0.648403 0.401750
v -3.734421 0.094684 0.401750
v -3.734421 0.094684 -0.367550
v -3.933531 -0.648403 -0.367550
v -3.726279 0.082790 -0.376932
v -3.726279 0.082789 -1.127468
v -3.920532 -0.642173 -0.376932
v -3.920532 -0.642173 -1.127468
v -3.932082 -0.648791 -0.367550
v -3.732972 0.094296 -0.367550
v -3.732972 0.094296 -1.136850
v -3.932082 -0.648791 -1.136850
v -3.933531 -0.648403 -0.367550
v -3.734421 0.094684 -0.367550
v -3.734421 0.094684 -1.136850
v -3.933531 -0.648403 -1.136850
v -3.726279 0.082789 -1.146232
v -3.726279 0.082789 -1.896768
v -3.920532 -0.642173 -1.146232
v -3.920532 -0.642173 -1.896768
v -3.932082 -0.648791 -1.136850
v -3.732972 0.094296 -1.136850
v -3.732972 0.094296 -1.906150
v -3.932082 -0.648791 -1.906150
v -3.933531 -0.648403 -1.136850
v -3.734421 0.094684 -1.136850
v -3.734421 0.094684 -1.906150
v -3.933531 -0.648403 -1.906150
v -3.726279 0.082789 -1.915532
v -3.726279 0.082789 -2.666069
v -3.920532 -0.642173 -1.915532
v -3.920532 -0.642173 -2.666069
v -3.932082 -0.648791 -1.906150
v -3.732972 0.094296 -1.906150
v -3.732972 0.094296 -2.675450
v -3.932082 -0.648791 -2.675450
v -3.933531 -0.648403 -1.906150
v -3.734421 0.094684 -1.906150
v -3.734421 0.094684 -2.675450
v -3.933531 -0.648403 -2.675450
v -3.528282 0.821723 1.920268
v -3.528282 0.821723 1.169732
v -3.722535 0.096760 1.920268
v -3.722535 0.096760 1.169732
v -3.734085 0.090142 1.929650
v -3.534976 0.833229 1.929650
v -3.534976 0.833229 1.160350
v -3.734085 0.090142 1.160350
v -3.735534 0.090531 1.929650
v -3.536424 0.833617 1.929650
v -3.536424 0.833617 1.160350
v -3.735534 0.090531 1.160350
v -3.528282 0.821723 1.150968
v -3.528282 0.821723 0.400432
v -3.722535 0.096760 1.150968
v -3.722535 0.096760 0.400432
v -3.734085 0.090142 1.160350
v -3.534976 0.833229 1.160350
v -3.534976 0.833229 0.391050
v -3.734085 0.090142 0.391050
v -3.735534 0.090531 1.160350
v -3.536424 0.833617 1.160350
v -3.536424 0.833617 0.391050
v -3.735534 0.090531 0.391050
v -3.528282 0.821723 0.381668
v -3.528282 0.821723 -0.368869
v -3.722535 0.096760 0.381668
v -3.722535 0.096760 -0.368869
v -3.734085 0.090142 0.391050
v -3.534976 0.833229 0.391050
v -3.534976 0.833229 -0.378250
v -3.734085 0.090142 -0.378250
v -3.735534 0.090531 0.391050
v -3.536424 0.833617 0.391050
v -3.536424 0.833617 -0.378250
v -3.735534 0.090531 -0.378250
v -3.528282 0.821723 -0.387632
v -3.528282 0.821723 -1.138168
v -3.722535 0.096760 -0.387632
v -3.722535 0.096760 -1.138168
v -3.734085 0.090142 -0.378250
v -3.534976 0.833229 -0.378250
v -3.534976 0.833229 -1.147550
v -3.734085 0.090142 -1.147550
v -3.735534 0.090531 -0.378250
v -3.536424 0.833617 -0.378250
v -3.536424 0.833617 -1.147550
v -3.735534 0.090530 -1.147550
v -3.528282 0.821723 -1.156932
v -3.528282 0.821723 -1.907468
v -3.722535 0.096760 -1.156932
v -3.722535 0.096760 -1.907468
v -3.734085 0.090142 -1.147550
v -3.534976 0.833229 -1.147550
v -3.534976 0.833229 -1.916850
v -3.734085 0.090142 -1.916850
v -3.735534 0.090530 -1.147550
v -3.536424 0.833617 -1.147550
v -3.536424 0.833617 -1.916850
v -3.735534 0.090530 -1.916850
v -3.330285 1.560656 1.140268
v -3.330285 1.560656 0.389732
v -3.524539 0.835693 1.140268
v -3.524539 0.835693 0.389732
v -3.536088 0.829075 1.149650
v -3.336979 1.572162 1.149650
v -3.336979 1.572162 0.380350
v -3.536088 0.829075 0.380350
v -3.537537 0.829464 1.149650
v -3.338428 1.572551 1.149650
v -3.338428 1.572551 0.380350
v -3.537537 0.829464 0.380350
v -3.330285 1.560656 0.370968
v -3.330285 1.560656 -0.379568
v -3.524539 0.835693 0.370968
v -3.524539 0.835693 -0.379568
v -3.536088 0.829075 0.380350
v -3.336979 1.572162 0.380350
v -3.336979 1.572162 -0.388950
v -3.536088 0.829075 -0.388950
v -3.537537 0.829464 0.380350
v -3.338428 1.572551 0.380350
v -3.338428 1.572551 -0.388950
v -3.537537 0.829464 -0.388950
v -3.330285 1.560656 -0.398332
v -3.330285 1.560656 -1.148869
v -3.524539 0.835693 -0.398332
v -3.524539 0.835693 -1.148869
v -3.536088 0.829075 -0.388950
v -3.336979 1.572162 -0.388950
v -3.336979 1.572162 -1.158250
v -3.536088 0.829075 -1.158250
v -3.537537 0.829464 -0.388950
v -3.338428 1.572551 -0.388950
v -3.338428 1.572551 -1.158250
v -3.537537 0.829464 -1.158250
v -4.308621 -2.090544 1.920268
v -4.308621 -2.090544 1.169732
v -4.502874 -2.815506 1.920268
v -4.502874 -2.815506 1.169732
v -4.514424 -2.822124 1.929650
v -4.315315 -2.079037 1.929650
v -4.315315 -2.079037 1.160350
v -4.514424 -2.822124 1.160350
v -4.515873 -2.821736 1.929650
v -4.316764 -2.078649 1.929650
v -4.316764 -2.078649 1.160350
v -4.515873 -2.821736 1.160350
v -4.308621 -2.090544 1.150968
v -4.308621 -2.090544 0.400432
v -4.502874 -2.815506 1.150968
v -4.502874 -2.815506 0.400432
v -4.514424 -2.822124 1.160350
v -4.315315 -2.079037 1.160350
v -4.315315 -2.079037 0.391050
v -4.514424 -2.822124 0.391050
v -4.515873 -2.821736 1.160350
v -4.316764 -2.078649 1.160350
v -4.316764 -2.078649 0.391050
v -4.515873 -2.821736 0.391050
v -4.308621 -2.090544 0.381668
v -4.308621 -2.090544 -0.368868
v -4.502874 -2.815506 0.381668
v -4.502874 -2.815506 -0.368868
v -4.514424 -2.822124 0.391050
v -4.315315 -2.079037 0.391050
v -4.315315 -2.079037 -0.378250
v -4.514424 -2.822124 -0.378250
v -4.515873 -2.821736 0.391050
v -4.316764 -2.078649 0.391050
v -4.316764 -2.078649 -0.378250
v -4.515873 -2.821736 -0.378250
v -4.308621 -2.090544 -0.387632
v -4.308621 -2.090544 -1.138168
v -4.502874 -2.815506 -0.387632
v -4.502874 -2.815506 -1.138168
v -4.514424 -2.822124 -0.378250
v -4.315315 -2.079037 -0.378250
v -4.315315 -2.079037 -1.147550
v -4.514424 -2.822124 -1.147550
v -4.515873 -2.821736 -0.378250
v -4.316764 -2.078649 -0.378250
v -4.316764 -2.078649 -1.147550
v -4.515873 -2.821736 -1.147550
v -4.308621 -2.090544 -1.156932
v -4.308621 -2.090544 -1.907468
v -4.502874 -2.815506 -1.156932
v -4.502874 -2.815506 -1.907468
v -4.514424 -2.822124 -1.147550
v -4.315315 -2.079037 -1.147550
v -4.315315 -2.079037 -1.916850
v -4.514424 -2.822124 -1.916850
v -4.515873 -2.821736 -1.147550
v -4.316764 -2.078649 -1.147550
v -4.316764 -2.078649 -1.916850
v -4.515873 -2.821736 -1.916850
v -4.502736 -2.814988 1.140268
v -4.502736 -2.814988 0.389732
v -4.696989 -3.539950 1.140268
v -4.696989 -3.539950 0.389732
v -4.708539 -3.546569 1.149650
v -4.509429 -2.803482 1.149650
v -4.509429 -2.803482 0.380350
v -4.708539 -3.546569 0.380350
v -4.709988 -3.546180 1.149650
v -4.510878 -2.803093 1.149650
v -4.510878 -2.803093 0.380350
v -4.709988 -3.546180 0.380350
v -4.502736 -2.814988 0.370968
v -4.502736 -2.814988 -0.379568
v -4.696989 -3.539950 0.370968
v -4.696989 -3.539950 -0.379568
v -4.708539 -3.546569 0.380350
v -4.509429 -2.803482 0.380350
v -4.509429 -2.803482 -0.388950
v -4.708539 -3.546569 -0.388950
v -4.709988 -3.546180 0.380350
v -4.510878 -2.803093 0.380350
v -4.510878 -2.803093 -0.388950
v -4.709988 -3.546180 -0.388950
v -4.502736 -2.814988 -0.398332
v -4.502736 -2.814988 -1.148868
v -4.696989 -3.539950 -0.398332
v -4.696989 -3.539950 -1.148868
v -4.708539 -3.546569 -0.388950
v -4.509429 -2.803482 -0.388950
v -4.509429 -2.803482 -1.158250
v -4.708539 -3.546569 -1.158250
v -4.709988 -3.546180 -0.388950
v -4.510878 -2.803093 -0.388950
v -4.510878 -2.803093 -1.158250
v -4.709988 -3.546180 -1.158250
v -4.573800 -3.621120 1.140474
v -4.161403 -2.082034 2.706284
v -3.583231 0.075732 2.686789
v -3.177970 1.588187 1.093409
v -3.183015 1.569356 -1.140474
v -3.595412 0.030270 -2.706284
v -4.173584 -2.127495 -2.686789
v -4.578846 -3.639951 -1.093409
v 1.224762 1.622218 -3.298261
v 1.097196 1.674521 -3.284246
v 1.140474 1.595239 -3.279608
v 1.188104 1.647534 -3.291477
v 1.207013 1.621189 -3.285846
v 1.178034 1.643169 -3.280347
v 1.111122 1.660505 -3.275311
v 1.141515 1.666637 -3.286359
v 1.147549 1.655668 -3.276999
v 1.176533 1.611433 -3.279100
v 1.126772 1.631835 -3.273633
v 1.158607 1.638178 -3.274808
v 2.728983 0.143668 -3.694437
v 2.706283 0.056152 -3.692005
v 2.780897 0.019555 -3.727693
v 2.730892 0.123316 -3.687200
v 2.754549 0.107823 -3.704041
v 2.753038 0.095045 -3.695166
v 2.742934 0.043255 -3.699292
v 2.722684 0.091669 -3.686320
v 2.749312 0.074621 -3.693762
v 2.773509 0.062495 -3.716187
v 2.769916 0.030021 -3.712198
v 2.765444 0.065385 -3.703114
v 2.762169 -2.053340 -4.283123
v 2.686788 -2.101614 -4.270176
v 2.708020 -2.176559 -4.316139
v 2.750943 -2.069964 -4.274887
v 2.754006 -2.096148 -4.294593
v 2.745834 -2.105052 -4.284680
v 2.702562 -2.135486 -4.283084
v 2.723684 -2.087420 -4.270205
v 2.729507 -2.117452 -4.281126
v 2.734230 -2.141150 -4.306652
v 2.710240 -2.162588 -4.299705
v 2.732894 -2.134498 -4.292570
v 1.177313 -3.629525 -4.705461
v 1.093409 -3.614069 -4.675437
v 1.048822 -3.679670 -4.718897
v 1.159528 -3.634542 -4.694114
v 1.140204 -3.654220 -4.712078
v 1.130158 -3.655835 -4.700211
v 1.079065 -3.648513 -4.688498
v 1.129187 -3.628953 -4.683257
v 1.110794 -3.653955 -4.692831
v 1.093276 -3.672534 -4.716985
v 1.062942 -3.672236 -4.704214
v 1.099452 -3.667818 -4.703422
v -1.097197 -3.661580 -4.714049
v -1.140474 -3.595239 -4.670392
v -1.224762 -3.609277 -4.700035
v -1.111122 -3.653909 -4.699304
v -1.141515 -3.653696 -4.711937
v -1.147549 -3.648877 -4.698346
v -1.176533 -3.609517 -4.678049
v -1.126773 -3.629919 -4.683516
v -1.158608 -3.634825 -4.687705
v -1.188105 -3.634593 -4.706819
v -1.207013 -3.614594 -4.688769
v -1.178034 -3.636378 -4.694997
v -2.728984 -2.130727 -4.303859
v -2.706284 -2.056152 -4.257995
v -2.780897 -2.006614 -4.270603
v -2.730893 -2.116721 -4.287415
v -2.754550 -2.094882 -4.294254
v -2.753038 -2.088254 -4.280179
v -2.742935 -2.041339 -4.257857
v -2.722684 -2.089753 -4.270830
v -2.749312 -2.071268 -4.268751
v -2.773510 -2.049554 -4.282108
v -2.769917 -2.023425 -4.262417
v -2.765444 -2.058594 -4.272232
v -2.762169 0.066281 -3.715172
v -2.686789 0.101614 -3.679823
v -2.708021 0.189500 -3.682156
v -2.750943 0.076560 -3.699728
v -2.754007 0.109089 -3.703702
v -2.745835 0.111843 -3.690665
v -2.702563 0.137402 -3.674066
v -2.723685 0.089337 -3.686945
v -2.729507 0.120806 -3.681387
v -2.734231 0.154091 -3.691644
v -2.710241 0.169183 -3.674909
v -2.732895 0.141289 -3.682775
v -1.177313 1.642466 -3.292835
v -1.093409 1.614069 -3.274562
v -1.048822 1.692611 -3.279399
v -1.159529 1.641138 -3.280500
v -1.140204 1.667161 -3.286218
v -1.130159 1.662626 -3.275134
v -1.079066 1.650429 -3.268651
v -1.129187 1.630869 -3.273892
v -1.110794 1.657308 -3.269683
v -1.093277 1.685475 -3.281311
v -1.062942 1.678832 -3.270401
v -1.099452 1.674609 -3.271923
v 2.728983 0.143668 -3.694437
v 2.780897 0.019555 -3.727693
v 2.706283 0.069093 -3.740301
v 2.754549 0.107823 -3.704042
v 2.730892 0.129662 -3.710881
v 2.753038 0.101195 -3.718117
v 2.769916 0.036366 -3.735879
v 2.773509 0.062495 -3.716187
v 2.765444 0.071535 -3.726064
v 2.722684 0.102694 -3.727466
v 2.742934 0.054280 -3.740438
v 2.749312 0.084209 -3.729545
v 1.224762 1.622218 -3.298261
v 1.140474 1.608180 -3.327904
v 1.097196 1.674521 -3.284246
v 1.211802 1.618843 -3.312089
v 1.190192 1.651970 -3.290289
v 1.178648 1.647404 -3.303889
v 1.117164 1.639807 -3.315972
v 1.180863 1.613690 -3.322970
v 1.156866 1.643777 -3.311550
v 1.143368 1.671168 -3.285145
v 1.101279 1.664159 -3.299947
v 1.145682 1.660921 -3.300267
v 2.762169 -2.053340 -4.283123
v 2.708020 -2.176559 -4.316139
v 2.686788 -2.088673 -4.318472
v 2.758698 -2.097938 -4.295073
v 2.748096 -2.054052 -4.296238
v 2.744885 -2.097079 -4.307220
v 2.701181 -2.160810 -4.324843
v 2.738822 -2.143167 -4.307192
v 2.730892 -2.128922 -4.315752
v 2.720427 -2.067022 -4.309213
v 2.693388 -2.128550 -4.325700
v 2.725405 -2.106210 -4.316355
v 1.177313 -3.629525 -4.705461
v 1.048822 -3.679670 -4.718897
v 1.093409 -3.601128 -4.723733
v 1.140204 -3.654220 -4.712078
v 1.159528 -3.628197 -4.717795
v 1.130158 -3.649685 -4.723162
v 1.062942 -3.665891 -4.727895
v 1.093276 -3.672534 -4.716985
v 1.099452 -3.661668 -4.726373
v 1.129187 -3.617928 -4.724403
v 1.079065 -3.637489 -4.729644
v 1.110794 -3.644367 -4.728613
v -1.097197 -3.661580 -4.714049
v -1.224762 -3.609277 -4.700035
v -1.140474 -3.582298 -4.718688
v -1.141515 -3.653696 -4.711937
v -1.111123 -3.647564 -4.722985
v -1.147549 -3.642727 -4.721297
v -1.207014 -3.608248 -4.712450
v -1.188105 -3.634593 -4.706819
v -1.178034 -3.630228 -4.717948
v -1.126773 -3.618894 -4.724662
v -1.176533 -3.598492 -4.719195
v -1.158608 -3.625237 -4.723487
v -2.728984 -2.130727 -4.303859
v -2.780897 -2.006614 -4.270603
v -2.706284 -2.043211 -4.306291
v -2.754550 -2.094882 -4.294254
v -2.730893 -2.110375 -4.311096
v -2.753038 -2.082104 -4.303130
v -2.769917 -2.017080 -4.286098
v -2.773510 -2.049554 -4.282108
v -2.765444 -2.052444 -4.295182
v -2.722684 -2.078728 -4.311976
v -2.742935 -2.030314 -4.299004
v -2.749312 -2.061680 -4.304533
v -2.762169 0.066281 -3.715172
v -2.708021 0.189500 -3.682156
v -2.686789 0.114555 -3.728120
v -2.754007 0.109089 -3.703702
v -2.750943 0.082905 -3.723409
v -2.745835 0.117993 -3.713616
v -2.710240 0.175529 -3.698591
v -2.734231 0.154091 -3.691644
v -2.732894 0.147439 -3.705725
v -2.723685 0.100362 -3.728091
v -2.702562 0.148427 -3.715212
v -2.729507 0.130393 -3.717169
v -1.177313 1.642466 -3.292835
v -1.048822 1.692611 -3.279399
v -1.093409 1.627010 -3.322858
v -1.140204 1.667161 -3.286218
v -1.159529 1.647483 -3.304182
v -1.130159 1.668776 -3.298085
v -1.062942 1.685177 -3.294082
v -1.093277 1.685475 -3.281311
v -1.099452 1.680759 -3.294874
v -1.129187 1.641894 -3.315039
v -1.079066 1.661454 -3.309797
v -1.110794 1.666896 -3.305465
v 2.700268 -0.627684 -3.916649
v 1.949732 -0.627684 -3.916649
v 2.700268 0.097278 -3.722396
v 1.949732 0.097278 -3.722396
v 2.709650 0.108785 -3.729089
v 2.709650 -0.634302 -3.928199
v 1.940350 -0.634302 -3.928199
v 1.940350 0.108785 -3.729089
v 2.709650 0.109173 -3.730538
v 2.709650 -0.633914 -3.929648
v 1.940350 -0.633914 -3.929648
v 1.940350 0.109173 -3.730538
v 1.930968 -0.627684 -3.916649
v 1.180431 -0.627684 -3.916649
v 1.930968 0.097278 -3.722396
v 1.180432 0.097278 -3.722396
v 1.940350 0.108785 -3.729089
v 1.940350 -0.634302 -3.928199
v 1.171050 -0.634302 -3.928199
v 1.171050 0.108785 -3.729089
v 1.940350 0.109173 -3.730538
v 1.940350 -0.633914 -3.929648
v 1.171050 -0.633914 -3.929648
v 1.171050 0.109173 -3.730538
v 1.161668 -0.627684 -3.916649
v 0.411131 -0.627684 -3.916649
v 1.161668 0.097278 -3.722396
v 0.411131 0.097278 -3.722396
v 1.171050 0.108785 -3.729089
v 1.171050 -0.634302 -3.928199
v 0.401750 -0.634302 -3.928199
v 0.401750 0.108785 -3.729089
v 1.171050 0.109173 -3.730538
v 1.171050 -0.633914 -3.929648
v 0.401750 -0.633914 -3.929648
v 0.401750 0.109173 -3.730538
v 0.392368 -0.627684 -3.916649
v -0.358169 -0.627684 -3.916649
v 0.392368 0.097278 -3.722396
v -0.358169 0.097278 -3.722396
v 0.401750 0.108785 -3.729089
v 0.401750 -0.634302 -3.928199
v -0.367550 -0.634302 -3.928199
v -0.367550 0.108785 -3.729089
v 0.401750 0.109173 -3.730538
v 0.401750 -0.633914 -3.929648
v -0.367550 -0.633914 -3.929648
v -0.367550 0.109173 -3.730538
v -0.376932 -0.627684 -3.916649
v -1.127468 -0.627684 -3.916649
v -0.376932 0.097278 -3.722396
v -1.127468 0.097278 -3.722396
v -0.367550 0.108785 -3.729089
v -0.367550 -0.634302 -3.928199
v -1.136850 -0.634302 -3.928199
v -1.136850 0.108785 -3.729089
v -0.367550 0.109173 -3.730538
v -0.367550 -0.633914 -3.929648
v -1.136850 -0.633914 -3.929648
v -1.136850 0.109173 -3.730538
v -1.146232 -0.627684 -3.916649
v -1.896769 -0.627684 -3.916649
v -1.146232 0.097278 -3.722396
v -1.896769 0.097278 -3.722396
v -1.136850 0.108785 -3.729089
v -1.136850 -0.634302 -3.928199
v -1.906150 -0.634302 -3.928199
v -1.906150 0.108785 -3.729089
v -1.136850 0.109173 -3.730538
v -1.136850 -0.633914 -3.929648
v -1.906150 -0.633914 -3.929648
v -1.906150 0.109173 -3.730538
v -1.915532 -0.627684 -3.916649
v -2.666069 -0.627684 -3.916649
v -1.915532 0.097278 -3.722396
v -2.666069 0.097278 -3.722396
v -1.906151 0.108785 -3.729089
v -1.906151 -0.634302 -3.928199
v -2.675451 -0.634302 -3.928199
v -2.675451 0.108785 -3.729089
v -1.906151 0.109173 -3.730538
v -1.906151 -0.633914 -3.929648
v -2.675451 -0.633914 -3.929648
v -2.675451 0.109173 -3.730538
v 2.700268 -1.337640 -4.106881
v 1.949731 -1.337640 -4.106881
v 2.700268 -0.612677 -3.912628
v 1.949732 -0.612677 -3.912628
v 2.709650 -0.601171 -3.919322
v 2.709650 -1.344258 -4.118431
v 1.940350 -1.344258 -4.118431
v 1.940350 -0.601171 -3.919322
v 2.709650 -0.600783 -3.920770
v 2.709650 -1.343869 -4.119880
v 1.940350 -1.343869 -4.119880
v 1.940350 -0.600783 -3.920770
v 1.930968 -1.337640 -4.106881
v 1.180431 -1.337640 -4.106881
v 1.930968 -0.612677 -3.912628
v 1.180431 -0.612677 -3.912628
v 1.940350 -0.601171 -3.919322
v 1.940350 -1.344258 -4.118431
v 1.171050 -1.344258 -4.118431
v 1.171050 -0.601171 -3.919322
v 1.940350 -0.600783 -3.920770
v 1.940350 -1.343869 -4.119880
v 1.171050 -1.343869 -4.119880
v 1.171050 -0.600783 -3.920770
v 1.161668 -1.337640 -4.106881
v 0.411131 -1.337640 -4.106881
v 1.161668 -0.612677 -3.912628
v 0.411131 -0.612677 -3.912628
v 1.171050 -0.601171 -3.919322
v 1.171050 -1.344258 -4.118431
v 0.401750 -1.344258 -4.118431
v 0.401750 -0.601171 -3.919322
v 1.171050 -0.600783 -3.920770
v 1.171050 -1.343869 -4.119880
v 0.401750 -1.343869 -4.119880
v 0.401750 -0.600783 -3.920770
v 0.392368 -1.337640 -4.106881
v -0.358169 -1.337640 -4.106881
v 0.392368 -0.612677 -3.912628
v -0.358169 -0.612677 -3.912628
v 0.401750 -0.601171 -3.919322
v 0.401750 -1.344258 -4.118431
v -0.367550 -1.344258 -4.118431
v -0.367550 -0.601171 -3.919322
v 0.401750 -0.600783 -3.920770
v 0.401750 -1.343869 -4.119880
v -0.367550 -1.343869 -4.119880
v -0.367550 -0.600783 -3.920770
v -0.376932 -1.337640 -4.106881
v -1.127469 -1.337640 -4.106881
v -0.376932 -0.612677 -3.912628
v -1.127468 -0.612677 -3.912628
v -0.367550 -0.601171 -3.919322
v -0.367550 -1.344258 -4.118431
v -1.136850 -1.344258 -4.118431
v -1.136850 -0.601171 -3.919321
v -0.367550 -0.600783 -3.920770
v -0.367550 -1.343869 -4.119880
v -1.136850 -1.343869 -4.119880
v -1.136850 -0.600783 -3.920770
v -1.146232 -1.337640 -4.106881
v -1.896769 -1.337640 -4.106881
v -1.146232 -0.612677 -3.912628
v -1.896769 -0.612677 -3.912628
v -1.136850 -0.601171 -3.919321
v -1.136851 -1.344258 -4.118431
v -1.906150 -1.344257 -4.118431
v -1.906150 -0.601171 -3.919321
v -1.136850 -0.600783 -3.920770
v -1.136851 -1.343869 -4.119880
v -1.906150 -1.343869 -4.119880
v -1.906150 -0.600783 -3.920770
v -1.915532 -1.337640 -4.106881
v -2.666069 -1.337640 -4.106881
v -1.915532 -0.612677 -3.912628
v -2.666069 -0.612677 -3.912628
v -1.906151 -0.601171 -3.919321
v -1.906151 -1.344257 -4.118431
v -2.675451 -1.344257 -4.118431
v -2.675451 -0.601171 -3.919321
v -1.906151 -0.600783 -3.920770
v -1.906151 -1.343869 -4.119880
v -2.675451 -1.343869 -4.119880
v -2.675451 -0.600782 -3.920770
v 2.700268 -2.062084 -4.300995
v 1.949731 -2.062084 -4.300995
v 2.700268 -1.337121 -4.106742
v 1.949731 -1.337121 -4.106742
v 2.709650 -1.325615 -4.113436
v 2.709650 -2.068702 -4.312545
v 1.940350 -2.068702 -4.312545
v 1.940350 -1.325615 -4.113436
v 2.709650 -1.325227 -4.114884
v 2.709650 -2.068314 -4.313994
v 1.940350 -2.068314 -4.313994
v 1.940350 -1.325227 -4.114884
v 1.930968 -2.062084 -4.300995
v 1.180431 -2.062084 -4.300995
v 1.930968 -1.337121 -4.106742
v 1.180431 -1.337121 -4.106742
v 1.940350 -1.325615 -4.113436
v 1.940350 -2.068702 -4.312545
v 1.171050 -2.068702 -4.312545
v 1.171050 -1.325615 -4.113436
v 1.940350 -1.325227 -4.114884
v 1.940350 -2.068314 -4.313994
v 1.171050 -2.068314 -4.313994
v 1.171050 -1.325227 -4.114884
v 1.161668 -2.062084 -4.300995
v 0.411131 -2.062084 -4.300995
v 1.161668 -1.337121 -4.106742
v 0.411131 -1.337121 -4.106742
v 1.171050 -1.325615 -4.113436
v 1.171050 -2.068702 -4.312545
v 0.401750 -2.068702 -4.312545
v 0.401750 -1.325615 -4.113436
v 1.171050 -1.325227 -4.114884
v 1.171050 -2.068314 -4.313994
v 0.401750 -2.068314 -4.313994
v 0.401750 -1.325227 -4.114884
v 0.392368 -2.062084 -4.300995
v -0.358169 -2.062084 -4.300995
v 0.392368 -1.337121 -4.106742
v -0.358169 -1.337121 -4.106742
v 0.401750 -1.325615 -4.113436
v 0.401750 -2.068702 -4.312545
v -0.367550 -2.068702 -4.312545
v -0.367550 -1.325615 -4.113436
v 0.401750 -1.325227 -4.114884
v 0.401750 -2.068314 -4.313994
v -0.367550 -2.068314 -4.313994
v -0.367550 -1.325227 -4.114884
v -0.376932 -2.062084 -4.300995
v -1.127469 -2.062084 -4.300995
v -0.376932 -1.337121 -4.106742
v -1.127469 -1.337121 -4.106742
v -0.367550 -1.325615 -4.113436
v -0.367550 -2.068702 -4.312545
v -1.136850 -2.068702 -4.312545
v -1.136850 -1.325615 -4.113436
v -0.367550 -1.325227 -4.114884
v -0.367550 -2.068314 -4.313994
v -1.136850 -2.068314 -4.313994
v -1.136850 -1.325227 -4.114884
v -1.146232 -2.062084 -4.300995
v -1.896769 -2.062084 -4.300995
v -1.146232 -1.337121 -4.106742
v -1.896769 -1.337121 -4.106742
v -1.136851 -1.325615 -4.113436
v -1.136851 -2.068702 -4.312545
v -1.906150 -2.068702 -4.312545
v -1.906150 -1.325615 -4.113436
v -1.136851 -1.325227 -4.114884
v -1.136851 -2.068314 -4.313994
v -1.906150 -2.068314 -4.313994
v -1.906150 -1.325227 -4.114884
v -1.915532 -2.062084 -4.300995
v -2.666069 -2.062084 -4.300995
v -1.915532 -1.337121 -4.106742
v -2.666069 -1.337121 -4.106742
v -1.906151 -1.325615 -4.113436
v -1.906151 -2.068702 -4.312545
v -2.675451 -2.068702 -4.312545
v -2.675451 -1.325615 -4.113436
v -1.906151 -1.325227 -4.114884
v -1.906151 -2.068314 -4.313994
v -2.675451 -2.068314 -4.313994
v -2.675451 -1.325227 -4.114884
v 1.920268 -2.801017 -4.498991
v 1.169731 -2.801017 -4.498991
v 1.920268 -2.076055 -4.304739
v 1.169731 -2.076055 -4.304739
v 1.929650 -2.064548 -4.311432
v 1.929650 -2.807635 -4.510541
v 1.160350 -2.807635 -4.510541
v 1.160350 -2.064548 -4.311432
v 1.929650 -2.064160 -4.312881
v 1.929650 -2.807247 -4.511991
v 1.160350 -2.807247 -4.511991
v 1.160350 -2.064160 -4.312881
v 1.150968 -2.801017 -4.498991
v 0.400431 -2.801017 -4.498991
v 1.150968 -2.076055 -4.304739
v 0.400431 -2.076055 -4.304739
v 1.160350 -2.064548 -4.311432
v 1.160350 -2.807635 -4.510541
v 0.391050 -2.807635 -4.510541
v 0.391050 -2.064548 -4.311432
v 1.160350 -2.064160 -4.312881
v 1.160350 -2.807247 -4.511991
v 0.391050 -2.807247 -4.511991
v 0.391050 -2.064160 -4.312881
v 0.381668 -2.801017 -4.498991
v -0.368869 -2.801017 -4.498991
v 0.381668 -2.076055 -4.304739
v -0.368869 -2.076055 -4.304739
v 0.391050 -2.064548 -4.311432
v 0.391050 -2.807635 -4.510541
v -0.378250 -2.807635 -4.510541
v -0.378250 -2.064548 -4.311432
v 0.391050 -2.064160 -4.312881
v 0.391050 -2.807247 -4.511991
v -0.378250 -2.807247 -4.511991
v -0.378250 -2.064160 -4.312881
v -0.387632 -2.801017 -4.498991
v -1.138169 -2.801017 -4.498991
v -0.387632 -2.076055 -4.304739
v -1.138169 -2.076055 -4.304739
v -0.378250 -2.064548 -4.311432
v -0.378250 -2.807635 -4.510541
v -1.147550 -2.807635 -4.510541
v -1.147550 -2.064548 -4.311432
v -0.378250 -2.064160 -4.312881
v -0.378250 -2.807247 -4.511991
v -1.147550 -2.807247 -4.511991
v -1.147550 -2.064160 -4.312881
v -1.156932 -2.801017 -4.498991
v -1.907469 -2.801017 -4.498991
v -1.156932 -2.076055 -4.304739
v -1.907469 -2.076055 -4.304739
v -1.147550 -2.064548 -4.311432
v -1.147550 -2.807635 -4.510541
v -1.916850 -2.807635 -4.510541
v -1.916850 -2.064548 -4.311432
v -1.147550 -2.064160 -4.312881
v -1.147550 -2.807247 -4.511991
v -1.916850 -2.807247 -4.511991
v -1.916850 -2.064160 -4.312881
v 1.140268 -3.539951 -4.696988
v 0.389731 -3.539951 -4.696988
v 1.140268 -2.814988 -4.502735
v 0.389731 -2.814988 -4.502735
v 1.149650 -2.803482 -4.509429
v 1.149650 -3.546569 -4.708538
v 0.380350 -3.546569 -4.708538
v 0.380350 -2.803482 -4.509429
v 1.149650 -2.803093 -4.510878
v 1.149650 -3.546180 -4.709987
v 0.380350 -3.546180 -4.709987
v 0.380350 -2.803093 -4.510878
v 0.370968 -3.539951 -4.696988
v -0.379569 -3.539951 -4.696988
v 0.370968 -2.814988 -4.502735
v -0.379569 -2.814988 -4.502735
v 0.380350 -2.803482 -4.509429
v 0.380350 -3.546569 -4.708538
v -0.388950 -3.546569 -4.708538
v -0.388950 -2.803482 -4.509429
v 0.380350 -2.803093 -4.510878
v 0.380350 -3.546180 -4.709987
v -0.388950 -3.546180 -4.709987
v -0.388950 -2.803093 -4.510878
v -0.398332 -3.539951 -4.696988
v -1.148869 -3.539951 -4.696988
v -0.398332 -2.814988 -4.502735
v -1.148869 -2.814988 -4.502735
v -0.388950 -2.803482 -4.509429
v -0.388950 -3.546569 -4.708538
v -1.158250 -3.546569 -4.708538
v -1.158250 -2.803482 -4.509429
v -0.388950 -2.803093 -4.510878
v -0.388950 -3.546180 -4.709987
v -1.158250 -3.546180 -4.709987
v -1.158250 -2.803093 -4.510878
v 1.920268 0.111249 -3.718652
v 1.169732 0.111249 -3.718652
v 1.920268 0.836212 -3.524400
v 1.169732 0.836212 -3.524400
v 1.929650 0.847718 -3.531093
v 1.929650 0.104631 -3.730202
v 1.160350 0.104631 -3.730202
v 1.160350 0.847718 -3.531093
v 1.929650 0.848106 -3.532542
v 1.929650 0.105019 -3.731651
v 1.160350 0.105019 -3.731651
v 1.160350 0.848106 -3.532542
v 1.150968 0.111249 -3.718652
v 0.400432 0.111249 -3.718652
v 1.150968 0.836212 -3.524400
v 0.400432 0.836212 -3.524400
v 1.160350 0.847718 -3.531093
v 1.160350 0.104631 -3.730202
v 0.391050 0.104631 -3.730202
v 0.391050 0.847718 -3.531093
v 1.160350 0.848106 -3.532542
v 1.160350 0.105019 -3.731651
v 0.391050 0.105019 -3.731651
v 0.391050 0.848106 -3.532542
v 0.381668 0.111249 -3.718652
v -0.368869 0.111249 -3.718652
v 0.381668 0.836212 -3.524400
v -0.368869 0.836212 -3.524400
v 0.391050 0.847718 -3.531093
v 0.391050 0.104631 -3.730202
v -0.378250 0.104631 -3.730202
v -0.378250 0.847718 -3.531093
v 0.391050 0.848106 -3.532542
v 0.391050 0.105019 -3.731651
v -0.378250 0.105019 -3.731651
v -0.378250 0.848106 -3.532542
v -0.387632 0.111249 -3.718652
v -1.138168 0.111249 -3.718652
v -0.387632 0.836212 -3.524400
v -1.138168 0.836212 -3.524400
v -0.378250 0.847718 -3.531093
v -0.378250 0.104631 -3.730202
v -1.147550 0.104631 -3.730202
v -1.147550 0.847718 -3.531093
v -0.378250 0.848106 -3.532542
v -0.378250 0.105019 -3.731651
v -1.147550 0.105019 -3.731651
v -1.147550 0.848106 -3.532542
v -1.156932 0.111249 -3.718652
v -1.907468 0.111249 -3.718652
v -1.156932 0.836212 -3.524400
v -1.907468 0.836212 -3.524400
v -1.147550 0.847718 -3.531093
v -1.147550 0.104631 -3.730202
v -1.916850 0.104631 -3.730202
v -1.916850 0.847718 -3.531093
v -1.147550 0.848106 -3.532542
v -1.147550 0.105019 -3.731651
v -1.916850 0.105019 -3.731651
v -1.916850 0.848106 -3.532542
v 1.140268 0.835693 -3.524538
v 0.389732 0.835693 -3.524538
v 1.140268 1.560656 -3.330285
v 0.389732 1.560656 -3.330285
v 1.149650 1.572162 -3.336979
v 1.149650 0.829075 -3.536088
v 0.380350 0.829075 -3.536088
v 0.380350 1.572162 -3.336979
v 1.149650 1.572551 -3.338428
v 1.149650 0.829464 -3.537537
v 0.380350 0.829464 -3.537537
v 0.380350 1.572551 -3.338428
v 0.370968 0.835693 -3.524538
v -0.379568 0.835693 -3.524538
v 0.370968 1.560656 -3.330285
v -0.379568 1.560656 -3.330285
v 0.380350 1.572162 -3.336979
v 0.380350 0.829075 -3.536088
v -0.388950 0.829075 -3.536088
v -0.388950 1.572162 -3.336979
v 0.380350 1.572551 -3.338428
v 0.380350 0.829464 -3.537537
v -0.388950 0.829464 -3.537537
v -0.388950 1.572551 -3.338428
v -0.398332 0.835693 -3.524538
v -1.148868 0.835693 -3.524538
v -0.398332 1.560656 -3.330285
v -1.148868 1.560656 -3.330285
v -0.388950 1.572162 -3.336979
v -0.388950 0.829075 -3.536088
v -1.158250 0.829075 -3.536088
v -1.158250 1.572162 -3.336979
v -0.388950 1.572551 -3.338428
v -0.388950 0.829464 -3.537537
v -1.158250 0.829464 -3.537537
v -1.158250 1.572551 -3.338428
v 1.140474 1.569357 -3.183015
v 2.706283 0.030270 -3.595412
v 2.686788 -2.127495 -4.173584
v 1.093409 -3.639951 -4.578845
v -1.140474 -3.621121 -4.573799
v -2.706284 -2.082034 -4.161402
v -2.686789 0.075732 -3.583231
v -1.093409 1.588187 -3.177969
v 1.224762 -3.609277 4.700036
v 1.097197 -3.661580 4.714050
v 1.140474 -3.595238 4.670392
v 1.188105 -3.634593 4.706820
v 1.207013 -3.614593 4.688770
v 1.178034 -3.636378 4.694998
v 1.111122 -3.653909 4.699304
v 1.141515 -3.653696 4.711938
v 1.147549 -3.648877 4.698347
v 1.176533 -3.609517 4.678050
v 1.126773 -3.629919 4.683517
v 1.158608 -3.634825 4.687706
v 2.728984 -2.130727 4.303859
v 2.706284 -2.056152 4.257995
v 2.780897 -2.006614 4.270604
v 2.730893 -2.116721 4.287416
v 2.754550 -2.094882 4.294255
v 2.753038 -2.088253 4.280180
v 2.742935 -2.041339 4.257858
v 2.722684 -2.089753 4.270830
v 2.749312 -2.071268 4.268752
v 2.773510 -2.049553 4.282109
v 2.769917 -2.023425 4.262417
v 2.765444 -2.058594 4.272232
v 2.762169 0.066281 3.715173
v 2.686789 0.101614 3.679824
v 2.708021 0.189499 3.682157
v 2.750943 0.076559 3.699728
v 2.754007 0.109089 3.703702
v 2.745835 0.111843 3.690665
v 2.702563 0.137402 3.674066
v 2.723685 0.089336 3.686945
v 2.729507 0.120805 3.681387
v 2.734231 0.154091 3.691644
v 2.710241 0.169183 3.674910
v 2.732895 0.141289 3.682775
v 1.177313 1.642466 3.292835
v 1.093409 1.614069 3.274562
v 1.048822 1.692611 3.279399
v 1.159529 1.641138 3.280501
v 1.140204 1.667161 3.286218
v 1.130159 1.662626 3.275134
v 1.079066 1.650429 3.268651
v 1.129187 1.630869 3.273893
v 1.110794 1.657308 3.269683
v 1.093277 1.685475 3.281311
v 1.062942 1.678831 3.270401
v 1.099452 1.674609 3.271923
v -1.097196 1.674521 3.284246
v -1.140474 1.595238 3.279608
v -1.224762 1.622217 3.298261
v -1.111122 1.660505 3.275311
v -1.141515 1.666636 3.286359
v -1.147549 1.655668 3.276999
v -1.176533 1.611433 3.279100
v -1.126772 1.631835 3.273634
v -1.158607 1.638178 3.274809
v -1.188104 1.647534 3.291477
v -1.207013 1.621189 3.285846
v -1.178034 1.643169 3.280348
v -2.728983 0.143668 3.694437
v -2.706283 0.056152 3.692005
v -2.780897 0.019555 3.727693
v -2.730892 0.123316 3.687200
v -2.754549 0.107823 3.704042
v -2.753038 0.095045 3.695166
v -2.742934 0.043255 3.699293
v -2.722684 0.091669 3.686320
v -2.749312 0.074621 3.693763
v -2.773509 0.062494 3.716188
v -2.769916 0.030021 3.712198
v -2.765444 0.065385 3.703114
v -2.762169 -2.053340 4.283123
v -2.686788 -2.101614 4.270176
v -2.708020 -2.176558 4.316140
v -2.750943 -2.069964 4.274888
v -2.754006 -2.096148 4.294594
v -2.745834 -2.105052 4.284680
v -2.702562 -2.135486 4.283084
v -2.723684 -2.087420 4.270205
v -2.729507 -2.117452 4.281127
v -2.734230 -2.141150 4.306653
v -2.710240 -2.162587 4.299706
v -2.732894 -2.134498 4.292571
v -1.177313 -3.629525 4.705462
v -1.093409 -3.614069 4.675438
v -1.048822 -3.679670 4.718897
v -1.159528 -3.634542 4.694115
v -1.140204 -3.654220 4.712078
v -1.130158 -3.655835 4.700212
v -1.079065 -3.648513 4.688499
v -1.129187 -3.628953 4.683258
v -1.110794 -3.653955 4.692832
v -1.093276 -3.672534 4.716986
v -1.062942 -3.672236 4.704215
v -1.099452 -3.667818 4.703423
v 2.728984 -2.130727 4.303859
v 2.780897 -2.006614 4.270604
v 2.706284 -2.043211 4.306292
v 2.754550 -2.094882 4.294255
v 2.730893 -2.110375 4.311097
v 2.753038 -2.082104 4.303130
v 2.769917 -2.017080 4.286098
v 2.773510 -2.049553 4.282109
v 2.765444 -2.052444 4.295183
v 2.722684 -2.078728 4.311976
v 2.742935 -2.030314 4.299004
v 2.749312 -2.061680 4.304534
v 1.224762 -3.609277 4.700036
v 1.140474 -3.582298 4.718688
v 1.097197 -3.661580 4.714050
v 1.211802 -3.599440 4.710324
v 1.190192 -3.639029 4.708008
v 1.178648 -3.628275 4.717503
v 1.117165 -3.615654 4.724169
v 1.180864 -3.589537 4.717171
v 1.156866 -3.621303 4.722323
v 1.143368 -3.658227 4.713152
v 1.101279 -3.644755 4.722466
v 1.145682 -3.641791 4.721125
v 2.762169 0.066281 3.715173
v 2.708021 0.189499 3.682157
v 2.686789 0.114555 3.728120
v 2.758698 0.110879 3.703223
v 2.748096 0.073455 3.726174
v 2.744886 0.116209 3.714172
v 2.701182 0.180213 3.697569
v 2.738823 0.156107 3.691104
v 2.730893 0.148051 3.705639
v 2.720427 0.091175 3.730927
v 2.693388 0.152703 3.714440
v 2.725406 0.128684 3.717518
v 1.177313 1.642466 3.292835
v 1.048822 1.692611 3.279399
v 1.093409 1.627010 3.322859
v 1.140204 1.667161 3.286218
v 1.159529 1.647483 3.304182
v 1.130159 1.668776 3.298085
v 1.062942 1.685177 3.294082
v 1.093277 1.685475 3.281311
v 1.099452 1.680759 3.294874
v 1.129187 1.641894 3.315039
v 1.079066 1.661454 3.309798
v 1.110794 1.666896 3.305465
v -1.097196 1.674521 3.284246
v -1.224762 1.622217 3.298261
v -1.140474 1.608179 3.327904
v -1.141515 1.666637 3.286359
v -1.111122 1.666850 3.298992
v -1.147549 1.661818 3.299949
v -1.207013 1.627534 3.309527
v -1.188104 1.647534 3.291477
v -1.178034 1.649318 3.303298
v -1.126772 1.642860 3.314780
v -1.176533 1.622458 3.320247
v -1.158607 1.647766 3.310591
v -2.728983 0.143668 3.694437
v -2.780897 0.019555 3.727693
v -2.706283 0.069093 3.740301
v -2.754549 0.107823 3.704042
v -2.730892 0.129662 3.710881
v -2.753038 0.101195 3.718117
v -2.769916 0.036366 3.735879
v -2.773509 0.062494 3.716188
v -2.765444 0.071535 3.726065
v -2.722684 0.102694 3.727466
v -2.742934 0.054280 3.740439
v -2.749312 0.084209 3.729545
v -2.762169 -2.053340 4.283123
v -2.708020 -2.176558 4.316140
v -2.686788 -2.088673 4.318473
v -2.754007 -2.096148 4.294594
v -2.750943 -2.063619 4.298569
v -2.745834 -2.098902 4.307631
v -2.710240 -2.156242 4.323387
v -2.734230 -2.141150 4.306653
v -2.732894 -2.128348 4.315521
v -2.723684 -2.076396 4.311351
v -2.702562 -2.124461 4.324231
v -2.729507 -2.107864 4.316909
v -1.177313 -3.629525 4.705462
v -1.048822 -3.679670 4.718897
v -1.093409 -3.601128 4.723734
v -1.140204 -3.654220 4.712078
v -1.159528 -3.628197 4.717796
v -1.130158 -3.649685 4.723163
v -1.062942 -3.665890 4.727896
v -1.093276 -3.672534 4.716986
v -1.099452 -3.661668 4.726373
v -1.129187 -3.617928 4.724404
v -1.079065 -3.637489 4.729645
v -1.110794 -3.644367 4.728614
v 2.700269 -1.351610 4.110625
v 1.949732 -1.351610 4.110625
v 2.700269 -2.076573 4.304878
v 1.949732 -2.076573 4.304878
v 2.709650 -2.083191 4.316428
v 2.709650 -1.340104 4.117318
v 1.940350 -1.340104 4.117319
v 1.940350 -2.083191 4.316428
v 2.709650 -2.082802 4.317877
v 2.709650 -1.339716 4.118767
v 1.940350 -1.339716 4.118767
v 1.940350 -2.082802 4.317877
v 1.930969 -1.351610 4.110625
v 1.180432 -1.351610 4.110625
v 1.930969 -2.076573 4.304878
v 1.180432 -2.076573 4.304878
v 1.940350 -2.083191 4.316428
v 1.940350 -1.340104 4.117319
v 1.171050 -1.340104 4.117319
v 1.171050 -2.083191 4.316428
v 1.940350 -2.082802 4.317877
v 1.940350 -1.339716 4.118767
v 1.171050 -1.339716 4.118767
v 1.171050 -2.082802 4.317877
v 1.161668 -1.351610 4.110625
v 0.411132 -1.351610 4.110625
v 1.161669 -2.076573 4.304878
v 0.411132 -2.076573 4.304878
v 1.171050 -2.083191 4.316428
v 1.171050 -1.340104 4.117319
v 0.401750 -1.340104 4.117319
v 0.401750 -2.083191 4.316428
v 1.171050 -2.082802 4.317877
v 1.171050 -1.339716 4.118767
v 0.401750 -1.339716 4.118767
v 0.401750 -2.082803 4.317877
v 0.392368 -1.351610 4.110625
v -0.358168 -1.351610 4.110625
v 0.392368 -2.076573 4.304878
v -0.358168 -2.076573 4.304878
v 0.401750 -2.083191 4.316428
v 0.401750 -1.340104 4.117319
v -0.367550 -1.340104 4.117319
v -0.367550 -2.083191 4.316428
v 0.401750 -2.082803 4.317877
v 0.401750 -1.339716 4.118767
v -0.367550 -1.339716 4.118767
v -0.367550 -2.082803 4.317877
v -0.376932 -1.351610 4.110625
v -1.127468 -1.351610 4.110625
v -0.376932 -2.076573 4.304878
v -1.127468 -2.076573 4.304878
v -0.367550 -2.083191 4.316428
v -0.367550 -1.340104 4.117319
v -1.136850 -1.340104 4.117319
v -1.136850 -2.083191 4.316428
v -0.367550 -2.082803 4.317877
v -0.367550 -1.339716 4.118767
v -1.136850 -1.339716 4.118767
v -1.136850 -2.082803 4.317877
v -1.146232 -1.351610 4.110625
v -1.896768 -1.351610 4.110625
v -1.146232 -2.076573 4.304878
v -1.896768 -2.076573 4.304878
v -1.136850 -2.083191 4.316428
v -1.136850 -1.340104 4.117319
v -1.906150 -1.340104 4.117319
v -1.906150 -2.083191 4.316428
v -1.136850 -2.082803 4.317877
v -1.136850 -1.339716 4.118767
v -1.906150 -1.339716 4.118767
v -1.906150 -2.082803 4.317877
v -1.915532 -1.351610 4.110625
v -2.666068 -1.351610 4.110625
v -1.915532 -2.076573 4.304878
v -2.666068 -2.076573 4.304878
v -1.906150 -2.083191 4.316428
v -1.906150 -1.340104 4.117319
v -2.675450 -1.340104 4.117319
v -2.675450 -2.083191 4.316428
v -1.906150 -2.082803 4.317877
v -1.906150 -1.339716 4.118767
v -2.675450 -1.339716 4.118767
v -2.675450 -2.082803 4.317877
v 2.700269 -0.641655 3.920393
v 1.949732 -0.641655 3.920393
v 2.700269 -1.366617 4.114646
v 1.949732 -1.366617 4.114646
v 2.709650 -1.373235 4.126196
v 2.709650 -0.630149 3.927086
v 1.940350 -0.630149 3.927086
v 1.940350 -1.373235 4.126196
v 2.709650 -1.372847 4.127645
v 2.709650 -0.629760 3.928535
v 1.940350 -0.629760 3.928535
v 1.940350 -1.372847 4.127645
v 1.930968 -0.641655 3.920393
v 1.180432 -0.641655 3.920393
v 1.930969 -1.366617 4.114646
v 1.180432 -1.366617 4.114646
v 1.940350 -1.373235 4.126196
v 1.940350 -0.630149 3.927086
v 1.171050 -0.630149 3.927086
v 1.171050 -1.373235 4.126196
v 1.940350 -1.372847 4.127645
v 1.940350 -0.629760 3.928535
v 1.171050 -0.629760 3.928535
v 1.171050 -1.372847 4.127645
v 1.161668 -0.641655 3.920393
v 0.411132 -0.641655 3.920393
v 1.161668 -1.366617 4.114646
v 0.411132 -1.366617 4.114646
v 1.171050 -1.373235 4.126196
v 1.171050 -0.630149 3.927086
v 0.401750 -0.630149 3.927086
v 0.401750 -1.373235 4.126196
v 1.171050 -1.372847 4.127645
v 1.171050 -0.629760 3.928535
v 0.401750 -0.629760 3.928535
v 0.401750 -1.372847 4.127645
v 0.392368 -0.641655 3.920393
v -0.358168 -0.641655 3.920393
v 0.392368 -1.366617 4.114646
v -0.358168 -1.366617 4.114646
v 0.401750 -1.373235 4.126196
v 0.401750 -0.630149 3.927086
v -0.367550 -0.630149 3.927086
v -0.367550 -1.373235 4.126196
v 0.401750 -1.372847 4.127645
v 0.401750 -0.629760 3.928535
v -0.367550 -0.629760 3.928535
v -0.367550 -1.372847 4.127645
v -0.376932 -0.641655 3.920393
v -1.127468 -0.641655 3.920393
v -0.376932 -1.366617 4.114646
v -1.127468 -1.366617 4.114646
v -0.367550 -1.373235 4.126196
v -0.367550 -0.630149 3.927086
v -1.136850 -0.630149 3.927086
v -1.136850 -1.373235 4.126196
v -0.367550 -1.372847 4.127645
v -0.367550 -0.629760 3.928535
v -1.136850 -0.629760 3.928535
v -1.136850 -1.372847 4.127645
v -1.146232 -0.641655 3.920393
v -1.896768 -0.641655 3.920393
v -1.146232 -1.366617 4.114646
v -1.896768 -1.366618 4.114646
v -1.136850 -1.373235 4.126196
v -1.136850 -0.630149 3.927086
v -1.906150 -0.630149 3.927086
v -1.906150 -1.373235 4.126196
v -1.136850 -1.372847 4.127645
v -1.136850 -0.629760 3.928535
v -1.906150 -0.629761 3.928535
v -1.906150 -1.372847 4.127645
v -1.915532 -0.641655 3.920393
v -2.666068 -0.641655 3.920393
v -1.915532 -1.366618 4.114646
v -2.666068 -1.366618 4.114646
v -1.906150 -1.373235 4.126196
v -1.906150 -0.630149 3.927086
v -2.675450 -0.630149 3.927086
v -2.675450 -1.373235 4.126196
v -1.906150 -1.372847 4.127645
v -1.906150 -0.629761 3.928535
v -2.675450 -0.629761 3.928535
v -2.675450 -1.372847 4.127645
v 2.700269 0.082790 3.726279
v 1.949732 0.082790 3.726279
v 2.700269 -0.642173 3.920532
v 1.949732 -0.642173 3.920532
v 2.709650 -0.648791 3.932082
v 2.709650 0.094296 3.732972
v 1.940350 0.094296 3.732972
v 1.940350 -0.648791 3.932082
v 2.709650 -0.648403 3.933531
v 2.709650 0.094684 3.734421
v 1.940350 0.094684 3.734421
v 1.940350 -0.648403 3.933531
v 1.930968 0.082790 3.726279
v 1.180432 0.082790 3.726279
v 1.930968 -0.642173 3.920532
v 1.180432 -0.642173 3.920532
v 1.940350 -0.648791 3.932082
v 1.940350 0.094296 3.732972
v 1.171050 0.094296 3.732972
v 1.171050 -0.648791 3.932082
v 1.940350 -0.648403 3.933531
v 1.940350 0.094684 3.734421
v 1.171050 0.094684 3.734421
v 1.171050 -0.648403 3.933531
v 1.161668 0.082790 3.726279
v 0.411132 0.082790 3.726279
v 1.161668 -0.642173 3.920532
v 0.411132 -0.642173 3.920532
v 1.171050 -0.648791 3.932082
v 1.171050 0.094296 3.732972
v 0.401750 0.094296 3.732972
v 0.401750 -0.648791 3.932082
v 1.171050 -0.648403 3.933531
v 1.171050 0.094684 3.734421
v 0.401750 0.094684 3.734421
v 0.401750 -0.648403 3.933531
v 0.392368 0.082790 3.726279
v -0.358168 0.082790 3.726279
v 0.392368 -0.642173 3.920532
v -0.358168 -0.642173 3.920532
v 0.401750 -0.648791 3.932082
v 0.401750 0.094296 3.732972
v -0.367550 0.094296 3.732972
v -0.367550 -0.648791 3.932082
v 0.401750 -0.648403 3.933531
v 0.401750 0.094684 3.734421
v -0.367550 0.094684 3.734421
v -0.367550 -0.648403 3.933531
v -0.376932 0.082790 3.726279
v -1.127468 0.082789 3.726279
v -0.376932 -0.642173 3.920532
v -1.127468 -0.642173 3.920532
v -0.367550 -0.648791 3.932082
v -0.367550 0.094296 3.732972
v -1.136850 0.094296 3.732972
v -1.136850 -0.648791 3.932082
v -0.367550 -0.648403 3.933531
v -0.367550 0.094684 3.734421
v -1.136850 0.094684 3.734421
v -1.136850 -0.648403 3.933531
v -1.146232 0.082789 3.726279
v -1.896768 0.082789 3.726279
v -1.146232 -0.642173 3.920532
v -1.896768 -0.642173 3.920532
v -1.136850 -0.648791 3.932082
v -1.136850 0.094296 3.732972
v -1.906150 0.094296 3.732972
v -1.906150 -0.648791 3.932082
v -1.136850 -0.648403 3.933531
v -1.136850 0.094684 3.734421
v -1.906150 0.094684 3.734421
v -1.906150 -0.648403 3.933531
v -1.915532 0.082789 3.726279
v -2.666068 0.082789 3.726279
v -1.915532 -0.642173 3.920532
v -2.666068 -0.642173 3.920532
v -1.906150 -0.648791 3.932082
v -1.906150 0.094296 3.732972
v -2.675450 0.094296 3.732972
v -2.675450 -0.648791 3.932082
v -1.906150 -0.648403 3.933531
v -1.906150 0.094684 3.734421
v -2.675450 0.094684 3.734421
v -2.675450 -0.648403 3.933531
v 1.920268 0.821723 3.528282
v 1.169732 0.821723 3.528282
v 1.920268 0.096760 3.722535
v 1.169732 0.096760 3.722535
v 1.929650 0.090142 3.734085
v 1.929650 0.833229 3.534976
v 1.160350 0.833229 3.534976
v 1.160350 0.090142 3.734085
v 1.929650 0.090531 3.735534
v 1.929650 0.833617 3.536424
v 1.160350 0.833617 3.536424
v 1.160350 0.090531 3.735534
v 1.150968 0.821723 3.528282
v 0.400432 0.821723 3.528282
v 1.150968 0.096760 3.722535
v 0.400432 0.096760 3.722535
v 1.160350 0.090142 3.734085
v 1.160350 0.833229 3.534976
v 0.391050 0.833229 3.534976
v 0.391050 0.090142 3.734085
v 1.160350 0.090531 3.735534
v 1.160350 0.833617 3.536424
v 0.391050 0.833617 3.536424
v 0.391050 0.090531 3.735534
v 0.381668 0.821723 3.528282
v -0.368868 0.821723 3.528282
v 0.381668 0.096760 3.722535
v -0.368868 0.096760 3.722535
v 0.391050 0.090142 3.734085
v 0.391050 0.833229 3.534976
v -0.378250 0.833229 3.534976
v -0.378250 0.090142 3.734085
v 0.391050 0.090531 3.735534
v 0.391050 0.833617 3.536424
v -0.378250 0.833617 3.536424
v -0.378250 0.090531 3.735534
v -0.387632 0.821723 3.528282
v -1.138168 0.821723 3.528282
v -0.387632 0.096760 3.722535
v -1.138168 0.096760 3.722535
v -0.378250 0.090142 3.734085
v -0.378250 0.833229 3.534976
v -1.147550 0.833229 3.534976
v -1.147550 0.090142 3.734085
v -0.378250 0.090531 3.735534
v -0.378250 0.833617 3.536424
v -1.147550 0.833617 3.536424
v -1.147550 0.090530 3.735534
v -1.156932 0.821723 3.528282
v -1.907468 0.821723 3.528282
v -1.156932 0.096760 3.722535
v -1.907468 0.096760 3.722535
v -1.147550 0.090142 3.734085
v -1.147550 0.833229 3.534976
v -1.916850 0.833229 3.534976
v -1.916850 0.090142 3.734085
v -1.147550 0.090530 3.735534
v -1.147550 0.833617 3.536424
v -1.916850 0.833617 3.536424
v -1.916850 0.090530 3.735534
v 1.140268 1.560656 3.330285
v 0.389732 1.560656 3.330285
v 1.140268 0.835693 3.524539
v 0.389732 0.835693 3.524539
v 1.149650 0.829075 3.536088
v 1.149650 1.572162 3.336979
v 0.380350 1.572162 3.336979
v 0.380350 0.829075 3.536088
v 1.149650 0.829464 3.537537
v 1.149650 1.572551 3.338428
v 0.380350 1.572551 3.338428
v 0.380350 0.829464 3.537537
v 0.370968 1.560656 3.330285
v -0.379568 1.560656 3.330285
v 0.370968 0.835693 3.524539
v -0.379568 0.835693 3.524539
v 0.380350 0.829075 3.536088
v 0.380350 1.572162 3.336979
v -0.388950 1.572162 3.336979
v -0.388950 0.829075 3.536088
v 0.380350 0.829464 3.537537
v 0.380350 1.572551 3.338428
v -0.388950 1.572551 3.338428
v -0.388950 0.829464 3.537537
v -0.398332 1.560656 3.330285
v -1.148868 1.560656 3.330285
v -0.398332 0.835693 3.524539
v -1.148868 0.835693 3.524539
v -0.388950 0.829075 3.536088
v -0.388950 1.572162 3.336979
v -1.158250 1.572162 3.336979
v -1.158250 0.829075 3.536088
v -0.388950 0.829464 3.537537
v -0.388950 1.572551 3.338428
v -1.158250 1.572551 3.338428
v -1.158250 0.829464 3.537537
v 1.920268 -2.090544 4.308621
v 1.169732 -2.090544 4.308621
v 1.920268 -2.815506 4.502874
v 1.169732 -2.815506 4.502874
v 1.929650 -2.822124 4.514424
v 1.929650 -2.079037 4.315315
v 1.160350 -2.079037 4.315315
v 1.160350 -2.822124 4.514424
v 1.929650 -2.821736 4.515873
v 1.929650 -2.078649 4.316764
v 1.160350 -2.078649 4.316764
v 1.160350 -2.821736 4.515873
v 1.150969 -2.090544 4.308621
v 0.400432 -2.090544 4.308621
v 1.150969 -2.815506 4.502874
v 0.400432 -2.815506 4.502874
v 1.160350 -2.822124 4.514424
v 1.160350 -2.079037 4.315315
v 0.391050 -2.079037 4.315315
v 0.391050 -2.822124 4.514424
v 1.160350 -2.821736 4.515873
v 1.160350 -2.078649 4.316764
v 0.391050 -2.078649 4.316764
v 0.391050 -2.821736 4.515873
v 0.381668 -2.090544 4.308621
v -0.368868 -2.090544 4.308621
v 0.381669 -2.815506 4.502874
v -0.368868 -2.815506 4.502874
v 0.391050 -2.822124 4.514424
v 0.391050 -2.079037 4.315315
v -0.378250 -2.079037 4.315315
v -0.378250 -2.822124 4.514424
v 0.391050 -2.821736 4.515873
v 0.391050 -2.078649 4.316764
v -0.378250 -2.078649 4.316764
v -0.378250 -2.821736 4.515873
v -0.387632 -2.090544 4.308621
v -1.138168 -2.090544 4.308621
v -0.387631 -2.815506 4.502874
v -1.138168 -2.815506 4.502874
v -0.378250 -2.822124 4.514424
v -0.378250 -2.079037 4.315315
v -1.147550 -2.079037 4.315315
v -1.147550 -2.822124 4.514424
v -0.378250 -2.821736 4.515873
v -0.378250 -2.078649 4.316764
v -1.147550 -2.078649 4.316764
v -1.147550 -2.821736 4.515873
v -1.156932 -2.090544 4.308621
v -1.907468 -2.090544 4.308621
v -1.156932 -2.815506 4.502874
v -1.907468 -2.815506 4.502874
v -1.147550 -2.822124 4.514424
v -1.147550 -2.079037 4.315315
v -1.916850 -2.079037 4.315315
v -1.916850 -2.822124 4.514424
v -1.147550 -2.821736 4.515873
v -1.147550 -2.078649 4.316764
v -1.916850 -2.078649 4.316764
v -1.916850 -2.821736 4.515873
v 1.140269 -2.814988 4.502736
v 0.389732 -2.814988 4.502736
v 1.140269 -3.539950 4.696989
v 0.389732 -3.539950 4.696989
v 1.149650 -3.546569 4.708539
v 1.149650 -2.803482 4.509429
v 0.380350 -2.803482 4.509429
v 0.380350 -3.546569 4.708539
v 1.149650 -3.546180 4.709988
v 1.149650 -2.803093 4.510878
v 0.380350 -2.803093 4.510878
v 0.380350 -3.546180 4.709988
v 0.370969 -2.814988 4.502736
v -0.379568 -2.814988 4.502736
v 0.370969 -3.539950 4.696989
v -0.379568 -3.539950 4.696989
v 0.380350 -3.546569 4.708539
v 0.380350 -2.803482 4.509429
v -0.388950 -2.803482 4.509429
v -0.388950 -3.546569 4.708539
v 0.380350 -3.546180 4.709988
v 0.380350 -2.803093 4.510878
v -0.388950 -2.803093 4.510878
v -0.388950 -3.546180 4.709988
v -0.398331 -2.814988 4.502736
v -1.148868 -2.814988 4.502736
v -0.398331 -3.539950 4.696989
v -1.148868 -3.539950 4.696989
v -0.388950 -3.546569 4.708539
v -0.388950 -2.803482 4.509429
v -1.158250 -2.803482 4.509429
v -1.158250 -3.546569 4.708539
v -0.388950 -3.546180 4.709988
v -0.388950 -2.803093 4.510878
v -1.158250 -2.803093 4.510878
v -1.158250 -3.546180 4.709988
v 1.140474 -3.621120 4.573800
v 2.706284 -2.082034 4.161403
v 2.686789 0.075732 3.583231
v 1.093409 1.588187 3.177970
v -1.140474 1.569356 3.183015
v -2.706283 0.030270 3.595412
v -2.686788 -2.127495 4.173584
v -1.093409 -3.639951 4.578846
vn -0.9654 0.2609 -0.0000
vn -0.0000 0.2609 -0.9654
vn 0.9654 0.2609 -0.0000
vn -0.0000 0.2609 0.9654
vn -0.0000 -1.0000 -0.0000
vn -0.0000 1.0000 -0.0000
vn 0.9659 0.2588 -0.0000
vn 0.1846 -0.6889 0.7009
vn -0.7241 0.4976 0.4776
vn -0.6036 0.7122 0.3583
vn -0.7602 0.6324 0.1488
vn -0.9943 0.0898 0.0580
vn -0.9884 -0.1375 0.0639
vn -0.9631 0.0252 0.2681
vn -0.9464 0.2487 0.2059
vn -0.6718 0.3023 0.6763
vn -0.9576 -0.0471 0.2843
vn -0.9674 -0.2159 0.1322
vn -0.8932 -0.2354 0.3831
vn -0.5860 -0.0176 0.8101
vn -0.4740 0.2287 0.8503
vn -0.8719 -0.0292 0.4887
vn -0.5127 -0.2914 0.8076
vn -0.8902 -0.2986 0.3441
vn -0.9401 -0.3180 0.1231
vn -0.8228 -0.4981 0.2736
vn -0.4275 -0.6090 0.6681
vn -0.2924 -0.4493 0.8442
vn -0.7676 -0.4189 0.4852
vn -0.3762 -0.8009 0.4659
vn -0.8316 -0.5172 0.2023
vn -0.9224 -0.3840 0.0419
vn -0.7931 -0.6091 0.0038
vn -0.3415 -0.9302 0.1346
vn -0.1650 -0.9245 0.3435
vn -0.6944 -0.6920 0.1975
vn -0.3422 -0.9278 -0.1487
vn -0.8162 -0.5749 -0.0580
vn -0.9247 -0.3752 -0.0639
vn -0.8214 -0.5033 -0.2682
vn -0.3783 -0.7930 -0.4776
vn -0.1666 -0.9186 -0.3583
vn -0.6953 -0.6886 -0.2059
vn -0.4306 -0.5977 -0.6763
vn -0.8528 -0.4380 -0.2843
vn -0.9458 -0.2968 -0.1322
vn -0.8913 -0.2428 -0.3830
vn -0.5163 -0.2777 -0.8101
vn -0.2962 -0.4350 -0.8503
vn -0.7698 -0.4107 -0.4887
vn -0.5897 -0.0040 -0.8076
vn -0.9202 -0.1865 -0.3441
vn -0.9731 -0.1946 -0.1231
vn -0.9616 0.0199 -0.2736
vn -0.6748 0.3137 -0.6680
vn -0.4778 0.2429 -0.8442
vn -0.8741 -0.0210 -0.4852
vn -0.7262 0.5055 -0.4659
vn -0.9788 0.0321 -0.2023
vn -0.9908 -0.1286 -0.0419
vn -0.9914 0.1309 -0.0039
vn -0.7608 0.6348 -0.1346
vn -0.6052 0.7181 -0.3436
vn -0.9473 0.2521 -0.1974
vn 0.4306 0.5977 0.6762
vn 0.2962 0.4350 0.8503
vn 0.5163 0.2778 0.8101
vn 0.8918 0.2928 0.3450
vn 0.9406 0.3159 0.1242
vn 0.8241 0.4934 0.2782
vn 0.7697 0.4107 0.4887
vn 0.5846 0.6767 0.4476
vn 0.8438 0.4917 0.2149
vn 0.9170 0.3945 0.0582
vn 0.8241 0.5653 0.0353
vn 0.5410 0.8395 0.0504
vn 0.5093 0.8144 0.2780
vn 0.7696 0.6161 0.1681
vn 0.7277 0.1428 0.6709
vn 0.7508 -0.0866 0.6549
vn 0.8305 -0.2408 0.5023
vn 0.9658 0.0363 0.2565
vn 0.9693 0.1995 0.1437
vn 0.9194 0.2098 0.3328
vn 0.9155 0.0713 0.3959
vn 0.7262 -0.5055 0.4659
vn 0.6052 -0.7181 0.3436
vn 0.7608 -0.6348 0.1346
vn 0.9945 -0.0907 0.0520
vn 0.9887 0.1364 0.0617
vn 0.9643 -0.0296 0.2633
vn 0.9473 -0.2521 0.1975
vn 0.7602 -0.6324 -0.1487
vn 0.6036 -0.7122 -0.3584
vn 0.7241 -0.4976 -0.4776
vn 0.9779 -0.0286 -0.2072
vn 0.9906 0.1294 -0.0441
vn 0.9914 -0.1308 -0.0105
vn 0.9464 -0.2487 -0.2060
vn 0.6718 -0.3023 -0.6763
vn 0.4740 -0.2287 -0.8503
vn 0.5860 0.0176 -0.8101
vn 0.9187 0.1923 -0.3451
vn 0.9726 0.1967 -0.1242
vn 0.9604 -0.0153 -0.2782
vn 0.8720 0.0292 -0.4887
vn 0.5127 0.2914 -0.8076
vn 0.2924 0.4493 -0.8442
vn 0.4275 0.6091 -0.6680
vn 0.8516 0.4427 -0.2807
vn 0.9452 0.2990 -0.1314
vn 0.8895 0.2492 -0.3829
vn 0.7675 0.4189 -0.4852
vn 0.3762 0.8009 -0.4659
vn 0.1650 0.9245 -0.3436
vn 0.3415 0.9302 -0.1346
vn 0.8159 0.5759 -0.0520
vn 0.9245 0.3762 -0.0617
vn 0.8203 0.5078 -0.2633
vn 0.6944 0.6920 -0.1975
vn -0.7829 0.3280 0.5286
vn -0.9737 -0.0314 0.2256
vn -0.9792 -0.1897 0.0714
vn -0.6468 -0.1800 0.7411
vn -0.9156 -0.2482 0.3162
vn -0.9608 -0.2584 0.1001
vn -0.5117 -0.6844 0.5194
vn -0.8580 -0.4634 0.2216
vn -0.9426 -0.3265 0.0702
vn -0.4567 -0.8896 -0.0065
vn -0.8345 -0.5510 -0.0028
vn -0.9352 -0.3542 -0.0009
vn -0.5140 -0.6755 -0.5287
vn -0.8590 -0.4596 -0.2255
vn -0.9429 -0.3253 -0.0714
vn -0.6502 -0.1675 -0.7411
vn -0.9171 -0.2429 -0.3162
vn -0.9613 -0.2567 -0.1001
vn -0.7853 0.3369 -0.5195
vn -0.9747 -0.0277 -0.2216
vn -0.9796 -0.1885 -0.0702
vn -0.8403 0.5421 0.0065
vn -0.9982 0.0599 0.0028
vn -0.9870 -0.1608 0.0009
vn 0.9429 0.3253 0.0714
vn 0.8590 0.4598 0.2252
vn 0.5145 0.6760 0.5276
vn 0.9614 0.2567 0.0994
vn 0.9171 0.2425 0.3164
vn 0.7232 0.1878 0.6646
vn 0.9796 0.1885 0.0702
vn 0.9747 0.0280 0.2217
vn 0.7856 -0.3357 0.5198
vn 0.9870 0.1608 -0.0009
vn 0.9982 -0.0599 -0.0028
vn 0.8403 -0.5421 -0.0065
vn 0.9792 0.1897 -0.0714
vn 0.9737 0.0314 -0.2255
vn 0.7829 -0.3280 -0.5286
vn 0.9608 0.2584 -0.1001
vn 0.9156 0.2482 -0.3163
vn 0.6468 0.1800 -0.7411
vn 0.9426 0.3265 -0.0702
vn 0.8580 0.4634 -0.2216
vn 0.5117 0.6844 -0.5195
vn 0.9354 0.3536 0.0009
vn 0.8344 0.5511 0.0031
vn 0.5498 0.8353 0.0058
vn 0.9821 0.1886 -0.0000
vn -0.6461 -0.4270 -0.6326
vn -0.0000 -0.0000 1.0000
vn -0.9837 -0.0000 -0.1800
vn -0.9912 0.1325 -0.0000
vn -0.9659 -0.2588 -0.0001
vn 0.1181 0.2680 0.9562
vn -0.9659 -0.2588 -0.0000
vn 0.2589 -0.9659 -0.0000
vn -0.8644 0.5028 -0.0000
vn -0.4972 -0.8677 -0.0000
vn -0.6808 -0.1824 -0.7094
vn -0.6808 -0.1824 0.7094
vn -0.0000 -0.0000 -1.0000
vn -0.2588 0.9659 -0.0000
vn 0.2588 -0.9659 -0.0000
vn -0.4971 -0.8677 -0.0000
vn 0.2587 -0.9659 -0.0000
vn -0.6807 -0.1824 0.7094
vn -0.0000 -0.0001 -1.0000
vn -0.2589 0.9659 -0.0000
vn 0.2586 -0.9660 -0.0000
vn -0.4972 -0.8676 -0.0000
vn -0.0000 0.0001 -1.0000
vn -0.0000 -0.0001 1.0000
vn -0.8644 0.5029 -0.0000
vn 0.2587 -0.9660 -0.0000
vn -0.0000 0.0001 1.0000
vn -0.6807 -0.1824 -0.7095
vn -0.2587 0.9659 -0.0000
vn 0.2591 -0.9658 -0.0000
vn 0.2590 -0.9659 -0.0000
vn -0.2586 0.9660 -0.0000
vn -0.2587 0.9660 -0.0000
vn -0.2588 0.9659 0.0087
vn 0.0023 -0.0084 1.0000
vn -0.1846 0.6889 -0.7009
vn -0.1814 0.6770 0.7133
vn -0.0023 0.0084 -1.0000
vn 0.1814 -0.6770 -0.7133
vn 0.2588 -0.9659 -0.0087
vn -0.9659 0.2588 -0.0000
vn -0.0023 -0.0084 -1.0000
vn 0.3783 -0.7930 0.4776
vn 0.1666 -0.9186 0.3583
vn 0.3421 -0.9278 0.1487
vn 0.8162 -0.5749 0.0580
vn 0.9247 -0.3752 0.0639
vn 0.8215 -0.5033 0.2681
vn 0.6953 -0.6886 0.2059
vn 0.4306 -0.5977 0.6762
vn 0.8528 -0.4380 0.2843
vn 0.9458 -0.2967 0.1322
vn 0.8913 -0.2428 0.3831
vn 0.5163 -0.2777 0.8101
vn 0.2962 -0.4350 0.8503
vn 0.7697 -0.4107 0.4887
vn 0.5897 -0.0040 0.8076
vn 0.9202 -0.1865 0.3441
vn 0.9731 -0.1946 0.1231
vn 0.9616 0.0199 0.2736
vn 0.6748 0.3137 0.6680
vn 0.4778 0.2429 0.8442
vn 0.8742 -0.0210 0.4852
vn 0.7262 0.5055 0.4659
vn 0.9788 0.0321 0.2023
vn 0.9908 -0.1286 0.0419
vn 0.9914 0.1309 0.0038
vn 0.7608 0.6348 0.1346
vn 0.6052 0.7181 0.3436
vn 0.9473 0.2521 0.1974
vn 0.7602 0.6324 -0.1487
vn 0.9943 0.0898 -0.0580
vn 0.9884 -0.1375 -0.0639
vn 0.9631 0.0252 -0.2681
vn 0.7241 0.4976 -0.4776
vn 0.6036 0.7122 -0.3583
vn 0.9464 0.2487 -0.2059
vn 0.6718 0.3023 -0.6762
vn 0.9576 -0.0471 -0.2843
vn 0.9674 -0.2159 -0.1322
vn 0.8932 -0.2354 -0.3830
vn 0.5860 -0.0176 -0.8101
vn 0.4740 0.2286 -0.8503
vn 0.8720 -0.0292 -0.4887
vn 0.5127 -0.2914 -0.8076
vn 0.8902 -0.2986 -0.3441
vn 0.9401 -0.3180 -0.1231
vn 0.8229 -0.4980 -0.2736
vn 0.4275 -0.6090 -0.6681
vn 0.2923 -0.4493 -0.8442
vn 0.7676 -0.4189 -0.4852
vn 0.3762 -0.8009 -0.4659
vn 0.8316 -0.5172 -0.2023
vn 0.9224 -0.3840 -0.0419
vn 0.7931 -0.6091 -0.0038
vn 0.3415 -0.9302 -0.1346
vn 0.1650 -0.9245 -0.3435
vn 0.6944 -0.6920 -0.1975
vn -0.6718 -0.3023 0.6763
vn -0.4740 -0.2287 0.8503
vn -0.5860 0.0176 0.8101
vn -0.9187 0.1924 0.3450
vn -0.9726 0.1967 0.1241
vn -0.9604 -0.0153 0.2782
vn -0.8720 0.0292 0.4887
vn -0.8446 -0.2937 0.4476
vn -0.9766 -0.0039 0.2149
vn -0.9914 0.1169 0.0582
vn -0.9964 -0.0775 0.0352
vn -0.8883 -0.4566 0.0504
vn -0.8483 -0.4507 0.2780
vn -0.9745 -0.1487 0.1681
vn -0.7016 0.2402 0.6709
vn -0.6069 0.4504 0.6548
vn -0.5988 0.6238 0.5023
vn -0.8546 0.4515 0.2565
vn -0.9392 0.3119 0.1437
vn -0.9011 0.2780 0.3328
vn -0.8285 0.3960 0.3959
vn -0.3762 0.8009 0.4659
vn -0.1650 0.9245 0.3436
vn -0.3415 0.9302 0.1346
vn -0.8159 0.5759 0.0520
vn -0.9245 0.3762 0.0617
vn -0.8203 0.5078 0.2633
vn -0.6944 0.6920 0.1975
vn -0.3422 0.9278 -0.1487
vn -0.1666 0.9186 -0.3583
vn -0.3783 0.7929 -0.4777
vn -0.8325 0.5137 -0.2072
vn -0.9226 0.3833 -0.0442
vn -0.7931 0.6089 -0.0105
vn -0.6953 0.6886 -0.2060
vn -0.4306 0.5977 -0.6763
vn -0.2962 0.4350 -0.8503
vn -0.5163 0.2777 -0.8101
vn -0.8917 0.2928 -0.3451
vn -0.9406 0.3159 -0.1242
vn -0.8241 0.4934 -0.2782
vn -0.7697 0.4107 -0.4887
vn -0.5897 0.0040 -0.8076
vn -0.4778 -0.2429 -0.8442
vn -0.6748 -0.3137 -0.6680
vn -0.9588 0.0424 -0.2807
vn -0.9680 0.2137 -0.1314
vn -0.8950 0.2289 -0.3829
vn -0.8741 0.0210 -0.4852
vn -0.7262 -0.5055 -0.4659
vn -0.6051 -0.7182 -0.3435
vn -0.7608 -0.6348 -0.1346
vn -0.9945 -0.0908 -0.0520
vn -0.9887 0.1364 -0.0617
vn -0.9643 -0.0296 -0.2633
vn -0.9473 -0.2521 -0.1974
vn 0.5140 -0.6755 0.5286
vn 0.8590 -0.4596 0.2255
vn 0.9429 -0.3253 0.0714
vn 0.6502 -0.1675 0.7411
vn 0.9171 -0.2429 0.3162
vn 0.9613 -0.2567 0.1002
vn 0.7853 0.3368 0.5195
vn 0.9747 -0.0277 0.2217
vn 0.9796 -0.1885 0.0702
vn 0.8403 0.5421 -0.0065
vn 0.9982 0.0599 -0.0028
vn 0.9870 -0.1608 -0.0009
vn 0.7829 0.3280 -0.5286
vn 0.9737 -0.0314 -0.2256
vn 0.9792 -0.1897 -0.0714
vn 0.6468 -0.1800 -0.7411
vn 0.9157 -0.2482 -0.3162
vn 0.9608 -0.2584 -0.1001
vn 0.5116 -0.6844 -0.5195
vn 0.8580 -0.4634 -0.2217
vn 0.9426 -0.3265 -0.0702
vn 0.4566 -0.8896 0.0065
vn 0.8345 -0.5510 0.0028
vn 0.9352 -0.3542 0.0009
vn -0.9792 0.1897 0.0714
vn -0.9738 0.0314 0.2252
vn -0.7836 -0.3282 0.5276
vn -0.9609 0.2584 0.0994
vn -0.9155 0.2485 0.3164
vn -0.7203 0.1990 0.6645
vn -0.9426 0.3265 0.0702
vn -0.8581 0.4631 0.2218
vn -0.5125 0.6835 0.5198
vn -0.9352 0.3542 -0.0009
vn -0.8345 0.5510 -0.0028
vn -0.4567 0.8896 -0.0065
vn -0.9429 0.3253 -0.0714
vn -0.8590 0.4596 -0.2255
vn -0.5140 0.6755 -0.5286
vn -0.9613 0.2567 -0.1001
vn -0.9171 0.2429 -0.3162
vn -0.6501 0.1675 -0.7411
vn -0.9796 0.1885 -0.0702
vn -0.9747 0.0277 -0.2216
vn -0.7853 -0.3368 -0.5195
vn -0.9869 0.1615 0.0009
vn -0.9982 -0.0601 0.0031
vn -0.8938 -0.4485 0.0058
vn 0.9912 0.1325 -0.0000
vn 0.5801 -0.2694 0.7688
vn -0.1878 -0.0000 0.9822
vn 0.9926 -0.0000 -0.1217
vn 0.9833 0.1822 -0.0000
vn 0.9659 -0.2588 -0.0000
vn -0.3329 -0.0000 0.9430
vn 0.9659 -0.2588 -0.0001
vn 0.2586 0.9660 -0.0000
vn 0.4971 -0.8677 -0.0000
vn 0.8644 0.5028 -0.0000
vn 0.6807 -0.1824 -0.7095
vn 0.6808 -0.1824 0.7094
vn -0.2590 -0.9659 -0.0000
vn 0.2589 0.9659 -0.0000
vn 0.8644 0.5029 -0.0000
vn 0.6808 -0.1824 -0.7094
vn 0.4972 -0.8677 -0.0000
vn -0.2591 -0.9658 -0.0000
vn -0.2589 -0.9659 -0.0000
vn 0.2587 0.9659 -0.0000
vn -0.2588 -0.9659 -0.0000
vn 0.2588 0.9659 -0.0000
vn -0.2586 -0.9660 -0.0000
vn -0.2587 -0.9659 -0.0000
vn 0.4972 -0.8676 -0.0000
vn 0.6807 -0.1824 -0.7094
vn 0.1814 0.6770 -0.7132
vn 0.2588 0.9659 -0.0087
vn 0.1846 0.6889 0.7009
vn -0.2588 -0.9659 0.0087
vn 0.0023 0.0084 1.0000
vn -0.1846 -0.6889 -0.7009
vn -0.1814 -0.6770 0.7132
vn -0.0000 0.2588 -0.9659
vn 0.7009 -0.6889 -0.1846
vn 0.4776 0.4976 0.7241
vn 0.3583 0.7122 0.6036
vn 0.1487 0.6324 0.7602
vn 0.0580 0.0898 0.9943
vn 0.0639 -0.1375 0.9884
vn 0.2681 0.0252 0.9631
vn 0.2059 0.2487 0.9464
vn 0.6762 0.3023 0.6718
vn 0.2843 -0.0471 0.9576
vn 0.1322 -0.2159 0.9674
vn 0.3830 -0.2354 0.8933
vn 0.8101 -0.0177 0.5860
vn 0.8503 0.2286 0.4740
vn 0.4887 -0.0292 0.8720
vn 0.8076 -0.2914 0.5127
vn 0.3441 -0.2985 0.8902
vn 0.1231 -0.3180 0.9401
vn 0.2736 -0.4981 0.8228
vn 0.6680 -0.6091 0.4275
vn 0.8442 -0.4493 0.2924
vn 0.4852 -0.4189 0.7675
vn 0.4659 -0.8009 0.3762
vn 0.2023 -0.5172 0.8316
vn 0.0419 -0.3840 0.9224
vn 0.0038 -0.6091 0.7931
vn 0.1346 -0.9302 0.3415
vn 0.3435 -0.9245 0.1650
vn 0.1975 -0.6920 0.6944
vn -0.1488 -0.9278 0.3422
vn -0.0580 -0.5749 0.8162
vn -0.0638 -0.3752 0.9248
vn -0.2681 -0.5033 0.8214
vn -0.4776 -0.7930 0.3783
vn -0.3584 -0.9186 0.1666
vn -0.2060 -0.6886 0.6953
vn -0.6763 -0.5977 0.4306
vn -0.2843 -0.4380 0.8528
vn -0.1322 -0.2968 0.9458
vn -0.3830 -0.2428 0.8912
vn -0.8101 -0.2777 0.5163
vn -0.8503 -0.4350 0.2962
vn -0.4887 -0.4106 0.7698
vn -0.8076 -0.0040 0.5897
vn -0.3441 -0.1865 0.9202
vn -0.1231 -0.1947 0.9731
vn -0.2736 0.0199 0.9617
vn -0.6680 0.3137 0.6748
vn -0.8442 0.2430 0.4778
vn -0.4852 -0.0210 0.8741
vn -0.4659 0.5055 0.7262
vn -0.2023 0.0321 0.9788
vn -0.0419 -0.1286 0.9908
vn -0.0038 0.1309 0.9914
vn -0.1346 0.6348 0.7608
vn -0.3435 0.7181 0.6052
vn -0.1974 0.2521 0.9473
vn 0.6762 0.5977 -0.4306
vn 0.8503 0.4350 -0.2962
vn 0.8101 0.2777 -0.5163
vn 0.3451 0.2927 -0.8918
vn 0.1242 0.3159 -0.9406
vn 0.2782 0.4934 -0.8241
vn 0.4887 0.4107 -0.7697
vn 0.4476 0.6767 -0.5846
vn 0.2149 0.4917 -0.8438
vn 0.0582 0.3945 -0.9170
vn 0.0353 0.5653 -0.8241
vn 0.0504 0.8395 -0.5410
vn 0.2780 0.8144 -0.5093
vn 0.1681 0.6161 -0.7696
vn 0.6709 0.1428 -0.7277
vn 0.6549 -0.0866 -0.7508
vn 0.5023 -0.2408 -0.8305
vn 0.2565 0.0363 -0.9658
vn 0.1437 0.1995 -0.9693
vn 0.3328 0.2098 -0.9194
vn 0.3959 0.0714 -0.9155
vn 0.4659 -0.5055 -0.7262
vn 0.3435 -0.7182 -0.6052
vn 0.1346 -0.6348 -0.7609
vn 0.0520 -0.0907 -0.9945
vn 0.0617 0.1364 -0.9887
vn 0.2633 -0.0296 -0.9643
vn 0.1975 -0.2521 -0.9473
vn -0.1487 -0.6324 -0.7602
vn -0.3583 -0.7122 -0.6036
vn -0.4776 -0.4976 -0.7241
vn -0.2072 -0.0287 -0.9779
vn -0.0442 0.1293 -0.9906
vn -0.0105 -0.1308 -0.9914
vn -0.2060 -0.2487 -0.9464
vn -0.6763 -0.3023 -0.6718
vn -0.8503 -0.2286 -0.4740
vn -0.8101 0.0176 -0.5860
vn -0.3451 0.1923 -0.9187
vn -0.1242 0.1967 -0.9726
vn -0.2782 -0.0153 -0.9604
vn -0.4887 0.0292 -0.8720
vn -0.8076 0.2914 -0.5127
vn -0.8442 0.4493 -0.2923
vn -0.6680 0.6090 -0.4276
vn -0.2807 0.4427 -0.8516
vn -0.1314 0.2990 -0.9452
vn -0.3829 0.2493 -0.8895
vn -0.4852 0.4189 -0.7676
vn -0.4659 0.8009 -0.3762
vn -0.3435 0.9245 -0.1650
vn -0.1346 0.9302 -0.3415
vn -0.0520 0.5759 -0.8159
vn -0.0617 0.3763 -0.9245
vn -0.2633 0.5078 -0.8203
vn -0.1974 0.6920 -0.6943
vn 0.5286 0.3280 0.7829
vn 0.2256 -0.0314 0.9737
vn 0.0714 -0.1897 0.9792
vn 0.7411 -0.1800 0.6468
vn 0.3162 -0.2482 0.9156
vn 0.1001 -0.2584 0.9608
vn 0.5195 -0.6844 0.5117
vn 0.2216 -0.4634 0.8580
vn 0.0702 -0.3265 0.9426
vn -0.0065 -0.8896 0.4567
vn -0.0028 -0.5510 0.8345
vn -0.0009 -0.3542 0.9352
vn -0.5286 -0.6755 0.5140
vn -0.2255 -0.4596 0.8590
vn -0.0714 -0.3253 0.9429
vn -0.7411 -0.1675 0.6501
vn -0.3162 -0.2429 0.9171
vn -0.1001 -0.2567 0.9613
vn -0.5195 0.3368 0.7853
vn -0.2216 -0.0277 0.9747
vn -0.0702 -0.1885 0.9796
vn 0.0065 0.5421 0.8403
vn 0.0028 0.0599 0.9982
vn 0.0009 -0.1608 0.9870
vn 0.0714 0.3253 -0.9429
vn 0.2252 0.4598 -0.8590
vn 0.5276 0.6760 -0.5145
vn 0.0994 0.2567 -0.9614
vn 0.3164 0.2425 -0.9171
vn 0.6645 0.1878 -0.7233
vn 0.0702 0.1885 -0.9796
vn 0.2218 0.0280 -0.9747
vn 0.5198 -0.3357 -0.7856
vn -0.0009 0.1608 -0.9870
vn -0.0028 -0.0599 -0.9982
vn -0.0065 -0.5421 -0.8403
vn -0.0714 0.1897 -0.9792
vn -0.2256 0.0315 -0.9737
vn -0.5286 -0.3280 -0.7829
vn -0.1001 0.2584 -0.9608
vn -0.3162 0.2482 -0.9156
vn -0.7411 0.1800 -0.6468
vn -0.0702 0.3265 -0.9426
vn -0.2217 0.4634 -0.8580
vn -0.5195 0.6844 -0.5116
vn 0.0009 0.3536 -0.9354
vn 0.0031 0.5511 -0.8344
vn 0.0058 0.8353 -0.5498
vn -0.3635 -0.8978 -0.2486
vn 0.0698 -0.6801 0.7298
vn -0.0000 0.9246 -0.3810
vn -0.0000 -0.2588 0.9659
vn 0.9932 -0.0000 0.1162
vn -0.0000 -0.2589 0.9659
vn -0.0000 -0.9659 -0.2588
vn -0.0000 0.5028 0.8644
vn -0.0000 -0.8677 0.4972
vn -0.7094 -0.1824 0.6808
vn 0.7094 -0.1824 0.6808
vn -1.0000 -0.0000 -0.0000
vn 1.0000 -0.0000 -0.0004
vn -0.0000 0.9659 0.2588
vn 1.0000 -0.0000 0.0001
vn -0.0000 0.5029 0.8644
vn 1.0000 -0.0000 -0.0000
vn -0.0000 0.9659 0.2589
vn -0.0000 -0.8677 0.4971
vn 1.0000 -0.0000 -0.0001
vn -1.0000 -0.0000 0.0001
vn -0.0000 -0.9659 -0.2589
vn 1.0000 -0.0000 -0.0002
vn -0.0000 -0.8676 0.4972
vn -0.0000 -0.9659 -0.2590
vn -1.0000 -0.0000 -0.0001
vn 1.0000 -0.0000 -0.0003
vn 0.7094 -0.1824 0.6807
vn -0.0000 0.5029 0.8643
vn -0.0000 0.9660 0.2587
vn -0.0000 0.9660 0.2586
vn -0.0000 -0.9660 -0.2587
vn -0.0000 -0.9660 -0.2586
vn 0.0087 0.9659 0.2588
vn 1.0000 -0.0084 -0.0023
vn -0.7009 0.6889 0.1846
vn 0.7132 0.6770 0.1814
vn -1.0000 0.0084 0.0023
vn -0.7132 -0.6770 -0.1814
vn -0.0087 -0.9659 -0.2588
vn -0.0000 0.2588 0.9659
vn -1.0000 -0.0084 0.0023
vn 0.4777 -0.7929 -0.3783
vn 0.3583 -0.9186 -0.1666
vn 0.1487 -0.9278 -0.3421
vn 0.0580 -0.5749 -0.8161
vn 0.0639 -0.3752 -0.9248
vn 0.2681 -0.5033 -0.8214
vn 0.2059 -0.6886 -0.6953
vn 0.6763 -0.5977 -0.4306
vn 0.2843 -0.4380 -0.8528
vn 0.1322 -0.2967 -0.9458
vn 0.3830 -0.2427 -0.8913
vn 0.8101 -0.2777 -0.5163
vn 0.8503 -0.4350 -0.2962
vn 0.4887 -0.4107 -0.7697
vn 0.8076 -0.0040 -0.5897
vn 0.3441 -0.1866 -0.9202
vn 0.1231 -0.1946 -0.9731
vn 0.2736 0.0199 -0.9617
vn 0.6680 0.3137 -0.6748
vn 0.8442 0.2429 -0.4778
vn 0.4852 -0.0210 -0.8742
vn 0.4659 0.5056 -0.7262
vn 0.2023 0.0321 -0.9788
vn 0.0419 -0.1287 -0.9908
vn 0.0038 0.1309 -0.9914
vn 0.1346 0.6348 -0.7609
vn 0.3435 0.7181 -0.6052
vn 0.1975 0.2521 -0.9473
vn -0.1487 0.6324 -0.7602
vn -0.0580 0.0898 -0.9943
vn -0.0639 -0.1375 -0.9884
vn -0.2681 0.0251 -0.9631
vn -0.4776 0.4976 -0.7241
vn -0.3583 0.7122 -0.6036
vn -0.2059 0.2488 -0.9464
vn -0.6763 0.3023 -0.6718
vn -0.2843 -0.0471 -0.9576
vn -0.1322 -0.2159 -0.9674
vn -0.3830 -0.2354 -0.8932
vn -0.8101 -0.0176 -0.5860
vn -0.8503 0.2287 -0.4740
vn -0.4887 -0.0292 -0.8720
vn -0.8076 -0.2914 -0.5127
vn -0.3441 -0.2985 -0.8902
vn -0.1231 -0.3180 -0.9401
vn -0.2736 -0.4981 -0.8229
vn -0.6680 -0.6091 -0.4275
vn -0.8442 -0.4493 -0.2923
vn -0.4852 -0.4189 -0.7675
vn -0.4659 -0.8009 -0.3762
vn -0.2023 -0.5172 -0.8316
vn -0.0419 -0.3840 -0.9224
vn -0.0039 -0.6091 -0.7931
vn -0.1346 -0.9302 -0.3415
vn -0.3435 -0.9245 -0.1650
vn -0.1974 -0.6920 -0.6944
vn 0.6763 -0.3024 0.6717
vn 0.8503 -0.2286 0.4740
vn 0.8101 0.0177 0.5860
vn 0.3451 0.1924 0.9187
vn 0.1242 0.1967 0.9726
vn 0.2782 -0.0153 0.9604
vn 0.4887 0.0292 0.8720
vn 0.4476 -0.2937 0.8446
vn 0.2149 -0.0039 0.9766
vn 0.0582 0.1168 0.9914
vn 0.0353 -0.0775 0.9964
vn 0.0504 -0.4565 0.8883
vn 0.2780 -0.4507 0.8483
vn 0.1681 -0.1487 0.9745
vn 0.6709 0.2402 0.7016
vn 0.6549 0.4504 0.6069
vn 0.5023 0.6238 0.5988
vn 0.2565 0.4515 0.8546
vn 0.1437 0.3119 0.9392
vn 0.3328 0.2780 0.9011
vn 0.3959 0.3960 0.8285
vn 0.4659 0.8009 0.3762
vn 0.3435 0.9245 0.1650
vn 0.1346 0.9302 0.3415
vn 0.0520 0.5759 0.8159
vn 0.0617 0.3762 0.9245
vn 0.2633 0.5078 0.8203
vn 0.1975 0.6920 0.6944
vn -0.1487 0.9278 0.3422
vn -0.3583 0.9186 0.1666
vn -0.4776 0.7930 0.3783
vn -0.2072 0.5137 0.8325
vn -0.0442 0.3833 0.9226
vn -0.0105 0.6090 0.7931
vn -0.2060 0.6886 0.6953
vn -0.6763 0.5977 0.4306
vn -0.8503 0.4350 0.2962
vn -0.8101 0.2777 0.5163
vn -0.3451 0.2928 0.8918
vn -0.1242 0.3159 0.9406
vn -0.2782 0.4934 0.8241
vn -0.4887 0.4107 0.7698
vn -0.8076 0.0040 0.5897
vn -0.8442 -0.2430 0.4778
vn -0.6680 -0.3137 0.6748
vn -0.2808 0.0424 0.9588
vn -0.1314 0.2137 0.9680
vn -0.3829 0.2289 0.8950
vn -0.4852 0.0210 0.8742
vn -0.4659 -0.5055 0.7262
vn -0.3435 -0.7182 0.6052
vn -0.1346 -0.6348 0.7608
vn -0.0520 -0.0908 0.9945
vn -0.0617 0.1364 0.9887
vn -0.2633 -0.0296 0.9643
vn -0.1974 -0.2522 0.9473
vn 0.5286 -0.6755 -0.5140
vn 0.2256 -0.4596 -0.8590
vn 0.0714 -0.3253 -0.9429
vn 0.7411 -0.1675 -0.6501
vn 0.3162 -0.2429 -0.9171
vn 0.1001 -0.2567 -0.9613
vn 0.5195 0.3368 -0.7853
vn 0.2216 -0.0277 -0.9747
vn 0.0702 -0.1885 -0.9796
vn -0.0065 0.5421 -0.8403
vn -0.0028 0.0599 -0.9982
vn -0.0009 -0.1608 -0.9870
vn -0.5286 0.3280 -0.7829
vn -0.2256 -0.0314 -0.9737
vn -0.0714 -0.1897 -0.9792
vn -0.7411 -0.1800 -0.6468
vn -0.3162 -0.2482 -0.9156
vn -0.1001 -0.2584 -0.9608
vn -0.5195 -0.6844 -0.5117
vn -0.2217 -0.4634 -0.8580
vn -0.0702 -0.3265 -0.9426
vn 0.0065 -0.8896 -0.4567
vn 0.0028 -0.5510 -0.8345
vn 0.0009 -0.3542 -0.9352
vn 0.0714 0.1897 0.9792
vn 0.2252 0.0314 0.9738
vn 0.5276 -0.3282 0.7835
vn 0.0994 0.2584 0.9609
vn 0.3164 0.2485 0.9155
vn 0.6645 0.1990 0.7203
vn 0.0702 0.3265 0.9426
vn 0.2218 0.4631 0.8581
vn 0.5198 0.6835 0.5125
vn -0.0009 0.3543 0.9351
vn -0.0028 0.5510 0.8345
vn -0.0065 0.8896 0.4567
vn -0.0714 0.3253 0.9429
vn -0.2255 0.4596 0.8590
vn -0.5286 0.6755 0.5140
vn -0.1001 0.2567 0.9613
vn -0.3162 0.2429 0.9171
vn -0.7411 0.1675 0.6501
vn -0.0702 0.1885 0.9796
vn -0.2216 0.0277 0.9747
vn -0.5195 -0.3368 0.7853
vn 0.0009 0.1615 0.9869
vn 0.0031 -0.0601 0.9982
vn 0.0058 -0.4485 0.8938
vn -0.0000 0.9246 0.3810
vn 0.2494 -0.4260 -0.8697
vn 0.8325 -0.0000 -0.5540
vn -0.0186 0.8433 -0.5372
vn -0.0000 -0.2588 -0.9659
vn 0.9601 -0.0000 -0.2796
vn -0.0000 -0.2587 -0.9659
vn -0.0000 -0.2589 -0.9659
vn -0.0000 0.9660 -0.2586
vn -0.0000 -0.8676 -0.4972
vn -0.0000 0.5029 -0.8644
vn -0.7094 -0.1824 -0.6808
vn 0.7094 -0.1824 -0.6808
vn -0.0000 -0.9659 0.2590
vn -0.0000 0.9659 -0.2588
vn -0.0000 0.5028 -0.8644
vn -0.7094 -0.1824 -0.6807
vn -0.0000 0.9659 -0.2589
vn -0.0000 -0.8677 -0.4972
vn -0.0000 -0.9659 0.2591
vn -0.0000 0.5029 -0.8643
vn -1.0000 -0.0000 -0.0002
vn -0.0000 0.9660 -0.2587
vn -0.0000 -0.8677 -0.4971
vn -0.0000 -0.9660 0.2587
vn 0.7094 -0.1824 -0.6807
vn -0.0000 -0.9660 0.2586
vn -0.0000 -0.9659 0.2588
vn -0.0000 -0.9659 0.2589
vn -0.0000 0.9659 -0.2590
vn -0.7133 0.6770 -0.1814
vn -0.0087 0.9659 -0.2588
vn 0.7009 0.6889 -0.1846
vn 0.0087 -0.9659 0.2588
vn 1.0000 0.0084 -0.0023
vn -0.7009 -0.6889 0.1846
vn 0.7133 -0.6770 0.1814
vn -0.6763 0.5194 0.5223
vn -0.7201 0.6827 0.1240
vn -0.9914 0.1308 0.0105
vn -0.9906 -0.1294 0.0442
vn -0.9779 0.0286 0.2072
vn -0.6333 0.3587 0.6858
vn -0.9604 0.0153 0.2782
vn -0.9726 -0.1967 0.1241
vn -0.9187 -0.1923 0.3451
vn -0.5294 -0.0288 0.8479
vn -0.4740 0.2286 0.8503
vn -0.4691 -0.2541 0.8458
vn -0.8895 -0.2492 0.3829
vn -0.9452 -0.2990 0.1314
vn -0.8516 -0.4427 0.2808
vn -0.3660 -0.6388 0.6768
vn -0.3237 -0.7967 0.5104
vn -0.8202 -0.5078 0.2633
vn -0.9245 -0.3763 0.0617
vn -0.8159 -0.5758 0.0520
vn -0.2817 -0.9533 0.1092
vn -0.2823 -0.9513 -0.1240
vn -0.7932 -0.6089 -0.0105
vn -0.9226 -0.3833 -0.0441
vn -0.8325 -0.5137 -0.2072
vn -0.3260 -0.7880 -0.5223
vn -0.1666 -0.9186 -0.3584
vn -0.3691 -0.6273 -0.6857
vn -0.8241 -0.4934 -0.2782
vn -0.9406 -0.3159 -0.1242
vn -0.8917 -0.2927 -0.3451
vn -0.4729 -0.2398 -0.8479
vn -0.5333 -0.0145 -0.8458
vn -0.8950 -0.2289 -0.3829
vn -0.9680 -0.2137 -0.1314
vn -0.9589 -0.0424 -0.2807
vn -0.6363 0.3702 -0.6768
vn -0.4779 0.2429 -0.8442
vn -0.6787 0.5281 -0.5104
vn -0.9643 0.0296 -0.2633
vn -0.9887 -0.1364 -0.0617
vn -0.9945 0.0908 -0.0520
vn -0.7206 0.6847 -0.1092
vn -0.6052 0.7182 -0.3435
vn 0.3690 0.6273 0.6858
vn 0.4729 0.2398 0.8479
vn 0.8912 0.2428 0.3831
vn 0.9458 0.2968 0.1322
vn 0.8528 0.4380 0.2843
vn 0.5957 0.6755 0.4346
vn 0.9176 0.3926 0.0629
vn 0.5541 0.8305 0.0566
vn 0.7392 0.1395 0.6588
vn 0.8371 -0.2256 0.4983
vn 0.9658 0.0363 0.2566
vn 0.9705 0.1949 0.1417
vn 0.6786 -0.5281 0.5104
vn 0.7206 -0.6847 0.1092
vn 0.9914 -0.1309 0.0038
vn 0.9908 0.1286 0.0419
vn 0.9788 -0.0321 0.2023
vn 0.7201 -0.6827 -0.1240
vn 0.6036 -0.7122 -0.3583
vn 0.6763 -0.5194 -0.5223
vn 0.9631 -0.0252 -0.2681
vn 0.9884 0.1374 -0.0639
vn 0.9943 -0.0898 -0.0580
vn 0.6333 -0.3587 -0.6858
vn 0.4740 -0.2286 -0.8503
vn 0.5295 0.0288 -0.8479
vn 0.8933 0.2354 -0.3830
vn 0.9674 0.2159 -0.1322
vn 0.9576 0.0471 -0.2843
vn 0.4691 0.2541 -0.8458
vn 0.3660 0.6388 -0.6768
vn 0.8228 0.4981 -0.2736
vn 0.9401 0.3180 -0.1231
vn 0.8902 0.2986 -0.3441
vn 0.3237 0.7967 -0.5104
vn 0.1650 0.9245 -0.3435
vn 0.2817 0.9533 -0.1092
vn 0.7931 0.6091 -0.0038
vn 0.9224 0.3840 -0.0419
vn 0.8316 0.5172 -0.2023
vn -0.9737 -0.0314 0.2255
vn -0.5116 -0.6844 0.5195
vn -0.5140 -0.6755 -0.5286
vn -0.8590 -0.4596 -0.2256
vn -0.9747 -0.0277 -0.2217
vn 0.9431 0.3248 0.0709
vn 0.8588 0.4600 0.2255
vn 0.6012 0.6433 0.4740
vn 0.9613 0.2567 0.1001
vn 0.9172 0.2426 0.3160
vn 0.6509 0.1668 0.7406
vn 0.9795 0.1891 0.0697
vn 0.9747 0.0278 0.2220
vn 0.8445 -0.2644 0.4658
vn 0.9737 0.0314 -0.2256
vn 0.9608 0.2584 -0.1002
vn 0.9157 0.2482 -0.3162
vn 0.5116 0.6844 -0.5195
vn 0.9352 0.3542 0.0009
vn 0.8346 0.5508 0.0031
vn 0.4574 0.8893 0.0074
vn -0.0000 -0.0624 0.9981
vn -0.9659 -0.2588 0.0001
vn 0.3511 0.9363 -0.0000
vn -0.6807 -0.1824 -0.7094
vn -0.6807 -0.1824 0.7095
vn -0.2590 0.9659 -0.0000
vn 0.3260 -0.7880 0.5223
vn 0.2822 -0.9513 0.1240
vn 0.7932 -0.6089 0.0105
vn 0.9226 -0.3833 0.0442
vn 0.8326 -0.5137 0.2072
vn 0.3691 -0.6273 0.6858
vn 0.8241 -0.4934 0.2782
vn 0.9406 -0.3159 0.1241
vn 0.8918 -0.2928 0.3450
vn 0.4729 -0.2398 0.8479
vn 0.5333 -0.0145 0.8458
vn 0.8950 -0.2289 0.3829
vn 0.9680 -0.2137 0.1314
vn 0.9589 -0.0424 0.2807
vn 0.6363 0.3702 0.6768
vn 0.4779 0.2429 0.8442
vn 0.6787 0.5281 0.5104
vn 0.9643 0.0296 0.2633
vn 0.9887 -0.1364 0.0617
vn 0.9945 0.0907 0.0520
vn 0.7206 0.6847 0.1092
vn 0.6052 0.7182 0.3435
vn 0.7201 0.6827 -0.1240
vn 0.9914 0.1308 -0.0105
vn 0.9906 -0.1294 -0.0442
vn 0.9779 0.0286 -0.2072
vn 0.6763 0.5194 -0.5223
vn 0.6333 0.3587 -0.6858
vn 0.9604 0.0153 -0.2782
vn 0.9726 -0.1967 -0.1242
vn 0.9187 -0.1923 -0.3451
vn 0.5294 -0.0288 -0.8479
vn 0.4740 0.2287 -0.8503
vn 0.4691 -0.2541 -0.8458
vn 0.8895 -0.2493 -0.3829
vn 0.9452 -0.2990 -0.1314
vn 0.8516 -0.4427 -0.2807
vn 0.3659 -0.6388 -0.6768
vn 0.2924 -0.4493 -0.8442
vn 0.3237 -0.7967 -0.5104
vn 0.8203 -0.5078 -0.2633
vn 0.9245 -0.3763 -0.0617
vn 0.8159 -0.5759 -0.0520
vn 0.2817 -0.9533 -0.1092
vn -0.6333 -0.3587 0.6858
vn -0.4740 -0.2286 0.8503
vn -0.5294 0.0288 0.8479
vn -0.8932 0.2354 0.3831
vn -0.9674 0.2159 0.1322
vn -0.9576 0.0471 0.2843
vn -0.8536 -0.2872 0.4346
vn -0.9909 0.1188 0.0630
vn -0.9964 -0.0775 0.0353
vn -0.8951 -0.4422 0.0565
vn -0.8483 -0.4506 0.2780
vn -0.7100 0.2488 0.6588
vn -0.6069 0.4504 0.6549
vn -0.6121 0.6140 0.4983
vn -0.9379 0.3165 0.1417
vn -0.3237 0.7967 0.5104
vn -0.1650 0.9245 0.3435
vn -0.2817 0.9533 0.1092
vn -0.7931 0.6091 0.0038
vn -0.9224 0.3840 0.0419
vn -0.8316 0.5172 0.2023
vn -0.2823 0.9513 -0.1240
vn -0.3260 0.7880 -0.5223
vn -0.8214 0.5033 -0.2681
vn -0.9247 0.3752 -0.0639
vn -0.8162 0.5749 -0.0580
vn -0.3690 0.6273 -0.6858
vn -0.4729 0.2398 -0.8479
vn -0.8913 0.2428 -0.3830
vn -0.9458 0.2968 -0.1322
vn -0.8528 0.4380 -0.2843
vn -0.5333 0.0145 -0.8458
vn -0.4779 -0.2429 -0.8442
vn -0.6363 -0.3702 -0.6768
vn -0.9617 -0.0199 -0.2735
vn -0.9731 0.1946 -0.1231
vn -0.9202 0.1865 -0.3441
vn -0.6787 -0.5282 -0.5104
vn -0.6052 -0.7181 -0.3435
vn -0.7206 -0.6847 -0.1092
vn -0.9914 -0.1309 -0.0039
vn -0.9908 0.1286 -0.0419
vn -0.9788 -0.0321 -0.2023
vn 0.8590 -0.4596 0.2256
vn 0.6501 -0.1675 0.7411
vn 0.9613 -0.2567 0.1001
vn 0.7853 0.3369 0.5195
vn 0.9747 -0.0277 0.2216
vn 0.9737 -0.0314 -0.2255
vn 0.6467 -0.1800 -0.7412
vn 0.9156 -0.2482 -0.3162
vn 0.9608 -0.2584 -0.1002
vn 0.8580 -0.4634 -0.2216
vn 0.4567 -0.8896 0.0065
vn -0.9792 0.1902 0.0709
vn -0.9738 0.0311 0.2254
vn -0.8423 -0.2565 0.4740
vn -0.9608 0.2584 0.1001
vn -0.9156 0.2485 0.3160
vn -0.6471 0.1811 0.7406
vn -0.9428 0.3260 0.0697
vn -0.8580 0.4633 0.2220
vn -0.5991 0.6512 0.4658
vn -0.8590 0.4596 -0.2256
vn -0.7853 -0.3369 -0.5195
vn -0.9870 0.1608 0.0009
vn -0.9982 -0.0597 0.0031
vn -0.8407 -0.5415 0.0074
vn 0.9981 -0.0624 -0.0000
vn 0.9659 -0.2588 0.0001
vn 0.6807 -0.1824 0.7095
vn 0.2591 0.9659 -0.0000
vn -0.2587 -0.9660 -0.0000
vn 0.2591 0.9658 -0.0000
vn 0.1814 0.6770 -0.7133
vn 0.5223 0.5194 0.6763
vn 0.1240 0.6827 0.7201
vn 0.0105 0.1308 0.9914
vn 0.0442 -0.1294 0.9906
vn 0.2072 0.0286 0.9779
vn 0.6858 0.3587 0.6333
vn 0.2782 0.0153 0.9604
vn 0.1242 -0.1967 0.9726
vn 0.3451 -0.1924 0.9187
vn 0.8478 -0.0288 0.5295
vn 0.8503 0.2287 0.4740
vn 0.8458 -0.2541 0.4691
vn 0.3829 -0.2492 0.8895
vn 0.1314 -0.2990 0.9452
vn 0.2807 -0.4427 0.8516
vn 0.6768 -0.6387 0.3660
vn 0.8442 -0.4493 0.2923
vn 0.5104 -0.7967 0.3237
vn 0.2633 -0.5078 0.8202
vn 0.0617 -0.3763 0.9245
vn 0.0520 -0.5758 0.8159
vn 0.1093 -0.9533 0.2817
vn 0.3436 -0.9245 0.1650
vn -0.1240 -0.9513 0.2822
vn -0.0105 -0.6090 0.7931
vn -0.0442 -0.3833 0.9226
vn -0.2072 -0.5138 0.8325
vn -0.5223 -0.7880 0.3260
vn -0.3583 -0.9186 0.1666
vn -0.6858 -0.6273 0.3691
vn -0.2782 -0.4934 0.8241
vn -0.1242 -0.3159 0.9406
vn -0.3451 -0.2928 0.8918
vn -0.8478 -0.2398 0.4729
vn -0.8503 -0.4351 0.2962
vn -0.8458 -0.0145 0.5333
vn -0.3829 -0.2289 0.8950
vn -0.1314 -0.2137 0.9680
vn -0.2807 -0.0424 0.9589
vn -0.6768 0.3702 0.6363
vn -0.8442 0.2429 0.4778
vn -0.5104 0.5281 0.6787
vn -0.2633 0.0296 0.9643
vn -0.0617 -0.1364 0.9887
vn -0.0520 0.0908 0.9945
vn -0.1092 0.6847 0.7206
vn -0.3435 0.7182 0.6052
vn 0.6858 0.6273 -0.3690
vn 0.8478 0.2398 -0.4729
vn 0.3830 0.2428 -0.8913
vn 0.1322 0.2968 -0.9458
vn 0.2843 0.4380 -0.8529
vn 0.4346 0.6755 -0.5957
vn 0.0630 0.3926 -0.9176
vn 0.0566 0.8305 -0.5541
vn 0.6588 0.1395 -0.7393
vn 0.6548 -0.0866 -0.7508
vn 0.4983 -0.2256 -0.8371
vn 0.2566 0.0363 -0.9658
vn 0.1417 0.1949 -0.9705
vn 0.5104 -0.5281 -0.6787
vn 0.3436 -0.7181 -0.6052
vn 0.1092 -0.6847 -0.7206
vn 0.0039 -0.1309 -0.9914
vn 0.0419 0.1287 -0.9908
vn 0.2023 -0.0321 -0.9788
vn -0.1240 -0.6828 -0.7200
vn -0.3584 -0.7122 -0.6036
vn -0.5223 -0.5194 -0.6763
vn -0.2681 -0.0252 -0.9631
vn -0.0638 0.1375 -0.9884
vn -0.0580 -0.0898 -0.9943
vn -0.6858 -0.3587 -0.6333
vn -0.8503 -0.2287 -0.4740
vn -0.8478 0.0288 -0.5295
vn -0.3830 0.2354 -0.8932
vn -0.1322 0.2159 -0.9674
vn -0.2843 0.0471 -0.9576
vn -0.8458 0.2541 -0.4691
vn -0.8442 0.4493 -0.2924
vn -0.6768 0.6388 -0.3660
vn -0.2736 0.4981 -0.8228
vn -0.1231 0.3180 -0.9401
vn -0.3441 0.2986 -0.8902
vn -0.5104 0.7967 -0.3237
vn -0.3435 0.9245 -0.1651
vn -0.1092 0.9533 -0.2817
vn -0.0038 0.6090 -0.7931
vn -0.0419 0.3840 -0.9224
vn -0.2023 0.5172 -0.8316
vn 0.5195 -0.6844 0.5116
vn -0.7411 -0.1675 0.6502
vn -0.5195 0.3369 0.7853
vn -0.2217 -0.0277 0.9747
vn 0.0709 0.3248 -0.9431
vn 0.2254 0.4600 -0.8588
vn 0.4740 0.6433 -0.6012
vn 0.1001 0.2567 -0.9613
vn 0.3160 0.2426 -0.9172
vn 0.7406 0.1668 -0.6509
vn 0.0697 0.1890 -0.9795
vn 0.2220 0.0278 -0.9747
vn 0.4658 -0.2644 -0.8445
vn -0.2256 0.0314 -0.9737
vn -0.2216 0.4634 -0.8580
vn -0.5195 0.6844 -0.5117
vn 0.0009 0.3542 -0.9352
vn 0.0031 0.5508 -0.8346
vn 0.0074 0.8893 -0.4574
vn -0.0419 -0.4468 0.8936
vn 0.1111 -0.8889 0.4444
vn 1.0000 -0.0000 0.0003
vn -1.0000 -0.0000 0.0002
vn 1.0000 -0.0000 0.0002
vn 0.7133 0.6770 0.1814
vn 0.5223 -0.7880 -0.3260
vn 0.1240 -0.9513 -0.2823
vn 0.0105 -0.6090 -0.7931
vn 0.0442 -0.3833 -0.9226
vn 0.2072 -0.5137 -0.8325
vn 0.6858 -0.6273 -0.3691
vn 0.2782 -0.4934 -0.8241
vn 0.1242 -0.3159 -0.9406
vn 0.3451 -0.2928 -0.8918
vn 0.8478 -0.2398 -0.4729
vn 0.8503 -0.4351 -0.2962
vn 0.8458 -0.0145 -0.5333
vn 0.3829 -0.2289 -0.8950
vn 0.1314 -0.2137 -0.9680
vn 0.2807 -0.0424 -0.9589
vn 0.6768 0.3702 -0.6363
vn 0.5104 0.5281 -0.6787
vn 0.2633 0.0296 -0.9643
vn 0.0617 -0.1364 -0.9887
vn 0.0520 0.0907 -0.9945
vn 0.1092 0.6847 -0.7206
vn 0.3436 0.7181 -0.6052
vn -0.1240 0.6827 -0.7201
vn -0.0105 0.1308 -0.9914
vn -0.0442 -0.1294 -0.9906
vn -0.2072 0.0286 -0.9779
vn -0.5223 0.5194 -0.6763
vn -0.6858 0.3588 -0.6333
vn -0.2782 0.0153 -0.9604
vn -0.1242 -0.1967 -0.9726
vn -0.3451 -0.1924 -0.9187
vn -0.8479 -0.0288 -0.5294
vn -0.8458 -0.2541 -0.4691
vn -0.3829 -0.2492 -0.8895
vn -0.1314 -0.2989 -0.9452
vn -0.2807 -0.4427 -0.8516
vn -0.6768 -0.6388 -0.3660
vn -0.5104 -0.7967 -0.3237
vn -0.2633 -0.5078 -0.8202
vn -0.0617 -0.3763 -0.9245
vn -0.0520 -0.5758 -0.8159
vn -0.1092 -0.9533 -0.2817
vn -0.3436 -0.9245 -0.1650
vn 0.6858 -0.3587 0.6333
vn 0.8503 -0.2286 0.4741
vn 0.8478 0.0288 0.5295
vn 0.3830 0.2354 0.8932
vn 0.1322 0.2159 0.9674
vn 0.2843 0.0472 0.9576
vn 0.4346 -0.2872 0.8536
vn 0.0630 0.1188 0.9909
vn 0.0565 -0.4422 0.8951
vn 0.2780 -0.4506 0.8483
vn 0.6588 0.2488 0.7100
vn 0.4983 0.6140 0.6122
vn 0.2566 0.4515 0.8546
vn 0.1417 0.3165 0.9380
vn 0.5104 0.7967 0.3237
vn 0.1092 0.9533 0.2817
vn 0.0038 0.6091 0.7931
vn 0.0419 0.3840 0.9224
vn 0.2023 0.5172 0.8316
vn -0.1240 0.9513 0.2823
vn -0.5223 0.7880 0.3260
vn -0.2681 0.5033 0.8214
vn -0.0639 0.3752 0.9247
vn -0.0580 0.5749 0.8162
vn -0.6858 0.6273 0.3691
vn -0.8478 0.2398 0.4729
vn -0.3830 0.2428 0.8912
vn -0.1322 0.2968 0.9458
vn -0.2843 0.4380 0.8529
vn -0.8458 0.0145 0.5333
vn -0.8442 -0.2429 0.4779
vn -0.6768 -0.3702 0.6363
vn -0.2736 -0.0199 0.9616
vn -0.1231 0.1946 0.9731
vn -0.3441 0.1865 0.9202
vn -0.5104 -0.5281 0.6786
vn -0.3435 -0.7181 0.6052
vn -0.1093 -0.6847 0.7206
vn -0.0038 -0.1309 0.9914
vn -0.0419 0.1286 0.9908
vn -0.2023 -0.0321 0.9788
vn 0.2256 -0.4597 -0.8590
vn 0.7411 -0.1675 -0.6502
vn 0.5195 0.3369 -0.7853
vn -0.5195 -0.6844 -0.5116
vn -0.2216 -0.4634 -0.8580
vn 0.0709 0.1902 0.9792
vn 0.2254 0.0311 0.9738
vn 0.4740 -0.2565 0.8423
vn 0.1001 0.2584 0.9608
vn 0.3160 0.2485 0.9156
vn 0.7406 0.1811 0.6471
vn 0.0697 0.3260 0.9428
vn 0.2220 0.4633 0.8580
vn 0.4658 0.6512 0.5991
vn -0.0009 0.3542 0.9352
vn -0.0065 0.8896 0.4566
vn -0.2256 0.4596 0.8590
vn -0.7411 0.1675 0.6502
vn -0.5195 -0.3369 0.7853
vn 0.0009 0.1608 0.9870
vn 0.0031 -0.0597 0.9982
vn 0.0074 -0.5415 0.8407
vn 0.2182 -0.4364 -0.8729
vn -0.1644 -0.0000 -0.9864
vn 1.0000 -0.0000 0.0004
vn -0.7132 0.6770 -0.1814
vt 0.233368 0.559260
vt 0.466422 0.310503
vt 0.466422 0.620998
vt 0.000000 0.558919
vt 0.233368 0.310503
vt 0.233368 0.621006
vt 0.543927 0.062142
vt 0.310503 0.310503
vt 0.310503 -0.000000
vt 0.466422 0.559326
vt 0.699442 0.310503
vt 0.699442 0.620994
vt 0.310503 0.310503
vt 0.000000 0.000000
vt 0.310503 0.000000
vt 0.543927 0.186302
vt 0.730226 0.000000
vt 0.730226 0.186302
vt 0.351956 0.622981
vt 0.400104 0.672029
vt 0.400140 0.741395
vt 0.417669 0.670444
vt 0.433364 0.621005
vt 0.420669 0.670451
vt 0.731025 0.121788
vt 0.731847 0.122381
vt 0.731788 0.122935
vt 0.549379 0.310181
vt 0.549068 0.309074
vt 0.549379 0.308726
vt 0.730673 0.119391
vt 0.730455 0.120335
vt 0.730226 0.118957
vt 0.731561 0.119884
vt 0.730810 0.120524
vt 0.732680 0.120321
vt 0.731354 0.120871
vt 0.732170 0.121436
vt 0.731184 0.121474
vt 0.465514 0.621552
vt 0.465151 0.622191
vt 0.465132 0.620998
vt 0.778125 0.169940
vt 0.777996 0.170884
vt 0.777141 0.170187
vt 0.779220 0.169442
vt 0.778633 0.170773
vt 0.779597 0.170585
vt 0.778898 0.171279
vt 0.465164 0.623678
vt 0.465542 0.624612
vt 0.465170 0.625069
vt 0.465527 0.623473
vt 0.465523 0.691986
vt 0.465144 0.692934
vt 0.465150 0.691574
vt 0.844587 0.170687
vt 0.845101 0.171382
vt 0.844030 0.171529
vt 0.845037 0.169545
vt 0.845496 0.170878
vt 0.846058 0.170047
vt 0.846003 0.170990
vt 0.465130 0.694345
vt 0.465492 0.694890
vt 0.465110 0.695437
vt 0.465497 0.694030
vt 0.195667 0.669129
vt 0.195108 0.669728
vt 0.195316 0.668576
vt 0.892014 0.121686
vt 0.892815 0.121727
vt 0.892159 0.122632
vt 0.891576 0.120570
vt 0.892776 0.121124
vt 0.892623 0.120137
vt 0.893189 0.120778
vt 0.194952 0.671184
vt 0.195347 0.672127
vt 0.194890 0.672564
vt 0.195476 0.670040
vt 0.195374 0.670994
vt 0.195704 0.670642
vt 0.195347 0.739633
vt 0.194952 0.740575
vt 0.194890 0.739199
vt 0.892623 0.051643
vt 0.893189 0.051006
vt 0.893334 0.052139
vt 0.891576 0.051205
vt 0.892776 0.050657
vt 0.892014 0.050091
vt 0.892815 0.050055
vt 0.195108 0.742022
vt 0.195667 0.742611
vt 0.195316 0.743161
vt 0.195476 0.741711
vt 0.195374 0.740764
vt 0.195704 0.741108
vt 0.464773 0.769364
vt 0.465142 0.768813
vt 0.465155 0.769912
vt 0.846058 0.001587
vt 0.846003 0.000646
vt 0.846866 0.001343
vt 0.845037 0.002084
vt 0.845496 0.000754
vt 0.844587 0.000942
vt 0.845101 0.000251
vt 0.465131 0.767396
vt 0.464753 0.766449
vt 0.465127 0.766033
vt 0.464767 0.767571
vt 0.464753 0.699043
vt 0.465131 0.698108
vt 0.465127 0.699497
vt 0.779597 0.000840
vt 0.778898 0.000147
vt 0.779976 -0.000000
vt 0.779220 0.001981
vt 0.778633 0.000650
vt 0.778125 0.001480
vt 0.777996 0.000539
vt 0.465142 0.696625
vt 0.464773 0.695991
vt 0.465155 0.695437
vt 0.464767 0.697904
vt 0.464773 0.696934
vt 0.731847 0.048897
vt 0.731025 0.049491
vt 0.731788 0.048347
vt 0.732170 0.049841
vt 0.731184 0.049802
vt 0.732680 0.050956
vt 0.731354 0.050404
vt 0.731561 0.051390
vt 0.730810 0.050752
vt 0.730455 0.050942
vt 0.730673 0.051884
vt 0.730226 0.052320
vt 0.546635 0.310201
vt 0.546947 0.309082
vt 0.546947 0.310040
vt 0.464753 0.621553
vt 0.464781 0.622501
vt 0.464781 0.624613
vt 0.351593 0.791585
vt 0.352163 0.792280
vt 0.351055 0.792428
vt 0.352041 0.790443
vt 0.352544 0.791775
vt 0.353114 0.790943
vt 0.353095 0.791886
vt 0.894180 0.047177
vt 0.893511 0.047849
vt 0.893751 0.046775
vt 0.400332 0.742647
vt 0.401416 0.742569
vt 0.400523 0.743606
vt 0.401281 0.741894
vt 0.401138 0.740662
vt 0.401833 0.741542
vt 0.893358 0.049303
vt 0.893819 0.050609
vt 0.893333 0.050736
vt 0.893825 0.049230
vt 0.283767 0.792679
vt 0.285121 0.792337
vt 0.285175 0.792774
vt 0.282756 0.791824
vt 0.283765 0.792250
vt 0.281741 0.790910
vt 0.282335 0.792074
vt 0.281273 0.791127
vt 0.282737 0.790659
vt 0.283985 0.790443
vt 0.283457 0.791647
vt 0.284685 0.791482
vt 0.234230 0.742863
vt 0.235030 0.743455
vt 0.235019 0.744008
vt 0.547633 0.307223
vt 0.547323 0.306104
vt 0.547633 0.305758
vt 0.233814 0.740467
vt 0.233639 0.741411
vt 0.233402 0.740033
vt 0.234694 0.740960
vt 0.233958 0.741599
vt 0.235837 0.741395
vt 0.234492 0.741947
vt 0.235325 0.742510
vt 0.234345 0.742549
vt 0.233604 0.672017
vt 0.233779 0.672959
vt 0.233368 0.673396
vt 0.549852 0.307239
vt 0.549543 0.305938
vt 0.549852 0.305784
vt 0.234992 0.669971
vt 0.234193 0.670565
vt 0.234981 0.669420
vt 0.235289 0.670914
vt 0.234308 0.670877
vt 0.235802 0.672029
vt 0.234457 0.671479
vt 0.234660 0.672465
vt 0.233922 0.671827
vt 0.465964 0.768758
vt 0.466357 0.769310
vt 0.465978 0.769857
vt 0.465954 0.767341
vt 0.466334 0.768444
vt 0.466337 0.766395
vt 0.465950 0.765979
vt 0.284304 0.621839
vt 0.283621 0.621147
vt 0.284734 0.620998
vt 0.283900 0.622981
vt 0.283319 0.621650
vt 0.282783 0.622482
vt 0.282689 0.621540
vt 0.465954 0.698053
vt 0.466337 0.698989
vt 0.465950 0.699443
vt 0.465964 0.696570
vt 0.466327 0.697850
vt 0.466357 0.695937
vt 0.465978 0.695383
vt 0.353028 0.622482
vt 0.353009 0.621540
vt 0.353900 0.622236
vt 0.352458 0.621650
vt 0.351506 0.621839
vt 0.352076 0.621147
vt 0.893547 0.120208
vt 0.894103 0.120807
vt 0.893751 0.121360
vt 0.893395 0.118751
vt 0.893915 0.119895
vt 0.893789 0.117808
vt 0.893333 0.117371
vt 0.401203 0.672465
vt 0.401826 0.671827
vt 0.401975 0.672959
vt 0.401371 0.671479
vt 0.400572 0.670914
vt 0.401439 0.670877
vt 0.776497 0.170124
vt 0.779976 0.171429
vt 0.208022 0.621006
vt 0.893334 0.119646
vt 0.208022 0.789956
vt 0.207512 0.789895
vt 0.844030 0.000100
vt 0.777141 0.001233
vt 0.353986 0.791190
vt 0.905686 0.000060
vt 0.906194 0.000000
vt 0.464753 0.691677
vt 0.281802 0.622236
vt 0.281188 0.622301
vt 0.350968 0.620998
vt 0.400759 0.669971
vt 0.906194 0.168949
vt 0.401921 0.740162
vt 0.547169 0.307249
vt 0.547009 0.308808
vt 0.547169 0.310190
vt 0.548597 0.308597
vt 0.548758 0.307278
vt 0.548597 0.305784
vt 0.548758 0.308726
vt 0.548912 0.307337
vt 0.548758 0.305784
vt 0.544842 0.305758
vt 0.544540 0.307053
vt 0.544384 0.307043
vt 0.544384 0.308553
vt 0.544842 0.309871
vt 0.730316 0.120391
vt 0.730889 0.121851
vt 0.932981 0.529543
vt 0.955093 0.506294
vt 0.955093 0.529598
vt 0.164224 0.816746
vt 0.164179 0.792859
vt 0.164224 0.792859
vt 0.932981 0.506239
vt 0.932612 0.529836
vt 0.932612 0.505949
vt 0.164583 0.816454
vt 0.164583 0.793150
vt 0.764938 0.506262
vt 0.765226 0.529828
vt 0.764938 0.529519
vt 0.810381 0.506265
vt 0.810094 0.529842
vt 0.810094 0.505990
vt 0.543927 0.281867
vt 0.567363 0.305758
vt 0.543927 0.305754
vt 0.765273 0.505990
vt 0.765273 0.529828
vt 0.810048 0.529842
vt 0.810048 0.505990
vt 0.466323 0.644885
vt 0.466368 0.668772
vt 0.466323 0.668772
vt 0.446938 0.979432
vt 0.424825 0.956074
vt 0.446938 0.956129
vt 0.632383 0.840544
vt 0.632338 0.816657
vt 0.632383 0.816657
vt 0.424456 0.979670
vt 0.424456 0.955784
vt 0.632741 0.840253
vt 0.632741 0.816949
vt 0.765273 0.506262
vt 0.765561 0.529828
vt 0.765273 0.529519
vt 0.815039 0.506265
vt 0.814753 0.529841
vt 0.814753 0.505990
vt 0.684543 0.257976
vt 0.707979 0.281867
vt 0.684543 0.281863
vt 0.765561 0.505990
vt 0.765608 0.529828
vt 0.814707 0.505990
vt 0.466323 0.668772
vt 0.466368 0.692659
vt 0.466323 0.692659
vt 0.941478 0.305564
vt 0.963591 0.282315
vt 0.963591 0.305619
vt 0.165435 0.816746
vt 0.165390 0.792859
vt 0.165435 0.792859
vt 0.941109 0.281970
vt 0.941478 0.282260
vt 0.165794 0.793150
vt 0.762929 0.529519
vt 0.763217 0.505990
vt 0.763217 0.529828
vt 0.810713 0.529534
vt 0.810427 0.505990
vt 0.810713 0.506265
vt 0.614235 0.257976
vt 0.637671 0.281867
vt 0.614235 0.281863
vt 0.763264 0.505990
vt 0.763264 0.529828
vt 0.810427 0.529842
vt 0.810381 0.505990
vt 0.232913 0.621006
vt 0.232958 0.644893
vt 0.232913 0.644893
vt 0.970354 0.334152
vt 0.948241 0.310793
vt 0.970353 0.310848
vt 0.165839 0.816746
vt 0.165794 0.792858
vt 0.165839 0.792858
vt 0.948241 0.334097
vt 0.947872 0.310503
vt 0.166197 0.793150
vt 0.761589 0.506262
vt 0.761878 0.529828
vt 0.761589 0.529519
vt 0.815372 0.506265
vt 0.815086 0.529842
vt 0.815086 0.505990
vt 0.567363 0.305754
vt 0.590799 0.281871
vt 0.590799 0.305758
vt 0.761924 0.505990
vt 0.761924 0.529828
vt 0.815039 0.529842
vt 0.815039 0.505990
vt 0.232696 0.621006
vt 0.232741 0.644893
vt 0.232696 0.644893
vt 0.974593 0.047537
vt 0.952480 0.024178
vt 0.974593 0.024233
vt 0.400809 0.840548
vt 0.400764 0.816661
vt 0.400809 0.816661
vt 0.952480 0.047482
vt 0.952111 0.023888
vt 0.401168 0.816952
vt 0.765608 0.506262
vt 0.765896 0.529828
vt 0.765608 0.529519
vt 0.811046 0.506265
vt 0.810760 0.529841
vt 0.810760 0.505990
vt 0.614235 0.281867
vt 0.637671 0.305758
vt 0.614235 0.305754
vt 0.765942 0.505990
vt 0.765942 0.529828
vt 0.810713 0.529842
vt 0.810713 0.505990
vt 0.232741 0.621006
vt 0.232786 0.644893
vt 0.952801 0.864231
vt 0.974913 0.840982
vt 0.974913 0.864286
vt 0.160995 0.840633
vt 0.160950 0.816746
vt 0.160995 0.816746
vt 0.952432 0.840637
vt 0.952801 0.840927
vt 0.161354 0.840341
vt 0.161354 0.817037
vt 0.765942 0.529519
vt 0.766231 0.505990
vt 0.766231 0.529828
vt 0.811379 0.529535
vt 0.811093 0.505990
vt 0.811379 0.506265
vt 0.661107 0.281867
vt 0.684543 0.305758
vt 0.661107 0.305754
vt 0.766277 0.529828
vt 0.811046 0.529842
vt 0.811046 0.505990
vt 0.232741 0.668780
vt 0.232786 0.692667
vt 0.232741 0.692667
vt 0.952801 0.935890
vt 0.974913 0.912641
vt 0.974913 0.935945
vt 0.397376 0.864435
vt 0.397331 0.840548
vt 0.397376 0.840548
vt 0.952432 0.912296
vt 0.952801 0.912586
vt 0.397735 0.864144
vt 0.397735 0.840839
vt 0.761924 0.529519
vt 0.762212 0.505990
vt 0.762212 0.529828
vt 0.815705 0.506264
vt 0.815419 0.529841
vt 0.815419 0.505990
vt 0.684543 0.281867
vt 0.707979 0.305758
vt 0.684543 0.305754
vt 0.762259 0.529828
vt 0.815372 0.505990
vt 0.232868 0.644893
vt 0.232913 0.668780
vt 0.232868 0.668780
vt 0.402344 0.955491
vt 0.424456 0.932242
vt 0.424456 0.955546
vt 0.763552 0.529828
vt 0.763598 0.505990
vt 0.763598 0.529828
vt 0.402344 0.932187
vt 0.401975 0.955784
vt 0.401975 0.931897
vt 0.162161 0.840341
vt 0.161802 0.816746
vt 0.162161 0.817037
vt 0.763264 0.506262
vt 0.763264 0.529519
vt 0.819366 0.529534
vt 0.819079 0.505990
vt 0.819366 0.506264
vt 0.543927 0.186302
vt 0.567363 0.210193
vt 0.543927 0.210189
vt 0.819033 0.529842
vt 0.819033 0.505990
vt 0.232696 0.644894
vt 0.232741 0.668781
vt 0.232696 0.668781
vt 0.161802 0.840633
vt 0.161757 0.816746
vt 0.952801 0.816458
vt 0.974913 0.793209
vt 0.974913 0.816513
vt 0.769244 0.505990
vt 0.769291 0.529828
vt 0.769244 0.529828
vt 0.952801 0.793154
vt 0.952432 0.816751
vt 0.952432 0.792864
vt 0.398542 0.864144
vt 0.398183 0.840548
vt 0.398542 0.840839
vt 0.768956 0.506262
vt 0.768956 0.529519
vt 0.812377 0.506265
vt 0.812091 0.529842
vt 0.812091 0.505990
vt 0.614235 0.210193
vt 0.637671 0.234085
vt 0.614235 0.234080
vt 0.812044 0.529842
vt 0.812045 0.505990
vt 0.466368 0.716546
vt 0.466413 0.740433
vt 0.466368 0.740433
vt 0.398183 0.864435
vt 0.398138 0.840548
vt 0.941478 0.233786
vt 0.963591 0.210537
vt 0.963591 0.233841
vt 0.769579 0.505990
vt 0.769626 0.529828
vt 0.769579 0.529828
vt 0.941109 0.210193
vt 0.941478 0.210482
vt 0.164583 0.817037
vt 0.164224 0.840633
vt 0.769291 0.529519
vt 0.811712 0.506265
vt 0.811425 0.529841
vt 0.811425 0.505990
vt 0.637671 0.186302
vt 0.661107 0.210193
vt 0.637671 0.210189
vt 0.811379 0.505990
vt 0.232868 0.668780
vt 0.232913 0.692667
vt 0.232868 0.692667
vt 0.164179 0.816746
vt 0.941478 0.281561
vt 0.963591 0.258312
vt 0.963591 0.281616
vt 0.766565 0.505990
vt 0.766612 0.529828
vt 0.766565 0.529828
vt 0.941109 0.257967
vt 0.941478 0.258257
vt 0.164986 0.840341
vt 0.164628 0.816746
vt 0.164986 0.817037
vt 0.766277 0.529519
vt 0.816038 0.529534
vt 0.815751 0.505990
vt 0.816038 0.506265
vt 0.637671 0.257976
vt 0.661107 0.281867
vt 0.637671 0.281863
vt 0.815705 0.529842
vt 0.815705 0.505990
vt 0.232913 0.668781
vt 0.232958 0.692667
vt 0.232913 0.692667
vt 0.164628 0.840633
vt 0.164583 0.816746
vt 0.948241 0.477426
vt 0.970354 0.454178
vt 0.970354 0.477481
vt 0.768575 0.529828
vt 0.768621 0.505990
vt 0.768621 0.529828
vt 0.947872 0.453833
vt 0.948241 0.454123
vt 0.398945 0.864144
vt 0.398587 0.840548
vt 0.398945 0.840839
vt 0.768286 0.506262
vt 0.768286 0.529519
vt 0.812710 0.506265
vt 0.812424 0.529842
vt 0.812424 0.505990
vt 0.637671 0.281867
vt 0.661107 0.305758
vt 0.637671 0.305754
vt 0.812377 0.529842
vt 0.812377 0.505990
vt 0.232786 0.644893
vt 0.232786 0.668780
vt 0.398587 0.864435
vt 0.398542 0.840548
vt 0.952801 0.959776
vt 0.974913 0.936527
vt 0.974913 0.959831
vt 0.767905 0.505990
vt 0.767951 0.529828
vt 0.767905 0.529828
vt 0.952432 0.936182
vt 0.952801 0.936472
vt 0.631127 0.864140
vt 0.630768 0.840544
vt 0.631127 0.840836
vt 0.767617 0.506262
vt 0.767617 0.529519
vt 0.812045 0.529534
vt 0.811758 0.505990
vt 0.812045 0.506265
vt 0.699442 0.505952
vt 0.722878 0.529843
vt 0.699442 0.529839
vt 0.811712 0.529842
vt 0.811712 0.505990
vt 0.466368 0.668772
vt 0.466413 0.692659
vt 0.466368 0.692659
vt 0.630768 0.864431
vt 0.630723 0.840544
vt 0.955427 0.553437
vt 0.977540 0.530188
vt 0.977540 0.553492
vt 0.769914 0.505990
vt 0.769961 0.529828
vt 0.769914 0.529828
vt 0.955427 0.530133
vt 0.955058 0.553730
vt 0.955058 0.529843
vt 0.399349 0.864144
vt 0.398990 0.840548
vt 0.399349 0.840839
vt 0.769626 0.506262
vt 0.769626 0.529519
vt 0.814374 0.506265
vt 0.814088 0.529841
vt 0.814088 0.505990
vt 0.684543 0.186302
vt 0.707979 0.210193
vt 0.684543 0.210189
vt 0.814041 0.529842
vt 0.814041 0.505990
vt 0.232868 0.716554
vt 0.232913 0.740442
vt 0.232868 0.740442
vt 0.398990 0.864435
vt 0.398945 0.840548
vt 0.171828 0.956968
vt 0.193941 0.933719
vt 0.193941 0.957023
vt 0.232823 0.668781
vt 0.232868 0.692668
vt 0.232823 0.692668
vt 0.171828 0.933664
vt 0.171459 0.957260
vt 0.171459 0.933374
vt 0.162565 0.840341
vt 0.162206 0.816746
vt 0.162565 0.817037
vt 0.771300 0.506262
vt 0.771588 0.529828
vt 0.771300 0.529519
vt 0.818367 0.529534
vt 0.818081 0.505990
vt 0.818367 0.506265
vt 0.567363 0.186302
vt 0.590799 0.210193
vt 0.567363 0.210189
vt 0.162206 0.840633
vt 0.162161 0.816746
vt 0.771635 0.505990
vt 0.771635 0.529828
vt 0.818081 0.529842
vt 0.818034 0.505990
vt 0.977540 0.577380
vt 0.955427 0.554021
vt 0.977540 0.554076
vt 0.466368 0.644885
vt 0.466413 0.668772
vt 0.466368 0.668772
vt 0.955058 0.577618
vt 0.955058 0.553732
vt 0.219904 0.861326
vt 0.219545 0.837730
vt 0.219904 0.838021
vt 0.769961 0.529519
vt 0.770249 0.505990
vt 0.770249 0.529828
vt 0.809382 0.529534
vt 0.809096 0.505990
vt 0.809382 0.506265
vt 0.590799 0.186302
vt 0.614235 0.210193
vt 0.590799 0.210189
vt 0.219545 0.861617
vt 0.219500 0.837730
vt 0.770295 0.505990
vt 0.770295 0.529828
vt 0.809096 0.529842
vt 0.809049 0.505990
vt 0.973649 0.071425
vt 0.951536 0.048066
vt 0.973649 0.048121
vt 0.466368 0.692659
vt 0.466413 0.716546
vt 0.466368 0.716546
vt 0.951536 0.071370
vt 0.951167 0.047777
vt 0.218693 0.838021
vt 0.218334 0.861617
vt 0.218334 0.837730
vt 0.766612 0.529519
vt 0.766900 0.505990
vt 0.766900 0.529828
vt 0.818700 0.529534
vt 0.818414 0.505990
vt 0.818700 0.506264
vt 0.543927 0.234080
vt 0.567363 0.210198
vt 0.567363 0.234085
vt 0.218289 0.837730
vt 0.766947 0.505990
vt 0.766947 0.529828
vt 0.818367 0.529842
vt 0.818367 0.505990
vt 0.195259 0.956979
vt 0.217371 0.933730
vt 0.217371 0.957034
vt 0.232868 0.716555
vt 0.232823 0.716555
vt 0.194890 0.933385
vt 0.195259 0.933675
vt 0.165390 0.817037
vt 0.165031 0.840633
vt 0.165031 0.816746
vt 0.465204 0.766657
vt 0.465493 0.743128
vt 0.465493 0.766966
vt 0.819033 0.529534
vt 0.818747 0.505990
vt 0.819033 0.506265
vt 0.590799 0.234081
vt 0.614235 0.210198
vt 0.614235 0.234085
vt 0.164986 0.816746
vt 0.465539 0.743128
vt 0.465539 0.766966
vt 0.818747 0.529841
vt 0.818700 0.505990
vt 0.970354 0.358040
vt 0.948241 0.334681
vt 0.970354 0.334736
vt 0.232777 0.692667
vt 0.232823 0.716554
vt 0.232777 0.716555
vt 0.948241 0.357985
vt 0.947872 0.334392
vt 0.220307 0.861326
vt 0.219949 0.837730
vt 0.220307 0.838021
vt 0.770295 0.506262
vt 0.770584 0.529828
vt 0.770296 0.529519
vt 0.820031 0.529534
vt 0.819745 0.505990
vt 0.820031 0.506265
vt 0.684543 0.210193
vt 0.707979 0.234085
vt 0.684543 0.234080
vt 0.219949 0.861617
vt 0.219904 0.837730
vt 0.770584 0.505990
vt 0.770630 0.529828
vt 0.819745 0.529842
vt 0.819698 0.505990
vt 0.955427 0.601247
vt 0.977540 0.577999
vt 0.977540 0.601302
vt 0.465159 0.719324
vt 0.465204 0.743211
vt 0.465159 0.743211
vt 0.955427 0.577944
vt 0.955058 0.601540
vt 0.955058 0.577654
vt 0.632338 0.864140
vt 0.631979 0.840544
vt 0.632338 0.840836
vt 0.760920 0.506262
vt 0.761208 0.529828
vt 0.760920 0.529519
vt 0.819698 0.529534
vt 0.819412 0.505990
vt 0.819698 0.506264
vt 0.699442 0.505948
vt 0.722878 0.482065
vt 0.722878 0.505952
vt 0.631979 0.864431
vt 0.631934 0.840544
vt 0.761254 0.505990
vt 0.761254 0.529828
vt 0.819412 0.529841
vt 0.819365 0.505990
vt 0.948241 0.381873
vt 0.970354 0.358625
vt 0.970354 0.381928
vt 0.232732 0.716555
vt 0.232777 0.740442
vt 0.232732 0.740442
vt 0.948241 0.358570
vt 0.947872 0.382166
vt 0.947872 0.358280
vt 0.401571 0.864144
vt 0.401213 0.840548
vt 0.401571 0.840839
vt 0.770630 0.529519
vt 0.770919 0.505990
vt 0.770918 0.529828
vt 0.813043 0.529534
vt 0.812757 0.505990
vt 0.813043 0.506265
vt 0.661107 0.186302
vt 0.684543 0.210193
vt 0.661107 0.210189
vt 0.401213 0.864435
vt 0.401168 0.840548
vt 0.770965 0.505990
vt 0.770965 0.529828
vt 0.812757 0.529841
vt 0.812710 0.505990
vt 0.955462 0.529543
vt 0.977575 0.506294
vt 0.977575 0.529598
vt 0.760538 0.529828
vt 0.760585 0.505990
vt 0.760585 0.529828
vt 0.955093 0.505949
vt 0.955462 0.506239
vt 0.219097 0.790247
vt 0.218738 0.813843
vt 0.218738 0.789956
vt 0.760250 0.529519
vt 0.760538 0.505990
vt 0.816370 0.529534
vt 0.816084 0.505990
vt 0.816370 0.506265
vt 0.567363 0.210193
vt 0.590799 0.234085
vt 0.567363 0.234080
vt 0.816084 0.529842
vt 0.816038 0.505990
vt 0.232732 0.692667
vt 0.232777 0.716555
vt 0.232732 0.716555
vt 0.218693 0.789956
vt 0.955467 0.505655
vt 0.977580 0.482406
vt 0.977580 0.505710
vt 0.761543 0.529828
vt 0.761589 0.505990
vt 0.761589 0.529828
vt 0.955467 0.482351
vt 0.955098 0.505947
vt 0.955098 0.482061
vt 0.630723 0.816366
vt 0.630365 0.792770
vt 0.630723 0.793062
vt 0.761254 0.529519
vt 0.761543 0.505990
vt 0.813375 0.529534
vt 0.813089 0.505990
vt 0.813375 0.506265
vt 0.684543 0.234085
vt 0.707979 0.257976
vt 0.684543 0.257972
vt 0.813089 0.529841
vt 0.813043 0.505990
vt 0.232823 0.740442
vt 0.232777 0.740442
vt 0.630365 0.816657
vt 0.630320 0.792770
vt 0.974913 0.888172
vt 0.952801 0.864813
vt 0.974913 0.864868
vt 0.759869 0.529828
vt 0.759915 0.505990
vt 0.759915 0.529828
vt 0.952801 0.888117
vt 0.952432 0.864523
vt 0.221155 0.790247
vt 0.220796 0.813843
vt 0.220796 0.789956
vt 0.759580 0.529519
vt 0.759869 0.505990
vt 0.813708 0.529534
vt 0.813422 0.505990
vt 0.813708 0.506264
vt 0.543927 0.234085
vt 0.567363 0.257976
vt 0.543927 0.257972
vt 0.813422 0.529841
vt 0.813376 0.505990
vt 0.232913 0.692667
vt 0.232958 0.716555
vt 0.232913 0.716555
vt 0.220751 0.789956
vt 0.402344 0.979377
vt 0.424456 0.956129
vt 0.424456 0.979432
vt 0.767235 0.505990
vt 0.767282 0.529828
vt 0.767235 0.529828
vt 0.402344 0.956074
vt 0.220751 0.790247
vt 0.220393 0.813843
vt 0.220393 0.789956
vt 0.766947 0.506262
vt 0.766947 0.529519
vt 0.809049 0.529534
vt 0.808763 0.505990
vt 0.809049 0.506265
vt 0.567363 0.234085
vt 0.590799 0.257976
vt 0.567363 0.257972
vt 0.808763 0.529842
vt 0.808717 0.505990
vt 0.232823 0.621006
vt 0.232823 0.644893
vt 0.220348 0.789956
vt 0.171828 0.980854
vt 0.193941 0.957605
vt 0.193941 0.980909
vt 0.760873 0.505990
vt 0.760920 0.529828
vt 0.760873 0.529828
vt 0.171459 0.957260
vt 0.171828 0.957550
vt 0.634356 0.793062
vt 0.633997 0.816657
vt 0.633997 0.792770
vt 0.760585 0.506262
vt 0.760585 0.529519
vt 0.808717 0.529534
vt 0.808430 0.505990
vt 0.808717 0.506264
vt 0.684543 0.234085
vt 0.661107 0.234080
vt 0.808430 0.529841
vt 0.808384 0.505990
vt 0.232913 0.716555
vt 0.232958 0.740442
vt 0.232913 0.740442
vt 0.633952 0.792770
vt 0.970353 0.405817
vt 0.948241 0.382458
vt 0.970353 0.382513
vt 0.466323 0.620998
vt 0.466368 0.644885
vt 0.466323 0.644885
vt 0.948241 0.405762
vt 0.947872 0.382168
vt 0.396524 0.793065
vt 0.396165 0.816661
vt 0.396165 0.792774
vt 0.767282 0.506262
vt 0.767570 0.529828
vt 0.767282 0.529519
vt 0.814041 0.529534
vt 0.813755 0.505990
vt 0.814041 0.506265
vt 0.567363 0.257976
vt 0.590799 0.281867
vt 0.567363 0.281863
vt 0.396120 0.792774
vt 0.767617 0.505990
vt 0.767617 0.529828
vt 0.813755 0.529842
vt 0.813708 0.505990
vt 0.973649 0.119197
vt 0.951536 0.095839
vt 0.973649 0.095894
vt 0.466368 0.620998
vt 0.466413 0.644885
vt 0.466368 0.644885
vt 0.951536 0.119142
vt 0.951167 0.095549
vt 0.631127 0.793062
vt 0.630768 0.816657
vt 0.630768 0.792770
vt 0.759915 0.529519
vt 0.760203 0.505990
vt 0.760203 0.529828
vt 0.809715 0.506264
vt 0.809429 0.529841
vt 0.809429 0.505990
vt 0.590799 0.257972
vt 0.630723 0.792770
vt 0.760250 0.505990
vt 0.760250 0.529828
vt 0.809382 0.505990
vt 0.941478 0.209896
vt 0.963591 0.186647
vt 0.963591 0.209951
vt 0.232868 0.621006
vt 0.232868 0.644893
vt 0.941109 0.186302
vt 0.941478 0.186592
vt 0.396927 0.793065
vt 0.396569 0.816661
vt 0.396569 0.792774
vt 0.762259 0.506262
vt 0.762547 0.529828
vt 0.762259 0.529519
vt 0.810048 0.506265
vt 0.809762 0.529841
vt 0.809762 0.505990
vt 0.590799 0.257976
vt 0.614235 0.281867
vt 0.590799 0.281863
vt 0.396524 0.792774
vt 0.762594 0.505990
vt 0.762594 0.529828
vt 0.809715 0.505990
vt 0.941478 0.257673
vt 0.963591 0.234424
vt 0.963591 0.257727
vt 0.763887 0.529828
vt 0.763933 0.505990
vt 0.763933 0.529828
vt 0.941109 0.234079
vt 0.941478 0.234369
vt 0.166601 0.793150
vt 0.166242 0.816746
vt 0.166242 0.792859
vt 0.763598 0.506262
vt 0.763598 0.529519
vt 0.465539 0.791078
vt 0.465253 0.814655
vt 0.465253 0.790803
vt 0.590799 0.281867
vt 0.614235 0.305758
vt 0.590799 0.305754
vt 0.465206 0.814655
vt 0.465206 0.790803
vt 0.232913 0.644893
vt 0.232958 0.668780
vt 0.166197 0.792859
vt 0.948241 0.429650
vt 0.970354 0.406401
vt 0.970354 0.429705
vt 0.764222 0.529828
vt 0.764268 0.505990
vt 0.764268 0.529828
vt 0.947872 0.406056
vt 0.948241 0.406346
vt 0.629916 0.840253
vt 0.629557 0.816657
vt 0.629916 0.816949
vt 0.763933 0.529519
vt 0.764222 0.505990
vt 0.816703 0.506265
vt 0.816417 0.529841
vt 0.816417 0.505990
vt 0.637671 0.210193
vt 0.661107 0.234085
vt 0.637671 0.234080
vt 0.816370 0.529842
vt 0.816370 0.505990
vt 0.232696 0.668780
vt 0.232741 0.692667
vt 0.232696 0.692667
vt 0.629557 0.840544
vt 0.629513 0.816657
vt 0.970354 0.453593
vt 0.948241 0.430235
vt 0.970354 0.430289
vt 0.764556 0.529828
vt 0.764603 0.505990
vt 0.764603 0.529828
vt 0.948241 0.453538
vt 0.947872 0.429945
vt 0.167004 0.793150
vt 0.166646 0.816746
vt 0.166646 0.792858
vt 0.764268 0.529519
vt 0.764556 0.505990
vt 0.817369 0.529534
vt 0.817083 0.505990
vt 0.817369 0.506265
vt 0.543927 0.257976
vt 0.567363 0.281867
vt 0.543927 0.281863
vt 0.817036 0.529842
vt 0.817036 0.505990
vt 0.232868 0.692668
vt 0.232913 0.716555
vt 0.232868 0.716555
vt 0.166601 0.792858
vt 0.424830 0.955491
vt 0.446943 0.932242
vt 0.446943 0.955546
vt 0.768909 0.529828
vt 0.768956 0.505990
vt 0.768956 0.529828
vt 0.424461 0.931897
vt 0.424830 0.932187
vt 0.167408 0.816454
vt 0.167049 0.792859
vt 0.167408 0.793150
vt 0.768621 0.506262
vt 0.768621 0.529519
vt 0.818034 0.506265
vt 0.817748 0.529842
vt 0.817748 0.505990
vt 0.614235 0.234085
vt 0.637671 0.257976
vt 0.614235 0.257972
vt 0.817702 0.529842
vt 0.817702 0.505990
vt 0.232786 0.644893
vt 0.232831 0.668780
vt 0.232786 0.668780
vt 0.167049 0.816746
vt 0.167004 0.792859
vt 0.951536 0.166914
vt 0.973649 0.143666
vt 0.973649 0.166969
vt 0.771253 0.529828
vt 0.771300 0.505990
vt 0.771300 0.529828
vt 0.951167 0.143321
vt 0.951536 0.143611
vt 0.401571 0.816952
vt 0.401213 0.840548
vt 0.401213 0.816661
vt 0.770965 0.506262
vt 0.770965 0.529519
vt 0.820364 0.506265
vt 0.820078 0.529842
vt 0.820078 0.505990
vt 0.661107 0.234085
vt 0.661107 0.257972
vt 0.820031 0.529842
vt 0.820031 0.505990
vt 0.232684 0.695441
vt 0.232729 0.719328
vt 0.232684 0.719328
vt 0.401168 0.816661
vt 0.952801 0.840344
vt 0.974913 0.817096
vt 0.974913 0.840399
vt 0.232729 0.743215
vt 0.232684 0.743215
vt 0.952432 0.816751
vt 0.952801 0.817041
vt 0.400560 0.840257
vt 0.400201 0.816661
vt 0.400560 0.816952
vt 0.762594 0.529519
vt 0.762882 0.505990
vt 0.762882 0.529828
vt 0.817702 0.529535
vt 0.817415 0.505990
vt 0.817702 0.506265
vt 0.614235 0.210189
vt 0.637671 0.186306
vt 0.400201 0.840548
vt 0.400156 0.816661
vt 0.762929 0.529828
vt 0.817415 0.529842
vt 0.817369 0.505990
vt 0.974593 0.023649
vt 0.952480 0.000290
vt 0.974593 0.000345
vt 0.232823 0.716555
vt 0.232868 0.740442
vt 0.232823 0.740442
vt 0.952480 0.023594
vt 0.952111 0.000000
vt 0.629513 0.840253
vt 0.629154 0.816657
vt 0.629513 0.816949
vt 0.767951 0.506262
vt 0.768240 0.529828
vt 0.767951 0.529519
vt 0.814707 0.506265
vt 0.814420 0.529842
vt 0.814420 0.505990
vt 0.661107 0.281863
vt 0.684543 0.257980
vt 0.629154 0.840544
vt 0.629109 0.816657
vt 0.768240 0.505990
vt 0.768286 0.529828
vt 0.814374 0.505990
vt 0.974913 0.912058
vt 0.952801 0.888700
vt 0.974913 0.888755
vt 0.465159 0.695437
vt 0.465204 0.719324
vt 0.465159 0.719324
vt 0.952801 0.912003
vt 0.952432 0.888410
vt 0.167812 0.793150
vt 0.167453 0.816746
vt 0.167453 0.792859
vt 0.764603 0.529519
vt 0.764891 0.505990
vt 0.764891 0.529828
vt 0.817036 0.529534
vt 0.816750 0.505990
vt 0.817036 0.506265
vt 0.637671 0.234085
vt 0.661107 0.257976
vt 0.637671 0.257972
vt 0.167408 0.792859
vt 0.764938 0.529828
vt 0.816750 0.529842
vt 0.816703 0.505990
vt 0.681529 0.792865
vt 0.793885 0.842089
vt 0.747346 0.960429
vt 0.458688 0.857824
vt 0.455684 0.788469
vt 0.458688 0.788462
vt 0.221155 0.742284
vt 0.224925 0.673085
vt 0.224259 0.742309
vt 0.228502 0.742350
vt 0.224925 0.794048
vt 0.225398 0.742368
vt 0.221821 0.673060
vt 0.224259 0.621032
vt 0.228502 0.863288
vt 0.228030 0.794029
vt 0.417669 0.739807
vt 0.433364 0.788462
vt 0.430365 0.788455
vt 0.420669 0.739814
vt 0.002437 0.741886
vt 0.002437 0.672522
vt 0.166480 0.741694
vt 0.229147 0.794473
vt 0.231767 0.863673
vt 0.228662 0.863655
vt 0.220937 0.668940
vt 0.220378 0.668351
vt 0.220729 0.667801
vt 0.220671 0.670198
vt 0.220569 0.669252
vt 0.220698 0.671330
vt 0.221092 0.670387
vt 0.221155 0.671763
vt 0.628403 0.844178
vt 0.628964 0.843537
vt 0.629109 0.844669
vt 0.627359 0.843744
vt 0.628554 0.843190
vt 0.627795 0.842628
vt 0.628592 0.842587
vt 0.220341 0.669854
vt 0.465958 0.843803
vt 0.466334 0.843248
vt 0.466339 0.844351
vt 0.581959 0.794253
vt 0.581901 0.793310
vt 0.582762 0.794005
vt 0.580941 0.794755
vt 0.581397 0.793422
vt 0.580491 0.793613
vt 0.581002 0.792918
vt 0.466330 0.841828
vt 0.465950 0.840881
vt 0.466329 0.840464
vt 0.465966 0.842934
vt 0.465963 0.842004
vt 0.465950 0.773458
vt 0.466330 0.772522
vt 0.466329 0.773911
vt 0.515670 0.793695
vt 0.514970 0.793001
vt 0.516046 0.792851
vt 0.515295 0.794838
vt 0.514708 0.793506
vt 0.514202 0.794339
vt 0.514071 0.793396
vt 0.466334 0.771042
vt 0.465958 0.770411
vt 0.466339 0.769857
vt 0.465963 0.772320
vt 0.465966 0.771351
vt 0.468042 0.841885
vt 0.467219 0.842478
vt 0.467980 0.841332
vt 0.468366 0.842830
vt 0.467380 0.842792
vt 0.468876 0.843945
vt 0.467551 0.843394
vt 0.467759 0.844381
vt 0.467008 0.843742
vt 0.466650 0.843931
vt 0.466871 0.844875
vt 0.466422 0.845309
vt 0.549543 0.305784
vt 0.549235 0.306902
vt 0.549235 0.305944
vt 0.466871 0.912382
vt 0.466650 0.913324
vt 0.466422 0.911946
vt 0.467759 0.912876
vt 0.467008 0.913514
vt 0.468876 0.913310
vt 0.467551 0.913862
vt 0.468366 0.914425
vt 0.467380 0.914464
vt 0.467219 0.914775
vt 0.468042 0.915369
vt 0.467980 0.915919
vt 0.549688 0.310182
vt 0.549996 0.308880
vt 0.549996 0.309833
vt 0.233339 0.695995
vt 0.232972 0.696642
vt 0.232958 0.695441
vt 0.514202 0.962800
vt 0.514071 0.963741
vt 0.513218 0.963047
vt 0.515295 0.962300
vt 0.514708 0.963631
vt 0.515670 0.963441
vt 0.514970 0.964134
vt 0.232982 0.698133
vt 0.233361 0.699066
vt 0.232986 0.699525
vt 0.233340 0.696949
vt 0.233347 0.697925
vt 0.233361 0.766397
vt 0.232982 0.767345
vt 0.232986 0.765988
vt 0.580491 0.963358
vt 0.581002 0.964050
vt 0.579934 0.964200
vt 0.580941 0.962216
vt 0.581397 0.963546
vt 0.581959 0.962714
vt 0.581901 0.963655
vt 0.232972 0.768750
vt 0.233339 0.769288
vt 0.232958 0.769834
vt 0.233340 0.768434
vt 0.220378 0.741833
vt 0.220937 0.741235
vt 0.220729 0.742386
vt 0.627795 0.914224
vt 0.628592 0.914260
vt 0.627937 0.915167
vt 0.627359 0.913109
vt 0.628554 0.913658
vt 0.628403 0.912672
vt 0.628964 0.913309
vt 0.221092 0.739778
vt 0.220698 0.738835
vt 0.221155 0.738398
vt 0.220569 0.740922
vt 0.220671 0.739969
vt 0.220341 0.740320
vt 0.464769 0.839401
vt 0.465155 0.839957
vt 0.464775 0.840505
vt 0.464765 0.837982
vt 0.465139 0.839087
vt 0.465147 0.837035
vt 0.464764 0.836617
vt 0.050888 0.622275
vt 0.050203 0.621580
vt 0.051315 0.621430
vt 0.050484 0.623418
vt 0.049904 0.622086
vt 0.049369 0.622919
vt 0.049272 0.621975
vt 0.001902 0.670310
vt 0.000685 0.670990
vt 0.001613 0.669907
vt 0.002205 0.671269
vt 0.001004 0.671348
vt 0.001217 0.672024
vt 0.001400 0.673255
vt 0.000587 0.672376
vt 0.000093 0.672450
vt 0.000505 0.673755
vt 0.000000 0.673884
vt 0.118346 0.621100
vt 0.117147 0.621444
vt 0.116941 0.621006
vt 0.546635 0.308737
vt 0.547009 0.307591
vt 0.547009 0.308639
vt 0.120521 0.622867
vt 0.119775 0.621703
vt 0.120835 0.622649
vt 0.119639 0.623120
vt 0.119501 0.621955
vt 0.118433 0.623338
vt 0.118880 0.622133
vt 0.117694 0.622300
vt 0.118495 0.621530
vt 0.181501 0.669638
vt 0.180939 0.669039
vt 0.181289 0.668486
vt 0.181661 0.671094
vt 0.181134 0.669951
vt 0.181266 0.672037
vt 0.181725 0.672474
vt 0.167576 0.672763
vt 0.168196 0.672122
vt 0.168344 0.673254
vt 0.166480 0.672330
vt 0.167744 0.671776
vt 0.166946 0.671213
vt 0.167810 0.671172
vt 0.181674 0.740486
vt 0.181280 0.739543
vt 0.181738 0.739109
vt 0.181148 0.741621
vt 0.181252 0.740674
vt 0.180953 0.742522
vt 0.181516 0.741933
vt 0.181303 0.743072
vt 0.166946 0.742808
vt 0.167810 0.742844
vt 0.167131 0.743750
vt 0.167744 0.742243
vt 0.167576 0.741257
vt 0.168196 0.741893
vt 0.465936 0.696583
vt 0.465542 0.695938
vt 0.465922 0.695383
vt 0.465573 0.697868
vt 0.465566 0.696892
vt 0.465564 0.699008
vt 0.465946 0.698075
vt 0.465950 0.699467
vt 0.117983 0.791940
vt 0.118551 0.792631
vt 0.117444 0.792781
vt 0.118433 0.790798
vt 0.118933 0.792128
vt 0.119502 0.791296
vt 0.119481 0.792236
vt 0.465946 0.767286
vt 0.465564 0.766339
vt 0.465950 0.765929
vt 0.465566 0.768377
vt 0.465573 0.767458
vt 0.465542 0.769230
vt 0.465936 0.768691
vt 0.465922 0.769775
vt 0.049369 0.791378
vt 0.049272 0.792319
vt 0.048387 0.791624
vt 0.050484 0.790878
vt 0.049904 0.792209
vt 0.050888 0.792019
vt 0.050203 0.792711
vt 0.000826 0.743350
vt 0.001627 0.743944
vt 0.001613 0.744494
vt 0.547633 0.307223
vt 0.547943 0.305918
vt 0.547943 0.306877
vt 0.000414 0.740958
vt 0.000237 0.741898
vt 0.000000 0.740520
vt 0.001296 0.741451
vt 0.000558 0.742090
vt 0.001093 0.742438
vt 0.001925 0.743001
vt 0.000943 0.743039
vt 0.208022 0.621006
vt 0.208533 0.621067
vt 0.579934 0.792770
vt 0.512573 0.794156
vt 0.512573 0.962982
vt 0.516046 0.964281
vt 0.208533 0.789888
vt 0.629109 0.912177
vt 0.048387 0.622672
vt 0.047770 0.622734
vt 0.465155 0.769912
vt 0.464764 0.770064
vt 0.167131 0.670267
vt 0.168344 0.621220
vt 0.168344 0.740761
vt 0.120371 0.791540
vt 0.168857 0.789828
vt 0.168344 0.789889
vt 0.051315 0.792859
vt 0.549235 0.305784
vt 0.549074 0.307101
vt 0.549074 0.307101
vt 0.549235 0.308593
vt 0.547328 0.310157
vt 0.547489 0.308620
vt 0.547328 0.307249
vt 0.547649 0.307249
vt 0.547489 0.308807
vt 0.547489 0.308807
vt 0.547649 0.310187
vt 0.546179 0.309867
vt 0.546480 0.308575
vt 0.546635 0.308585
vt 0.546635 0.307077
vt 0.546179 0.305758
vt 0.310503 0.308958
vt 0.310503 0.310503
vt 0.545739 0.310026
vt 0.546029 0.308660
vt 0.546179 0.308658
vt 0.546179 0.307091
vt 0.545739 0.305758
vt 0.278235 0.987862
vt 0.300290 0.964551
vt 0.300290 0.987855
vt 0.224811 0.837856
vt 0.224766 0.813969
vt 0.224811 0.813969
vt 0.161354 0.817037
vt 0.161712 0.840633
vt 0.161354 0.840341
vt 0.300660 0.988147
vt 0.773978 0.529519
vt 0.773690 0.505990
vt 0.773978 0.506262
vt 0.727608 0.529527
vt 0.727899 0.505990
vt 0.727899 0.529835
vt 0.801564 0.258125
vt 0.824963 0.281975
vt 0.801564 0.282011
vt 0.773690 0.529828
vt 0.773643 0.505990
vt 0.727946 0.529835
vt 0.161712 0.816746
vt 0.161757 0.840633
vt 0.974865 0.983671
vt 0.996920 0.960360
vt 0.996920 0.983664
vt 0.465494 0.838542
vt 0.465449 0.814655
vt 0.465494 0.814655
vt 0.629512 0.840836
vt 0.629871 0.864431
vt 0.629512 0.864140
vt 0.997290 0.983956
vt 0.774313 0.506262
vt 0.774024 0.529828
vt 0.774024 0.505990
vt 0.734365 0.506263
vt 0.734657 0.529835
vt 0.734365 0.529527
vt 0.839825 0.553801
vt 0.863224 0.577652
vt 0.839825 0.577688
vt 0.773978 0.505990
vt 0.734703 0.505990
vt 0.734703 0.529835
vt 0.629871 0.840544
vt 0.629916 0.864431
vt 0.322715 0.987855
vt 0.300660 0.964557
vt 0.322715 0.964551
vt 0.228662 0.837897
vt 0.228617 0.814010
vt 0.228662 0.814010
vt 0.162565 0.817037
vt 0.162923 0.840633
vt 0.162565 0.840341
vt 0.323085 0.964260
vt 0.323085 0.988147
vt 0.777660 0.529519
vt 0.777371 0.505990
vt 0.777660 0.506262
vt 0.724229 0.529527
vt 0.724521 0.505990
vt 0.724521 0.529835
vt 0.801564 0.305940
vt 0.824963 0.282017
vt 0.824963 0.305904
vt 0.777371 0.529828
vt 0.777325 0.505990
vt 0.724567 0.505990
vt 0.724567 0.529835
vt 0.162923 0.816746
vt 0.162968 0.840633
vt 0.578546 0.987883
vt 0.600601 0.964572
vt 0.600601 0.987877
vt 0.228547 0.837897
vt 0.228502 0.814010
vt 0.228547 0.814010
vt 0.163372 0.817037
vt 0.163731 0.840633
vt 0.163372 0.840341
vt 0.600971 0.964281
vt 0.600971 0.988168
vt 0.775651 0.529519
vt 0.775363 0.505990
vt 0.775651 0.506262
vt 0.733014 0.529527
vt 0.733305 0.505990
vt 0.733305 0.529835
vt 0.816425 0.577694
vt 0.839825 0.553772
vt 0.839825 0.577658
vt 0.775317 0.529828
vt 0.775317 0.505990
vt 0.733352 0.505990
vt 0.733352 0.529835
vt 0.163731 0.816746
vt 0.163775 0.840633
vt 0.995703 0.071372
vt 0.973649 0.048074
vt 0.995703 0.048068
vt 0.465296 0.838542
vt 0.465251 0.814655
vt 0.465296 0.814655
vt 0.400764 0.840839
vt 0.401123 0.864435
vt 0.400764 0.864144
vt 0.996074 0.047777
vt 0.996074 0.071664
vt 0.780002 0.529519
vt 0.779714 0.505990
vt 0.780002 0.506262
vt 0.726256 0.529527
vt 0.726548 0.505990
vt 0.726548 0.529835
vt 0.848362 0.234196
vt 0.871762 0.258046
vt 0.848362 0.258082
vt 0.779714 0.529828
vt 0.779667 0.505990
vt 0.726594 0.505990
vt 0.726594 0.529835
vt 0.401123 0.840548
vt 0.401168 0.864435
vt 0.977540 0.601256
vt 0.999594 0.577945
vt 0.999594 0.601249
vt 0.465431 0.838542
vt 0.465386 0.814655
vt 0.465431 0.814655
vt 0.400156 0.840839
vt 0.400515 0.864435
vt 0.400156 0.864144
vt 0.999965 0.601541
vt 0.784018 0.529519
vt 0.783730 0.505990
vt 0.784018 0.506262
vt 0.725581 0.529527
vt 0.725872 0.505990
vt 0.725872 0.529835
vt 0.839825 0.577730
vt 0.863224 0.601581
vt 0.839825 0.601616
vt 0.783684 0.529828
vt 0.783684 0.505990
vt 0.725919 0.505990
vt 0.725919 0.529835
vt 0.400515 0.840548
vt 0.400560 0.864435
vt 0.977540 0.577334
vt 0.999594 0.554023
vt 0.999594 0.577327
vt 0.465539 0.838542
vt 0.465494 0.814655
vt 0.465539 0.814655
vt 0.399753 0.840839
vt 0.400111 0.864435
vt 0.399753 0.864144
vt 0.999965 0.577618
vt 0.777994 0.506262
vt 0.777706 0.529828
vt 0.777706 0.505990
vt 0.734703 0.529527
vt 0.734995 0.505990
vt 0.734995 0.529835
vt 0.848362 0.258118
vt 0.871762 0.281968
vt 0.848362 0.282004
vt 0.777659 0.529828
vt 0.777659 0.505990
vt 0.735041 0.529835
vt 0.400111 0.840548
vt 0.400156 0.864435
vt 0.323085 0.987862
vt 0.345140 0.964551
vt 0.345140 0.987855
vt 0.775698 0.529828
vt 0.775651 0.505990
vt 0.775698 0.505990
vt 0.219097 0.813551
vt 0.219455 0.789956
vt 0.219455 0.813843
vt 0.345510 0.988147
vt 0.775986 0.529519
vt 0.775986 0.506262
vt 0.727946 0.506263
vt 0.728237 0.529835
vt 0.727946 0.529527
vt 0.801564 0.186338
vt 0.824963 0.210189
vt 0.801564 0.210225
vt 0.728237 0.505990
vt 0.728284 0.529835
vt 0.219500 0.813843
vt 0.400674 0.840548
vt 0.400629 0.816661
vt 0.400674 0.816661
vt 0.974913 0.816467
vt 0.996968 0.793156
vt 0.996968 0.816460
vt 0.772016 0.529828
vt 0.771970 0.505990
vt 0.772016 0.505990
vt 0.634356 0.816366
vt 0.634714 0.792770
vt 0.634714 0.816657
vt 0.997338 0.816751
vt 0.772304 0.529519
vt 0.772304 0.506262
vt 0.729973 0.506263
vt 0.730264 0.529835
vt 0.729973 0.529527
vt 0.401975 0.812426
vt 0.425374 0.836277
vt 0.401975 0.836312
vt 0.730264 0.505990
vt 0.730311 0.529835
vt 0.634759 0.816657
vt 0.466413 0.859867
vt 0.466368 0.835980
vt 0.466413 0.835980
vt 0.345510 0.987862
vt 0.367565 0.964551
vt 0.367565 0.987855
vt 0.772351 0.505990
vt 0.772304 0.529828
vt 0.772304 0.505990
vt 0.396927 0.816370
vt 0.397286 0.792774
vt 0.397286 0.816661
vt 0.367935 0.964260
vt 0.367935 0.988147
vt 0.772639 0.529519
vt 0.772639 0.506262
vt 0.728284 0.506263
vt 0.728575 0.529835
vt 0.728284 0.529527
vt 0.824963 0.186338
vt 0.848362 0.210189
vt 0.824963 0.210225
vt 0.728622 0.505990
vt 0.728622 0.529835
vt 0.397331 0.816661
vt 0.634804 0.840544
vt 0.634759 0.816657
vt 0.634804 0.816657
vt 0.600971 0.987883
vt 0.623026 0.964572
vt 0.623026 0.987877
vt 0.773355 0.505990
vt 0.773308 0.529828
vt 0.773308 0.505990
vt 0.397331 0.793065
vt 0.397690 0.816661
vt 0.397331 0.816370
vt 0.623396 0.964281
vt 0.623396 0.988168
vt 0.773643 0.506262
vt 0.773355 0.529828
vt 0.732000 0.529527
vt 0.732292 0.505990
vt 0.732292 0.529835
vt 0.824963 0.210260
vt 0.848362 0.234111
vt 0.824963 0.234147
vt 0.732338 0.529835
vt 0.397690 0.792774
vt 0.397735 0.816661
vt 0.232729 0.838762
vt 0.232684 0.814875
vt 0.232729 0.814875
vt 0.974913 0.840354
vt 0.996968 0.817043
vt 0.996968 0.840347
vt 0.778041 0.505990
vt 0.777994 0.529828
vt 0.777994 0.505990
vt 0.631127 0.793062
vt 0.631486 0.816657
vt 0.631127 0.816366
vt 0.997338 0.840638
vt 0.778329 0.529519
vt 0.778329 0.506262
vt 0.733352 0.506263
vt 0.733643 0.529835
vt 0.733352 0.529527
vt 0.425374 0.836348
vt 0.448774 0.860199
vt 0.425374 0.860235
vt 0.733643 0.505990
vt 0.733690 0.529835
vt 0.631486 0.792770
vt 0.631531 0.816657
vt 0.224766 0.813969
vt 0.224721 0.837856
vt 0.224721 0.813969
vt 0.974913 0.935902
vt 0.996968 0.912591
vt 0.996968 0.935895
vt 0.783395 0.505990
vt 0.783349 0.529828
vt 0.783349 0.505990
vt 0.162161 0.793150
vt 0.162520 0.816746
vt 0.162161 0.816454
vt 0.997338 0.936186
vt 0.783684 0.529519
vt 0.783684 0.506262
vt 0.734028 0.529527
vt 0.734319 0.505990
vt 0.734319 0.529835
vt 0.839825 0.529879
vt 0.863224 0.553730
vt 0.839825 0.553765
vt 0.734365 0.529835
vt 0.162520 0.792859
vt 0.162565 0.816746
vt 0.224856 0.837856
vt 0.224811 0.813969
vt 0.224856 0.813969
vt 0.977540 0.553445
vt 0.999595 0.530134
vt 0.999595 0.553439
vt 0.772686 0.505990
vt 0.772639 0.529828
vt 0.772639 0.505990
vt 0.158932 0.816454
vt 0.159291 0.792859
vt 0.159291 0.816746
vt 0.999965 0.553730
vt 0.772974 0.506262
vt 0.772686 0.529828
vt 0.732338 0.529527
vt 0.732629 0.505990
vt 0.732629 0.529835
vt 0.824963 0.234196
vt 0.848362 0.258046
vt 0.824963 0.258082
vt 0.732676 0.529835
vt 0.159336 0.816746
vt 0.171473 0.837663
vt 0.171429 0.813776
vt 0.171473 0.813776
vt 0.973649 0.095266
vt 0.995703 0.071955
vt 0.995703 0.095259
vt 0.164941 0.792859
vt 0.164986 0.816746
vt 0.164941 0.816746
vt 0.996074 0.095551
vt 0.782010 0.529519
vt 0.781722 0.505990
vt 0.782010 0.506262
vt 0.728622 0.529527
vt 0.728913 0.505990
vt 0.728913 0.529835
vt 0.425374 0.812426
vt 0.448774 0.836277
vt 0.425374 0.836313
vt 0.400605 0.840548
vt 0.400560 0.816661
vt 0.400605 0.816661
vt 0.781722 0.529828
vt 0.781676 0.505990
vt 0.728960 0.529835
vt 0.995703 0.119146
vt 0.973649 0.095848
vt 0.995703 0.095842
vt 0.632293 0.816657
vt 0.632338 0.840544
vt 0.632293 0.840544
vt 0.631934 0.840253
vt 0.996074 0.119438
vt 0.782345 0.529519
vt 0.782057 0.505990
vt 0.782345 0.506262
vt 0.725243 0.529527
vt 0.725534 0.505990
vt 0.725534 0.529835
vt 0.171490 0.837825
vt 0.194890 0.861676
vt 0.171490 0.861711
vt 0.634989 0.840544
vt 0.634944 0.816657
vt 0.634989 0.816657
vt 0.782010 0.529828
vt 0.782010 0.505990
vt 0.725581 0.505990
vt 0.725581 0.529835
vt 0.992408 0.334099
vt 0.970354 0.310801
vt 0.992408 0.310794
vt 0.168170 0.792859
vt 0.168215 0.816746
vt 0.168170 0.816746
vt 0.167812 0.793150
vt 0.167812 0.816454
vt 0.992779 0.310503
vt 0.992779 0.334390
vt 0.779667 0.529519
vt 0.779379 0.505990
vt 0.779667 0.506262
vt 0.733690 0.529527
vt 0.733981 0.505990
vt 0.733981 0.529835
vt 0.824963 0.282004
vt 0.848362 0.281968
vt 0.634944 0.840544
vt 0.634899 0.816657
vt 0.634944 0.816657
vt 0.779333 0.529828
vt 0.779333 0.505990
vt 0.734028 0.505990
vt 0.734028 0.529835
vt 0.488847 0.987883
vt 0.510901 0.964572
vt 0.510901 0.987877
vt 0.220262 0.813843
vt 0.220307 0.837730
vt 0.220262 0.837730
vt 0.219904 0.837439
vt 0.511272 0.964281
vt 0.511272 0.988168
vt 0.776321 0.506262
vt 0.776033 0.529828
vt 0.776033 0.505990
vt 0.732676 0.529527
vt 0.732967 0.505990
vt 0.732967 0.529835
vt 0.793026 0.529879
vt 0.816425 0.553730
vt 0.793026 0.553765
vt 0.465204 0.838758
vt 0.465159 0.814871
vt 0.465204 0.814871
vt 0.775986 0.505990
vt 0.733014 0.505990
vt 0.733014 0.529835
vt 0.970354 0.357994
vt 0.992408 0.334683
vt 0.992408 0.357987
vt 0.633504 0.816657
vt 0.633549 0.840544
vt 0.633504 0.840544
vt 0.633145 0.816949
vt 0.633145 0.840253
vt 0.992779 0.334392
vt 0.992779 0.358279
vt 0.780337 0.506262
vt 0.780049 0.529828
vt 0.780049 0.505990
vt 0.727270 0.506263
vt 0.727561 0.529835
vt 0.727270 0.529527
vt 0.816425 0.577730
vt 0.839825 0.601581
vt 0.816425 0.601616
vt 0.400719 0.840548
vt 0.400674 0.816661
vt 0.400719 0.816661
vt 0.780002 0.505990
vt 0.727608 0.505990
vt 0.727608 0.529835
vt 0.999629 0.529545
vt 0.977575 0.506247
vt 0.999629 0.506241
vt 0.160905 0.816746
vt 0.160950 0.840633
vt 0.160905 0.840633
vt 0.160546 0.817037
vt 0.160546 0.840341
vt 1.000000 0.529836
vt 0.780671 0.529519
vt 0.780383 0.505990
vt 0.780671 0.506262
vt 0.730311 0.529527
vt 0.730602 0.505990
vt 0.730602 0.529835
vt 0.839865 0.482097
vt 0.863264 0.505947
vt 0.839865 0.505983
vt 0.232822 0.859875
vt 0.232777 0.835988
vt 0.232822 0.835988
vt 0.780337 0.529828
vt 0.780337 0.505990
vt 0.730649 0.505990
vt 0.730649 0.529835
vt 0.970354 0.381882
vt 0.992408 0.358571
vt 0.992408 0.381875
vt 0.634311 0.816657
vt 0.634356 0.840544
vt 0.634311 0.840544
vt 0.633952 0.816949
vt 0.633952 0.840253
vt 0.992779 0.382167
vt 0.781006 0.529519
vt 0.780718 0.505990
vt 0.781006 0.506262
vt 0.724905 0.506263
vt 0.725196 0.529835
vt 0.724905 0.529527
vt 0.816465 0.482097
vt 0.839865 0.505947
vt 0.816465 0.505983
vt 0.168260 0.840632
vt 0.168215 0.816745
vt 0.168260 0.816745
vt 0.780672 0.529828
vt 0.780672 0.505990
vt 0.725243 0.505990
vt 0.725243 0.529835
vt 0.511272 0.987883
vt 0.533326 0.964572
vt 0.533326 0.987877
vt 0.782391 0.505990
vt 0.782345 0.529828
vt 0.782345 0.505990
vt 0.164986 0.793150
vt 0.165345 0.816746
vt 0.164986 0.816454
vt 0.533697 0.964281
vt 0.533697 0.988168
vt 0.782680 0.529519
vt 0.782680 0.506262
vt 0.730987 0.506263
vt 0.731278 0.529835
vt 0.730987 0.529527
vt 0.171490 0.813903
vt 0.194890 0.837753
vt 0.171490 0.837789
vt 0.731278 0.505990
vt 0.731324 0.529835
vt 0.165345 0.792859
vt 0.165390 0.816746
vt 0.171384 0.837663
vt 0.171339 0.813776
vt 0.171384 0.813776
vt 0.973649 0.143040
vt 0.995703 0.119729
vt 0.995703 0.143033
vt 0.782726 0.505990
vt 0.782680 0.529828
vt 0.782680 0.505990
vt 0.630320 0.840253
vt 0.630678 0.816657
vt 0.630678 0.840544
vt 0.996074 0.143325
vt 0.783014 0.506262
vt 0.782726 0.529828
vt 0.731325 0.506263
vt 0.731616 0.529835
vt 0.731325 0.529527
vt 0.194890 0.837836
vt 0.218289 0.861686
vt 0.194890 0.861722
vt 0.731616 0.505990
vt 0.731662 0.529835
vt 0.171429 0.837663
vt 0.171384 0.813776
vt 0.171429 0.813776
vt 0.992408 0.405764
vt 0.970354 0.382466
vt 0.992408 0.382459
vt 0.783061 0.505990
vt 0.783014 0.529828
vt 0.783014 0.505990
vt 0.219097 0.814134
vt 0.219455 0.837730
vt 0.219097 0.837439
vt 0.992779 0.382168
vt 0.992779 0.406055
vt 0.783349 0.506262
vt 0.783061 0.529828
vt 0.731662 0.506263
vt 0.731954 0.529835
vt 0.731662 0.529527
vt 0.824963 0.282047
vt 0.848362 0.305897
vt 0.824963 0.305933
vt 0.731954 0.505990
vt 0.732000 0.529835
vt 0.219500 0.837730
vt 0.448902 0.836235
vt 0.448857 0.812348
vt 0.448902 0.812348
vt 0.367935 0.987862
vt 0.389990 0.964551
vt 0.389990 0.987855
vt 0.776367 0.505990
vt 0.776321 0.529828
vt 0.776321 0.505990
vt 0.218693 0.814134
vt 0.219052 0.837730
vt 0.218693 0.837439
vt 0.390360 0.964260
vt 0.390360 0.988147
vt 0.776655 0.529519
vt 0.776655 0.506262
vt 0.730649 0.529527
vt 0.730940 0.505990
vt 0.730940 0.529835
vt 0.793026 0.553808
vt 0.816425 0.577658
vt 0.793026 0.577694
vt 0.730987 0.529835
vt 0.219052 0.813843
vt 0.219097 0.837730
vt 0.448947 0.836235
vt 0.448902 0.812348
vt 0.448947 0.812348
vt 0.973649 0.166927
vt 0.995703 0.143616
vt 0.995703 0.166920
vt 0.773020 0.505990
vt 0.772974 0.529828
vt 0.772974 0.505990
vt 0.634356 0.816949
vt 0.634714 0.840544
vt 0.634356 0.840253
vt 0.996074 0.143325
vt 0.996074 0.167212
vt 0.773308 0.506262
vt 0.773020 0.529828
vt 0.728959 0.506263
vt 0.729251 0.529835
vt 0.728959 0.529527
vt 0.401975 0.836348
vt 0.425374 0.860199
vt 0.401975 0.860235
vt 0.729297 0.505990
vt 0.729297 0.529835
vt 0.634759 0.840544
vt 0.224901 0.837856
vt 0.224856 0.813969
vt 0.224901 0.813969
vt 0.555751 0.987877
vt 0.533696 0.964579
vt 0.555751 0.964572
vt 0.219859 0.813843
vt 0.219904 0.837730
vt 0.219859 0.837730
vt 0.219500 0.814134
vt 0.219500 0.837439
vt 0.556121 0.988168
vt 0.774647 0.529519
vt 0.774359 0.505990
vt 0.774647 0.506262
vt 0.723553 0.506263
vt 0.723845 0.529835
vt 0.723553 0.529527
vt 0.194890 0.789992
vt 0.218289 0.813842
vt 0.194890 0.813878
vt 0.228617 0.837897
vt 0.228572 0.814010
vt 0.228617 0.814010
vt 0.774313 0.529829
vt 0.774313 0.505990
vt 0.723891 0.505990
vt 0.723891 0.529835
vt 0.996648 0.023596
vt 0.974593 0.000298
vt 0.996648 0.000291
vt 0.631889 0.816657
vt 0.631934 0.840544
vt 0.631889 0.840544
vt 0.631531 0.816949
vt 0.631531 0.840253
vt 0.997018 0.023887
vt 0.774982 0.506262
vt 0.774694 0.529828
vt 0.774694 0.505990
vt 0.726594 0.529527
vt 0.726886 0.505990
vt 0.726886 0.529835
vt 0.793026 0.577737
vt 0.816425 0.601587
vt 0.793026 0.601623
vt 0.465386 0.838542
vt 0.465341 0.814655
vt 0.465386 0.814655
vt 0.774647 0.529828
vt 0.774647 0.505990
vt 0.726932 0.505990
vt 0.726932 0.529835
vt 0.556121 0.987883
vt 0.578176 0.964572
vt 0.578176 0.987877
vt 0.218648 0.813843
vt 0.218693 0.837730
vt 0.218648 0.837730
vt 0.218289 0.814134
vt 0.218289 0.837439
vt 0.578546 0.988168
vt 0.775317 0.529519
vt 0.775029 0.505990
vt 0.775317 0.506262
vt 0.726932 0.506263
vt 0.727223 0.529835
vt 0.726932 0.529527
vt 0.171490 0.789981
vt 0.194890 0.813831
vt 0.171490 0.813867
vt 0.400764 0.840548
vt 0.400719 0.816661
vt 0.400764 0.816661
vt 0.774982 0.529828
vt 0.774982 0.505990
vt 0.727270 0.505990
vt 0.727270 0.529835
vt 0.974913 0.864241
vt 0.996968 0.840929
vt 0.996968 0.864234
vt 0.781053 0.529828
vt 0.781006 0.505990
vt 0.781053 0.505990
vt 0.397735 0.793065
vt 0.398093 0.816661
vt 0.397735 0.816370
vt 0.997338 0.840638
vt 0.997338 0.864525
vt 0.781341 0.506262
vt 0.465204 0.718975
vt 0.465496 0.695437
vt 0.465496 0.719283
vt 0.801564 0.210267
vt 0.824963 0.234117
vt 0.801564 0.234153
vt 0.465542 0.695437
vt 0.465542 0.719283
vt 0.398093 0.792774
vt 0.398138 0.816661
vt 0.232912 0.859875
vt 0.232868 0.835988
vt 0.232912 0.835988
vt 0.974593 0.047491
vt 0.996647 0.024179
vt 0.996647 0.047484
vt 0.776702 0.529828
vt 0.776655 0.505990
vt 0.776702 0.505990
vt 0.159336 0.793150
vt 0.159694 0.816746
vt 0.159336 0.816454
vt 0.997018 0.047775
vt 0.776990 0.529519
vt 0.776990 0.506262
vt 0.722878 0.529527
vt 0.723169 0.505990
vt 0.723169 0.529835
vt 0.848362 0.282047
vt 0.871762 0.305897
vt 0.848362 0.305933
vt 0.723216 0.505990
vt 0.723216 0.529835
vt 0.159694 0.792859
vt 0.159739 0.816746
vt 0.465341 0.838542
vt 0.465296 0.814655
vt 0.465341 0.814655
vt 0.992408 0.429652
vt 0.970354 0.406354
vt 0.992408 0.406347
vt 0.778710 0.529828
vt 0.778663 0.505990
vt 0.778710 0.505990
vt 0.398138 0.793065
vt 0.398497 0.816661
vt 0.398138 0.816370
vt 0.992779 0.406056
vt 0.992779 0.429943
vt 0.778998 0.529519
vt 0.778998 0.506262
vt 0.724567 0.529527
vt 0.724858 0.505990
vt 0.724858 0.529835
vt 0.848362 0.186338
vt 0.871762 0.210189
vt 0.848362 0.210225
vt 0.724905 0.505990
vt 0.724905 0.529835
vt 0.398497 0.792774
vt 0.398542 0.816661
vt 0.634899 0.840544
vt 0.634854 0.816657
vt 0.634899 0.816657
vt 0.970354 0.453547
vt 0.992408 0.430236
vt 0.992408 0.453540
vt 0.771681 0.529828
vt 0.771681 0.505990
vt 0.398542 0.793065
vt 0.398900 0.816661
vt 0.398542 0.816370
vt 0.992779 0.429945
vt 0.992779 0.453832
vt 0.771969 0.506262
vt 0.725919 0.529527
vt 0.726210 0.505990
vt 0.726210 0.529835
vt 0.194890 0.813914
vt 0.218289 0.837764
vt 0.194890 0.837800
vt 0.726257 0.505990
vt 0.726257 0.529835
vt 0.398900 0.792774
vt 0.398945 0.816661
vt 0.168344 0.840632
vt 0.168299 0.816745
vt 0.168344 0.816745
vt 0.974913 0.888128
vt 0.996968 0.864816
vt 0.996968 0.888121
vt 0.777037 0.529828
vt 0.776990 0.505990
vt 0.777037 0.505990
vt 0.631531 0.793062
vt 0.631889 0.816657
vt 0.631531 0.816366
vt 0.997338 0.864525
vt 0.997338 0.888412
vt 0.777325 0.529519
vt 0.777325 0.506262
vt 0.729297 0.529527
vt 0.729589 0.505990
vt 0.729589 0.529835
vt 0.848362 0.210260
vt 0.871762 0.234111
vt 0.848362 0.234147
vt 0.729635 0.505990
vt 0.729635 0.529835
vt 0.631889 0.792770
vt 0.631934 0.816657
vt 0.634849 0.840544
vt 0.634804 0.816657
vt 0.634849 0.816657
vt 0.974913 0.912015
vt 0.996968 0.888704
vt 0.996968 0.912008
vt 0.220666 0.837730
vt 0.220711 0.861617
vt 0.220666 0.861617
vt 0.220307 0.838021
vt 0.220307 0.861326
vt 0.997338 0.912299
vt 0.778663 0.529519
vt 0.778375 0.505990
vt 0.778663 0.506262
vt 0.723891 0.529527
vt 0.724183 0.505990
vt 0.724183 0.529835
vt 0.816425 0.529879
vt 0.839825 0.553730
vt 0.816425 0.553765
vt 0.448857 0.836235
vt 0.448812 0.812348
vt 0.448857 0.812348
vt 0.778375 0.529828
vt 0.778329 0.505990
vt 0.724229 0.505990
vt 0.724229 0.529835
vt 0.970354 0.477435
vt 0.992408 0.454124
vt 0.992408 0.477428
vt 0.219455 0.837730
vt 0.219500 0.861617
vt 0.219455 0.861617
vt 0.219097 0.838021
vt 0.219097 0.861326
vt 0.992779 0.453833
vt 0.992779 0.477720
vt 0.779333 0.529519
vt 0.779045 0.505990
vt 0.779333 0.506262
vt 0.723216 0.529527
vt 0.723507 0.505990
vt 0.723507 0.529835
vt 0.793066 0.505983
vt 0.816465 0.482061
vt 0.816465 0.505947
vt 0.464753 0.836235
vt 0.464708 0.812348
vt 0.464753 0.812348
vt 0.779045 0.529828
vt 0.778998 0.505990
vt 0.723554 0.505990
vt 0.723554 0.529835
vt 0.466422 0.987883
vt 0.488476 0.964572
vt 0.488476 0.987877
vt 0.165749 0.816746
vt 0.165794 0.840633
vt 0.165749 0.840633
vt 0.165390 0.817037
vt 0.165390 0.840341
vt 0.488847 0.964281
vt 0.488847 0.988168
vt 0.781676 0.529519
vt 0.781387 0.505990
vt 0.781676 0.506262
vt 0.729635 0.529527
vt 0.729926 0.505990
vt 0.729926 0.529835
vt 0.801564 0.234196
vt 0.824963 0.258046
vt 0.801564 0.258082
vt 0.465251 0.838542
vt 0.465206 0.814655
vt 0.465251 0.814655
vt 0.781387 0.529828
vt 0.781341 0.505990
vt 0.729973 0.505990
vt 0.729973 0.529835
vt 0.849727 0.621077
vt 0.961792 0.669984
vt 0.915373 0.788456
vt 0.228662 0.742001
vt 0.232252 0.794491
vt 0.168344 0.789895
vt 0.171339 0.859252
vt 0.168344 0.859259
vt 0.455684 0.788462
vt 0.452393 0.839921
vt 0.452579 0.788469
vt 0.449058 0.739015
vt 0.446059 0.669645
vt 0.449058 0.669652
vt 0.455498 0.839914
vt 0.452579 0.909199
vt 0.436363 0.788462
vt 0.446059 0.739008
vt 0.433364 0.620998
vt 0.436363 0.621005
vt 0.517002 0.790441
vt 0.468857 0.672026
vt 0.584994 0.622978
vt 0.464753 0.739015
vt 0.449058 0.788455
vt 0.461753 0.739008
vt 0.700242 0.432268
vt 0.701064 0.432861
vt 0.701004 0.433415
vt 0.549853 0.308708
vt 0.549544 0.307605
vt 0.549853 0.307256
vt 0.699889 0.429870
vt 0.699671 0.430815
vt 0.699442 0.429437
vt 0.700776 0.430364
vt 0.700026 0.431003
vt 0.701896 0.430801
vt 0.700570 0.431351
vt 0.701386 0.431916
vt 0.700400 0.431954
vt 0.466303 0.621552
vt 0.465935 0.622199
vt 0.465922 0.620998
vt 0.747352 0.480441
vt 0.747223 0.481385
vt 0.746367 0.480687
vt 0.748446 0.479943
vt 0.747860 0.481274
vt 0.748824 0.481086
vt 0.748125 0.481780
vt 0.465945 0.623692
vt 0.466323 0.624624
vt 0.465948 0.625084
vt 0.466303 0.622507
vt 0.466309 0.623484
vt 0.466312 0.691948
vt 0.465933 0.692896
vt 0.465937 0.691539
vt 0.813829 0.481218
vt 0.814343 0.481915
vt 0.813272 0.482061
vt 0.814278 0.480077
vt 0.814738 0.481410
vt 0.815301 0.480579
vt 0.815245 0.481523
vt 0.465923 0.694300
vt 0.466291 0.694837
vt 0.465909 0.695382
vt 0.466291 0.693985
vt 0.874942 0.431330
vt 0.875501 0.430732
vt 0.875293 0.431883
vt 0.861266 0.432240
vt 0.862068 0.432282
vt 0.861412 0.433187
vt 0.860828 0.431123
vt 0.862028 0.431678
vt 0.861876 0.430691
vt 0.862442 0.431333
vt 0.875657 0.429275
vt 0.875262 0.428332
vt 0.875719 0.427895
vt 0.875235 0.429466
vt 0.875133 0.430419
vt 0.874905 0.429817
vt 0.875262 0.360826
vt 0.875657 0.359884
vt 0.875719 0.361260
vt 0.861876 0.362197
vt 0.862442 0.361561
vt 0.862587 0.362694
vt 0.860828 0.361759
vt 0.862028 0.361211
vt 0.861266 0.360645
vt 0.862068 0.360611
vt 0.875501 0.358437
vt 0.874942 0.357848
vt 0.875293 0.357298
vt 0.875133 0.358748
vt 0.875235 0.359695
vt 0.874905 0.359351
vt 0.232968 0.843778
vt 0.233342 0.843223
vt 0.233349 0.844326
vt 0.815301 0.312120
vt 0.815245 0.311180
vt 0.816108 0.311877
vt 0.814278 0.312617
vt 0.814738 0.311288
vt 0.813829 0.311475
vt 0.814343 0.310784
vt 0.233337 0.841804
vt 0.232958 0.840857
vt 0.233335 0.840439
vt 0.232971 0.841980
vt 0.232958 0.773435
vt 0.233337 0.772499
vt 0.233335 0.773887
vt 0.748824 0.311343
vt 0.748125 0.310650
vt 0.749203 0.310503
vt 0.748446 0.312483
vt 0.747860 0.311152
vt 0.747352 0.311982
vt 0.747223 0.311042
vt 0.233342 0.771018
vt 0.232968 0.770388
vt 0.233349 0.769834
vt 0.232971 0.772296
vt 0.232974 0.771328
vt 0.701064 0.359378
vt 0.700242 0.359972
vt 0.701004 0.358828
vt 0.701386 0.360321
vt 0.700400 0.360282
vt 0.701896 0.361437
vt 0.700570 0.360884
vt 0.700776 0.361870
vt 0.700026 0.361232
vt 0.699671 0.361423
vt 0.699889 0.362364
vt 0.699442 0.362801
vt 0.547323 0.305758
vt 0.547014 0.306881
vt 0.547014 0.305920
vt 0.465935 0.622199
vt 0.465542 0.621553
vt 0.465565 0.622508
vt 0.465562 0.624625
vt 0.584593 0.791583
vt 0.585163 0.792276
vt 0.584054 0.792425
vt 0.585042 0.790441
vt 0.585544 0.791772
vt 0.586113 0.790940
vt 0.586094 0.791883
vt 0.182595 0.667938
vt 0.181919 0.668604
vt 0.182165 0.667536
vt 0.633331 0.742644
vt 0.634414 0.742566
vt 0.633522 0.743603
vt 0.633139 0.741392
vt 0.634280 0.741891
vt 0.634137 0.740659
vt 0.634831 0.741538
vt 0.181763 0.670055
vt 0.182225 0.671362
vt 0.181738 0.671488
vt 0.182342 0.668963
vt 0.182232 0.669984
vt 0.516782 0.792675
vt 0.518137 0.792334
vt 0.518189 0.792770
vt 0.515772 0.791821
vt 0.516780 0.792246
vt 0.514758 0.790907
vt 0.515351 0.792071
vt 0.514289 0.791124
vt 0.515753 0.790657
vt 0.516473 0.791644
vt 0.517701 0.791479
vt 0.467268 0.742859
vt 0.468068 0.743452
vt 0.468057 0.744004
vt 0.548597 0.308585
vt 0.548287 0.307466
vt 0.548597 0.307120
vt 0.466853 0.740464
vt 0.466678 0.741407
vt 0.466440 0.740029
vt 0.467734 0.740957
vt 0.466997 0.741596
vt 0.468876 0.741392
vt 0.467531 0.741944
vt 0.468364 0.742507
vt 0.467383 0.742546
vt 0.466658 0.672013
vt 0.466834 0.672956
vt 0.466422 0.673392
vt 0.549688 0.310027
vt 0.549379 0.310181
vt 0.468047 0.669967
vt 0.467248 0.670562
vt 0.468036 0.669416
vt 0.468344 0.670911
vt 0.467363 0.670873
vt 0.467511 0.671475
vt 0.467714 0.672462
vt 0.466977 0.671823
vt 0.465549 0.843165
vt 0.465936 0.843720
vt 0.465556 0.844268
vt 0.465544 0.841745
vt 0.465918 0.842851
vt 0.465926 0.840798
vt 0.465542 0.840381
vt 0.517359 0.621836
vt 0.516675 0.621143
vt 0.517788 0.620994
vt 0.516954 0.622978
vt 0.516374 0.621647
vt 0.515838 0.622478
vt 0.515743 0.621537
vt 0.465544 0.772440
vt 0.465926 0.773377
vt 0.465542 0.773829
vt 0.465918 0.771270
vt 0.465915 0.772238
vt 0.465936 0.770330
vt 0.465549 0.770960
vt 0.465556 0.769775
vt 0.586066 0.622478
vt 0.586046 0.621537
vt 0.586937 0.622232
vt 0.585496 0.621647
vt 0.584545 0.621836
vt 0.585114 0.621143
vt 0.181956 0.740960
vt 0.182516 0.741562
vt 0.182165 0.742116
vt 0.181800 0.739500
vt 0.182324 0.740647
vt 0.182195 0.738557
vt 0.181738 0.738119
vt 0.634218 0.672462
vt 0.634841 0.671823
vt 0.634989 0.672956
vt 0.633120 0.672026
vt 0.634386 0.671475
vt 0.633587 0.670911
vt 0.634454 0.670873
vt 0.745724 0.480625
vt 0.749203 0.481931
vt 0.863097 0.479385
vt 0.862587 0.430201
vt 0.862587 0.310503
vt 0.863097 0.310564
vt 0.861412 0.359703
vt 0.813272 0.310633
vt 0.746367 0.311735
vt 0.586985 0.791187
vt 0.194379 0.621064
vt 0.194890 0.621006
vt 0.465542 0.691638
vt 0.514857 0.622232
vt 0.514242 0.622297
vt 0.584006 0.620994
vt 0.633774 0.669967
vt 0.194890 0.789945
vt 0.634920 0.740159
vt 0.547328 0.307249
vt 0.547169 0.308808
vt 0.547328 0.310189
vt 0.547971 0.310062
vt 0.548133 0.308742
vt 0.547971 0.307249
vt 0.543927 0.208812
vt 0.543927 0.210193
vt 0.548133 0.310062
vt 0.548287 0.308673
vt 0.548133 0.307120
vt 0.544384 0.305758
vt 0.544082 0.307053
vt 0.543927 0.307044
vt 0.543927 0.308554
vt 0.544384 0.309872
vt 0.699532 0.430871
vt 0.700106 0.432332
vt 0.906563 0.095256
vt 0.928681 0.072017
vt 0.928681 0.095321
vt 0.220666 0.813843
vt 0.220711 0.837730
vt 0.220666 0.837730
vt 0.906563 0.071952
vt 0.906194 0.095549
vt 0.906194 0.071663
vt 0.220307 0.814134
vt 0.220307 0.837439
vt 0.739428 0.529527
vt 0.739718 0.505990
vt 0.739718 0.529835
vt 0.756566 0.529516
vt 0.756278 0.505990
vt 0.756566 0.506261
vt 0.886655 0.553730
vt 0.863224 0.529845
vt 0.886655 0.529843
vt 0.739765 0.505990
vt 0.739765 0.529835
vt 0.756231 0.529826
vt 0.756231 0.505990
vt 0.232732 0.812102
vt 0.232777 0.835988
vt 0.232732 0.835988
vt 0.951167 0.119207
vt 0.929050 0.095838
vt 0.951167 0.095903
vt 0.160098 0.792859
vt 0.160143 0.816746
vt 0.160098 0.816746
vt 0.928681 0.119435
vt 0.928681 0.095549
vt 0.159739 0.793150
vt 0.159739 0.816454
vt 0.739765 0.506263
vt 0.740056 0.529835
vt 0.739765 0.529527
vt 0.748862 0.529516
vt 0.748574 0.505990
vt 0.748862 0.506261
vt 0.925386 0.382167
vt 0.901955 0.358281
vt 0.925386 0.358280
vt 0.740056 0.505990
vt 0.740102 0.529835
vt 0.748574 0.529826
vt 0.748527 0.505990
vt 0.232777 0.812102
vt 0.232822 0.835988
vt 0.232777 0.835988
vt 0.424461 0.931670
vt 0.402344 0.908301
vt 0.424461 0.908366
vt 0.221110 0.813843
vt 0.221155 0.837730
vt 0.221110 0.837730
vt 0.402344 0.931605
vt 0.401975 0.908011
vt 0.220751 0.837439
vt 0.740102 0.506263
vt 0.740393 0.529835
vt 0.740102 0.529527
vt 0.751877 0.529516
vt 0.751589 0.505990
vt 0.751877 0.506261
vt 0.886655 0.553765
vt 0.863224 0.577654
vt 0.863224 0.553767
vt 0.740440 0.505990
vt 0.740440 0.529835
vt 0.751589 0.529826
vt 0.751542 0.505990
vt 0.232684 0.814875
vt 0.232729 0.790989
vt 0.232729 0.814875
vt 0.932612 0.529607
vt 0.910494 0.506239
vt 0.932612 0.506304
vt 0.396479 0.816661
vt 0.396524 0.840548
vt 0.396479 0.840548
vt 0.910494 0.529542
vt 0.910125 0.505949
vt 0.396120 0.840257
vt 0.737066 0.529527
vt 0.737356 0.505990
vt 0.737356 0.529835
vt 0.754557 0.506261
vt 0.754268 0.529826
vt 0.754268 0.505990
vt 0.910085 0.553730
vt 0.886655 0.529845
vt 0.910085 0.529843
vt 0.737403 0.505990
vt 0.737403 0.529835
vt 0.754222 0.529826
vt 0.754222 0.505990
vt 0.465159 0.790985
vt 0.465204 0.814871
vt 0.465159 0.814871
vt 0.947872 0.405826
vt 0.925754 0.382458
vt 0.947872 0.382523
vt 0.630275 0.816657
vt 0.630320 0.840544
vt 0.630275 0.840544
vt 0.925754 0.405761
vt 0.925386 0.382168
vt 0.629916 0.840253
vt 0.740440 0.506263
vt 0.740730 0.529835
vt 0.740440 0.529527
vt 0.756901 0.529516
vt 0.756613 0.505990
vt 0.756901 0.506261
vt 0.918623 0.210189
vt 0.895192 0.186304
vt 0.918623 0.186302
vt 0.740777 0.505990
vt 0.740777 0.529835
vt 0.756566 0.529826
vt 0.756566 0.505990
vt 0.634854 0.792771
vt 0.634899 0.816657
vt 0.634854 0.816657
vt 0.929050 0.143028
vt 0.951167 0.119790
vt 0.951167 0.143093
vt 0.159694 0.816746
vt 0.159739 0.840633
vt 0.159694 0.840633
vt 0.928681 0.119435
vt 0.929050 0.119724
vt 0.159336 0.817037
vt 0.159336 0.840341
vt 0.744151 0.529527
vt 0.744442 0.505990
vt 0.744442 0.529835
vt 0.749197 0.529516
vt 0.748909 0.505990
vt 0.749197 0.506261
vt 0.925386 0.453832
vt 0.901955 0.429946
vt 0.925386 0.429945
vt 0.744488 0.529835
vt 0.748862 0.529826
vt 0.748862 0.505990
vt 0.448947 0.788462
vt 0.448992 0.812348
vt 0.448947 0.812348
vt 0.932941 0.553436
vt 0.955058 0.530198
vt 0.955058 0.553501
vt 0.219052 0.837730
vt 0.219096 0.861617
vt 0.219052 0.861617
vt 0.932572 0.529843
vt 0.932941 0.530133
vt 0.218693 0.838021
vt 0.218693 0.861326
vt 0.744488 0.529527
vt 0.744779 0.505990
vt 0.744779 0.529835
vt 0.757236 0.506261
vt 0.756948 0.529826
vt 0.756948 0.505990
vt 0.918623 0.234078
vt 0.895192 0.210192
vt 0.918623 0.210191
vt 0.744826 0.529835
vt 0.756901 0.505990
vt 0.232868 0.788215
vt 0.232913 0.812102
vt 0.232868 0.812102
vt 0.193946 0.933146
vt 0.171828 0.909778
vt 0.193946 0.909843
vt 0.745117 0.529835
vt 0.745163 0.505990
vt 0.745163 0.529835
vt 0.171459 0.933374
vt 0.171459 0.909488
vt 0.163775 0.817037
vt 0.164134 0.840633
vt 0.163775 0.840341
vt 0.744826 0.529527
vt 0.745117 0.505990
vt 0.754892 0.529516
vt 0.754603 0.505990
vt 0.754892 0.506261
vt 0.895192 0.282011
vt 0.871762 0.305899
vt 0.871762 0.282012
vt 0.754557 0.529826
vt 0.754557 0.505990
vt 0.224856 0.742309
vt 0.224901 0.766196
vt 0.224856 0.766196
vt 0.164134 0.816746
vt 0.164179 0.840633
vt 0.947872 0.429715
vt 0.925754 0.406346
vt 0.947872 0.406411
vt 0.741068 0.529835
vt 0.741114 0.505990
vt 0.741114 0.529835
vt 0.925386 0.429942
vt 0.925386 0.406056
vt 0.399349 0.840839
vt 0.399708 0.864435
vt 0.399349 0.864144
vt 0.740777 0.506263
vt 0.740777 0.529527
vt 0.749532 0.529516
vt 0.749244 0.505990
vt 0.749532 0.506261
vt 0.925386 0.406055
vt 0.901955 0.382169
vt 0.925386 0.382168
vt 0.749197 0.529826
vt 0.749197 0.505990
vt 0.224856 0.790082
vt 0.224901 0.813969
vt 0.224856 0.813969
vt 0.399708 0.840548
vt 0.399753 0.864435
vt 0.447892 0.931670
vt 0.425774 0.908301
vt 0.447892 0.908366
vt 0.745454 0.505990
vt 0.745501 0.529835
vt 0.745454 0.529835
vt 0.425774 0.931605
vt 0.425405 0.908011
vt 0.165794 0.840341
vt 0.166152 0.816746
vt 0.166152 0.840633
vt 0.745163 0.506263
vt 0.745163 0.529527
vt 0.755226 0.506261
vt 0.754938 0.529826
vt 0.754938 0.505990
vt 0.910085 0.577653
vt 0.886655 0.553767
vt 0.910085 0.553766
vt 0.754891 0.505990
vt 0.400674 0.792774
vt 0.400719 0.816661
vt 0.400674 0.816661
vt 0.166197 0.840633
vt 0.195259 0.933092
vt 0.217376 0.909854
vt 0.217376 0.933157
vt 0.741405 0.505990
vt 0.741452 0.529835
vt 0.741405 0.529835
vt 0.194890 0.909499
vt 0.195259 0.909789
vt 0.167408 0.817037
vt 0.167767 0.840633
vt 0.167408 0.840341
vt 0.741114 0.529527
vt 0.757571 0.529516
vt 0.757282 0.505990
vt 0.757571 0.506261
vt 0.918623 0.257966
vt 0.895192 0.234080
vt 0.918623 0.234079
vt 0.757236 0.529826
vt 0.757236 0.505990
vt 0.232823 0.812102
vt 0.232868 0.835988
vt 0.232823 0.835988
vt 0.167767 0.816746
vt 0.167812 0.840633
vt 0.951167 0.166979
vt 0.929050 0.143611
vt 0.951167 0.143676
vt 0.743092 0.505990
vt 0.743139 0.529835
vt 0.743092 0.529835
vt 0.929050 0.166914
vt 0.928681 0.143321
vt 0.401930 0.840548
vt 0.401930 0.864435
vt 0.742801 0.529527
vt 0.757906 0.529516
vt 0.757617 0.505990
vt 0.757906 0.506261
vt 0.918623 0.281922
vt 0.895193 0.258036
vt 0.918623 0.258035
vt 0.757571 0.529826
vt 0.757571 0.505990
vt 0.449013 0.788462
vt 0.449058 0.812348
vt 0.449013 0.812348
vt 0.401975 0.864435
vt 0.932941 0.577325
vt 0.955059 0.554086
vt 0.955059 0.577390
vt 0.746129 0.505990
vt 0.746175 0.529835
vt 0.746129 0.529835
vt 0.932572 0.553732
vt 0.932941 0.554021
vt 0.629109 0.840836
vt 0.629467 0.864431
vt 0.629109 0.864140
vt 0.745838 0.506263
vt 0.745838 0.529527
vt 0.755561 0.506261
vt 0.755273 0.529826
vt 0.755273 0.505990
vt 0.929625 0.023887
vt 0.906194 0.000001
vt 0.929625 -0.000000
vt 0.755226 0.529826
vt 0.755226 0.505990
vt 0.464708 0.788462
vt 0.464753 0.812348
vt 0.464708 0.812348
vt 0.629467 0.840544
vt 0.629512 0.864431
vt 0.941110 0.209961
vt 0.918992 0.186592
vt 0.941110 0.186657
vt 0.736682 0.505990
vt 0.736728 0.529835
vt 0.736682 0.529835
vt 0.918992 0.209895
vt 0.918623 0.186302
vt 0.220751 0.838021
vt 0.221110 0.861617
vt 0.220751 0.861326
vt 0.736391 0.506263
vt 0.736391 0.529527
vt 0.755896 0.506261
vt 0.755608 0.529826
vt 0.755608 0.505990
vt 0.425405 0.908010
vt 0.401975 0.884124
vt 0.425405 0.884123
vt 0.755561 0.529826
vt 0.755561 0.505990
vt 0.168215 0.792859
vt 0.168260 0.816745
vt 0.168215 0.816745
vt 0.221110 0.837730
vt 0.221155 0.861617
vt 0.906563 0.071370
vt 0.928681 0.048131
vt 0.928681 0.071435
vt 0.232913 0.812102
vt 0.232958 0.835988
vt 0.232913 0.835988
vt 0.906563 0.048066
vt 0.906194 0.071663
vt 0.906194 0.047777
vt 0.166197 0.817037
vt 0.166556 0.840633
vt 0.166197 0.840341
vt 0.738078 0.506263
vt 0.738369 0.529835
vt 0.738078 0.529527
vt 0.749867 0.529516
vt 0.749579 0.505990
vt 0.749867 0.506261
vt 0.425405 0.884122
vt 0.401975 0.860236
vt 0.425405 0.860235
vt 0.166556 0.816746
vt 0.166601 0.840633
vt 0.738415 0.505990
vt 0.738415 0.529835
vt 0.749579 0.529826
vt 0.749532 0.505990
vt 0.952111 0.023658
vt 0.929994 0.000290
vt 0.952111 0.000355
vt 0.449013 0.812348
vt 0.449058 0.836235
vt 0.449013 0.836235
vt 0.929625 0.023886
vt 0.929625 -0.000000
vt 0.232275 0.840768
vt 0.232634 0.864364
vt 0.232275 0.864072
vt 0.738415 0.529527
vt 0.738706 0.505990
vt 0.738706 0.529835
vt 0.759245 0.529516
vt 0.758957 0.505990
vt 0.759245 0.506261
vt 0.918623 0.305857
vt 0.895192 0.281972
vt 0.918623 0.281970
vt 0.232634 0.840477
vt 0.232679 0.864364
vt 0.738753 0.505990
vt 0.738753 0.529835
vt 0.758957 0.529826
vt 0.758910 0.505990
vt 0.941110 0.233847
vt 0.918992 0.210478
vt 0.941110 0.210543
vt 0.634944 0.792771
vt 0.634989 0.816657
vt 0.634944 0.816657
vt 0.918992 0.233782
vt 0.918623 0.210188
vt 0.464764 0.840796
vt 0.465123 0.864392
vt 0.464764 0.864101
vt 0.741452 0.529527
vt 0.741743 0.505990
vt 0.741743 0.529835
vt 0.750202 0.506261
vt 0.749914 0.529826
vt 0.749914 0.505990
vt 0.925386 0.429943
vt 0.901955 0.406058
vt 0.925386 0.406056
vt 0.465123 0.840505
vt 0.465168 0.864392
vt 0.741789 0.505990
vt 0.741789 0.529835
vt 0.749867 0.529826
vt 0.749867 0.505990
vt 0.925754 0.357985
vt 0.947872 0.334746
vt 0.947872 0.358050
vt 0.400560 0.792774
vt 0.400605 0.816661
vt 0.400560 0.816661
vt 0.925386 0.334392
vt 0.925754 0.334681
vt 0.166601 0.840341
vt 0.166959 0.816746
vt 0.166959 0.840633
vt 0.736728 0.506263
vt 0.737019 0.529835
vt 0.736728 0.529527
vt 0.750537 0.529516
vt 0.750249 0.505990
vt 0.750537 0.506261
vt 0.910125 0.482061
vt 0.886695 0.505949
vt 0.886695 0.482062
vt 0.167004 0.840633
vt 0.737066 0.505990
vt 0.737066 0.529835
vt 0.750249 0.529826
vt 0.750202 0.505990
vt 0.941110 0.257737
vt 0.918992 0.234369
vt 0.941110 0.234434
vt 0.168299 0.792859
vt 0.168344 0.816745
vt 0.168299 0.816745
vt 0.918992 0.257672
vt 0.918623 0.234079
vt 0.396927 0.840839
vt 0.397286 0.864435
vt 0.396927 0.864144
vt 0.741789 0.529527
vt 0.742080 0.505990
vt 0.742080 0.529835
vt 0.759580 0.529516
vt 0.759292 0.505990
vt 0.759580 0.506261
vt 0.925386 0.334390
vt 0.901955 0.310505
vt 0.925386 0.310503
vt 0.397286 0.840548
vt 0.397331 0.864435
vt 0.742127 0.529835
vt 0.759292 0.529826
vt 0.759245 0.505990
vt 0.932941 0.601247
vt 0.955059 0.578008
vt 0.955059 0.601312
vt 0.466368 0.812093
vt 0.466413 0.835980
vt 0.466368 0.835980
vt 0.932941 0.577943
vt 0.932572 0.601540
vt 0.932572 0.577654
vt 0.633145 0.840836
vt 0.633504 0.864431
vt 0.633145 0.864140
vt 0.737403 0.506263
vt 0.737694 0.529835
vt 0.737403 0.529527
vt 0.752212 0.529516
vt 0.751924 0.505990
vt 0.752212 0.506261
vt 0.929625 0.023888
vt 0.906194 0.047777
vt 0.906194 0.023890
vt 0.633504 0.840544
vt 0.633549 0.864431
vt 0.737740 0.505990
vt 0.737740 0.529835
vt 0.751924 0.529826
vt 0.751877 0.505990
vt 0.906563 0.119142
vt 0.928681 0.095903
vt 0.928681 0.119207
vt 0.448968 0.812348
vt 0.449013 0.836235
vt 0.448968 0.836235
vt 0.906563 0.095838
vt 0.906194 0.119435
vt 0.906194 0.095549
vt 0.396524 0.840839
vt 0.396882 0.864435
vt 0.396524 0.864144
vt 0.735041 0.529527
vt 0.735332 0.505990
vt 0.735332 0.529835
vt 0.758241 0.529516
vt 0.757952 0.505990
vt 0.758241 0.506261
vt 0.925386 0.477720
vt 0.901955 0.453834
vt 0.925386 0.453833
vt 0.396882 0.840548
vt 0.396927 0.864435
vt 0.735379 0.505990
vt 0.735379 0.529835
vt 0.757952 0.529826
vt 0.757906 0.505990
vt 0.925754 0.453538
vt 0.947872 0.430299
vt 0.947872 0.453603
vt 0.739043 0.529835
vt 0.739090 0.505990
vt 0.739090 0.529835
vt 0.925386 0.429945
vt 0.925754 0.430234
vt 0.219500 0.813551
vt 0.219859 0.789956
vt 0.219859 0.813843
vt 0.738753 0.529527
vt 0.739043 0.505990
vt 0.750872 0.529516
vt 0.750584 0.505990
vt 0.750872 0.506261
vt 0.886655 0.601575
vt 0.863224 0.577689
vt 0.886655 0.577688
vt 0.750584 0.529826
vt 0.750537 0.505990
vt 0.228502 0.790124
vt 0.228547 0.814010
vt 0.228502 0.814010
vt 0.219904 0.813843
vt 0.929994 0.047481
vt 0.952112 0.024243
vt 0.952112 0.047546
vt 0.746466 0.529835
vt 0.746513 0.505990
vt 0.746513 0.529835
vt 0.929994 0.024178
vt 0.929625 0.047774
vt 0.929625 0.023888
vt 0.631934 0.793062
vt 0.632293 0.816657
vt 0.631934 0.816366
vt 0.746175 0.529527
vt 0.746466 0.505990
vt 0.752547 0.529516
vt 0.752259 0.505990
vt 0.752547 0.506261
vt 0.886695 0.505948
vt 0.863264 0.482062
vt 0.886695 0.482061
vt 0.752259 0.529826
vt 0.752212 0.505990
vt 0.466368 0.764320
vt 0.466413 0.788206
vt 0.466368 0.788206
vt 0.632293 0.792770
vt 0.632338 0.816657
vt 0.947872 0.477491
vt 0.925754 0.454123
vt 0.947872 0.454188
vt 0.735669 0.529835
vt 0.735716 0.505990
vt 0.735716 0.529835
vt 0.925754 0.477426
vt 0.925386 0.453833
vt 0.398945 0.816370
vt 0.399304 0.792774
vt 0.399304 0.816661
vt 0.735379 0.529527
vt 0.735669 0.505990
vt 0.747522 0.529516
vt 0.747234 0.505990
vt 0.747522 0.506261
vt 0.448836 0.884123
vt 0.425405 0.908011
vt 0.425405 0.884124
vt 0.747234 0.529826
vt 0.747188 0.505990
vt 0.228617 0.742350
vt 0.228662 0.766237
vt 0.228617 0.766237
vt 0.399349 0.816661
vt 0.932572 0.553502
vt 0.910454 0.530133
vt 0.932572 0.530198
vt 0.742417 0.505990
vt 0.742464 0.529835
vt 0.742417 0.529835
vt 0.910454 0.553436
vt 0.399349 0.816370
vt 0.399708 0.792774
vt 0.399708 0.816661
vt 0.742127 0.506263
vt 0.742127 0.529527
vt 0.758575 0.506261
vt 0.758287 0.529826
vt 0.758287 0.505990
vt 0.886695 0.505949
vt 0.863264 0.529838
vt 0.863264 0.505951
vt 0.758241 0.505990
vt 0.224766 0.742309
vt 0.224811 0.766196
vt 0.224766 0.766196
vt 0.399753 0.816661
vt 0.932981 0.505654
vt 0.955099 0.482416
vt 0.955099 0.505719
vt 0.739381 0.505990
vt 0.739428 0.529835
vt 0.739381 0.529835
vt 0.932612 0.482061
vt 0.932981 0.482351
vt 0.160143 0.816454
vt 0.160501 0.792859
vt 0.160501 0.816746
vt 0.739090 0.506263
vt 0.739090 0.529527
vt 0.751207 0.529516
vt 0.750919 0.505990
vt 0.751207 0.506261
vt 0.925386 0.358279
vt 0.901955 0.334393
vt 0.925386 0.334392
vt 0.750919 0.529826
vt 0.750872 0.505990
vt 0.232777 0.740442
vt 0.232822 0.764328
vt 0.232777 0.764328
vt 0.160546 0.816746
vt 0.910454 0.577325
vt 0.932572 0.554086
vt 0.932572 0.577390
vt 0.466368 0.740433
vt 0.466413 0.764320
vt 0.466368 0.764320
vt 0.910085 0.553732
vt 0.910454 0.554021
vt 0.399753 0.816370
vt 0.400111 0.792774
vt 0.400111 0.816661
vt 0.735716 0.529527
vt 0.736007 0.505990
vt 0.736007 0.529835
vt 0.758910 0.529516
vt 0.758622 0.505990
vt 0.758910 0.506261
vt 0.895192 0.210189
vt 0.871762 0.186304
vt 0.895192 0.186302
vt 0.400156 0.816661
vt 0.736053 0.505990
vt 0.736053 0.529835
vt 0.758622 0.529826
vt 0.758575 0.505990
vt 0.941110 0.281625
vt 0.918992 0.258257
vt 0.941110 0.258322
vt 0.232823 0.740442
vt 0.232868 0.764328
vt 0.232823 0.764328
vt 0.918992 0.281560
vt 0.918623 0.257967
vt 0.632338 0.816366
vt 0.632696 0.792770
vt 0.632696 0.816657
vt 0.737740 0.529527
vt 0.738031 0.505990
vt 0.738031 0.529835
vt 0.747858 0.506261
vt 0.747569 0.529826
vt 0.747569 0.505990
vt 0.910125 0.529836
vt 0.886695 0.505951
vt 0.910125 0.505949
vt 0.632741 0.816657
vt 0.738078 0.505990
vt 0.738078 0.529835
vt 0.747523 0.505990
vt 0.928681 0.143093
vt 0.906563 0.119724
vt 0.928681 0.119789
vt 0.224721 0.742309
vt 0.224766 0.766196
vt 0.224721 0.766196
vt 0.906563 0.143028
vt 0.906194 0.119435
vt 0.401571 0.816370
vt 0.401930 0.792774
vt 0.401930 0.816661
vt 0.736054 0.506263
vt 0.736344 0.529835
vt 0.736054 0.529527
vt 0.748193 0.506261
vt 0.747904 0.529826
vt 0.747904 0.505990
vt 0.895193 0.234078
vt 0.871762 0.210192
vt 0.895193 0.210191
vt 0.401975 0.816661
vt 0.736391 0.505990
vt 0.736391 0.529835
vt 0.747858 0.505990
vt 0.918992 0.305563
vt 0.941110 0.282325
vt 0.941110 0.305629
vt 0.744105 0.529835
vt 0.744151 0.505990
vt 0.744151 0.529835
vt 0.918623 0.281970
vt 0.918992 0.282260
vt 0.400156 0.816370
vt 0.400515 0.792774
vt 0.400515 0.816661
vt 0.743814 0.506263
vt 0.743814 0.529527
vt 0.753217 0.506261
vt 0.752929 0.529826
vt 0.752929 0.505990
vt 0.448836 0.884122
vt 0.425405 0.860236
vt 0.448836 0.860235
vt 0.752882 0.529826
vt 0.752882 0.505990
vt 0.232868 0.812102
vt 0.232913 0.835988
vt 0.232868 0.835988
vt 0.400560 0.816661
vt 0.932572 0.601312
vt 0.910454 0.577943
vt 0.932572 0.578008
vt 0.743430 0.529835
vt 0.743476 0.505990
vt 0.743476 0.529835
vt 0.910454 0.601247
vt 0.910085 0.577654
vt 0.633549 0.816949
vt 0.633907 0.840544
vt 0.633549 0.840253
vt 0.743139 0.529527
vt 0.743430 0.505990
vt 0.753552 0.529516
vt 0.753264 0.505990
vt 0.753552 0.506261
vt 0.895193 0.234147
vt 0.871762 0.258035
vt 0.871762 0.234148
vt 0.753217 0.529826
vt 0.753217 0.505990
vt 0.634759 0.792771
vt 0.634804 0.816657
vt 0.634759 0.816657
vt 0.633907 0.816657
vt 0.633952 0.840544
vt 0.928681 0.166979
vt 0.906563 0.143611
vt 0.928681 0.143676
vt 0.745791 0.529835
vt 0.745838 0.505990
vt 0.745838 0.529835
vt 0.906563 0.166914
vt 0.906194 0.143321
vt 0.397331 0.840257
vt 0.397690 0.816661
vt 0.397690 0.840548
vt 0.745501 0.529527
vt 0.745791 0.505990
vt 0.753887 0.529516
vt 0.753598 0.505990
vt 0.753887 0.506261
vt 0.895193 0.281969
vt 0.871762 0.258083
vt 0.895193 0.258082
vt 0.753552 0.529826
vt 0.753552 0.505990
vt 0.400719 0.792774
vt 0.400764 0.816661
vt 0.400719 0.816661
vt 0.397735 0.840548
vt 0.910494 0.505654
vt 0.932612 0.482416
vt 0.932612 0.505719
vt 0.747141 0.529835
vt 0.747188 0.505990
vt 0.747188 0.529835
vt 0.910125 0.482061
vt 0.910494 0.482351
vt 0.396927 0.840257
vt 0.397286 0.840548
vt 0.746850 0.529527
vt 0.747141 0.505990
vt 0.754222 0.506261
vt 0.753933 0.529826
vt 0.753933 0.505990
vt 0.194890 0.885599
vt 0.171459 0.861713
vt 0.194890 0.861712
vt 0.753887 0.529826
vt 0.753887 0.505990
vt 0.228617 0.790124
vt 0.228662 0.814010
vt 0.228617 0.814010
vt 0.925754 0.381873
vt 0.947872 0.358635
vt 0.947872 0.381938
vt 0.746804 0.529835
vt 0.746850 0.505990
vt 0.746850 0.529835
vt 0.925754 0.358569
vt 0.632741 0.816366
vt 0.633100 0.792770
vt 0.633100 0.816657
vt 0.746513 0.506263
vt 0.746513 0.529527
vt 0.756231 0.506261
vt 0.755943 0.529826
vt 0.755943 0.505990
vt 0.194890 0.909487
vt 0.171459 0.885601
vt 0.194890 0.885600
vt 0.755896 0.529826
vt 0.755896 0.505990
vt 0.224811 0.790082
vt 0.224811 0.813969
vt 0.633145 0.816657
vt 0.929050 0.071370
vt 0.951167 0.048131
vt 0.951167 0.071435
vt 0.400605 0.792774
vt 0.400650 0.816661
vt 0.400605 0.816661
vt 0.928681 0.047777
vt 0.929050 0.048066
vt 0.399753 0.816952
vt 0.399753 0.840257
vt 0.743476 0.529527
vt 0.743767 0.505990
vt 0.743767 0.529835
vt 0.752882 0.506261
vt 0.752594 0.529826
vt 0.752594 0.505990
vt 0.218320 0.861722
vt 0.194890 0.885611
vt 0.194890 0.861724
vt 0.400111 0.816661
vt 0.400156 0.840548
vt 0.743814 0.529835
vt 0.752547 0.505990
vt 0.951167 0.095321
vt 0.929050 0.071952
vt 0.951167 0.072017
vt 0.634899 0.792770
vt 0.634944 0.816657
vt 0.634899 0.816657
vt 0.929050 0.095256
vt 0.928681 0.071663
vt 0.631127 0.816949
vt 0.631486 0.840544
vt 0.631127 0.840253
vt 0.742464 0.529527
vt 0.742755 0.505990
vt 0.742755 0.529835
vt 0.751542 0.506261
vt 0.751254 0.529826
vt 0.751254 0.505990
vt 0.910085 0.577654
vt 0.886655 0.601542
vt 0.886655 0.577655
vt 0.631486 0.816657
vt 0.631531 0.840544
vt 0.742801 0.529835
vt 0.751207 0.505990
vt 0.947872 0.334161
vt 0.925754 0.310793
vt 0.947872 0.310858
vt 0.228572 0.790124
vt 0.228617 0.814010
vt 0.228572 0.814010
vt 0.925754 0.334096
vt 0.925386 0.310503
vt 0.396524 0.840257
vt 0.396882 0.816661
vt 0.396882 0.840548
vt 0.465204 0.742820
vt 0.465495 0.719283
vt 0.465495 0.743128
vt 0.748527 0.529516
vt 0.748239 0.505990
vt 0.748527 0.506261
vt 0.218320 0.909498
vt 0.194890 0.885612
vt 0.218320 0.885611
vt 0.396927 0.840548
vt 0.465542 0.743128
vt 0.748239 0.529826
vt 0.748192 0.505990
vt 0.046550 0.792859
vt 0.158932 0.842134
vt 0.112382 0.960452
vt 0.464687 0.857820
vt 0.461688 0.788473
vt 0.464687 0.788462
vt 0.221155 0.864022
vt 0.224721 0.794864
vt 0.224259 0.864039
vt 0.452393 0.788462
vt 0.449058 0.839938
vt 0.449288 0.788471
vt 0.221617 0.794847
vt 0.224259 0.742326
vt 0.452393 0.909205
vt 0.452163 0.839929
vt 0.464753 0.669652
vt 0.449058 0.620998
vt 0.452057 0.621005
vt 0.461753 0.669645
vt 0.637427 0.741907
vt 0.637427 0.672544
vt 0.801445 0.741667
vt 0.225558 0.673107
vt 0.228029 0.742350
vt 0.224925 0.742326
vt 0.875937 0.431519
vt 0.876496 0.432108
vt 0.876145 0.432658
vt 0.876203 0.430261
vt 0.876305 0.431207
vt 0.876176 0.429129
vt 0.875782 0.430072
vt 0.875719 0.428696
vt 0.395413 0.844201
vt 0.395975 0.843561
vt 0.396120 0.844693
vt 0.394369 0.843767
vt 0.395565 0.843214
vt 0.394805 0.842651
vt 0.395603 0.842611
vt 0.876533 0.430605
vt 0.232302 0.769365
vt 0.232669 0.768814
vt 0.232684 0.769912
vt 0.348951 0.794257
vt 0.348893 0.793315
vt 0.349754 0.794009
vt 0.347932 0.794758
vt 0.348389 0.793426
vt 0.347483 0.793616
vt 0.347994 0.792922
vt 0.232658 0.767398
vt 0.232280 0.766450
vt 0.232654 0.766035
vt 0.232301 0.768499
vt 0.232294 0.767573
vt 0.232280 0.699048
vt 0.232658 0.698113
vt 0.232654 0.699502
vt 0.282635 0.793672
vt 0.281936 0.792979
vt 0.283012 0.792829
vt 0.282260 0.794815
vt 0.281673 0.793483
vt 0.281167 0.794316
vt 0.281036 0.793373
vt 0.232669 0.696630
vt 0.232302 0.695995
vt 0.232684 0.695441
vt 0.232294 0.697909
vt 0.232301 0.696938
vt 0.234989 0.841844
vt 0.234166 0.842437
vt 0.234927 0.841291
vt 0.235312 0.842788
vt 0.234326 0.842750
vt 0.235822 0.843903
vt 0.234497 0.843353
vt 0.234704 0.844340
vt 0.233954 0.843700
vt 0.233596 0.843889
vt 0.233817 0.844833
vt 0.233368 0.845268
vt 0.548758 0.310188
vt 0.549068 0.309073
vt 0.549068 0.310029
vt 0.233817 0.912341
vt 0.233596 0.913283
vt 0.233368 0.911905
vt 0.234704 0.912834
vt 0.233954 0.913473
vt 0.235822 0.913269
vt 0.234497 0.913821
vt 0.235312 0.914384
vt 0.234326 0.914423
vt 0.234166 0.914734
vt 0.234989 0.915328
vt 0.234927 0.915879
vt 0.549235 0.307249
vt 0.549544 0.308360
vt 0.549235 0.308708
vt 0.233340 0.621561
vt 0.232976 0.622201
vt 0.232958 0.621006
vt 0.281167 0.962777
vt 0.281036 0.963719
vt 0.280182 0.963024
vt 0.282260 0.962277
vt 0.281673 0.963609
vt 0.282635 0.963418
vt 0.281936 0.964112
vt 0.232990 0.623688
vt 0.233368 0.624622
vt 0.232995 0.625079
vt 0.233353 0.623483
vt 0.233368 0.691991
vt 0.232990 0.692939
vt 0.232995 0.691579
vt 0.347483 0.963363
vt 0.347994 0.964055
vt 0.346925 0.964204
vt 0.347932 0.962221
vt 0.348389 0.963551
vt 0.348951 0.962719
vt 0.348893 0.963660
vt 0.232976 0.694350
vt 0.233340 0.694894
vt 0.232958 0.695441
vt 0.233344 0.694035
vt 0.876496 0.358626
vt 0.875937 0.359224
vt 0.876145 0.358073
vt 0.394805 0.914247
vt 0.395603 0.914283
vt 0.394948 0.915190
vt 0.394369 0.913132
vt 0.395565 0.913682
vt 0.395413 0.912695
vt 0.395975 0.913333
vt 0.875782 0.360681
vt 0.876176 0.361624
vt 0.875719 0.362061
vt 0.876305 0.359537
vt 0.876203 0.360490
vt 0.876533 0.360139
vt 0.232290 0.839378
vt 0.232684 0.839930
vt 0.232305 0.840477
vt 0.232279 0.837962
vt 0.232660 0.839064
vt 0.232662 0.837015
vt 0.232275 0.836600
vt 0.685870 0.622283
vt 0.685185 0.621588
vt 0.686296 0.621438
vt 0.685467 0.623426
vt 0.684886 0.622094
vt 0.684351 0.622927
vt 0.684255 0.621983
vt 0.636892 0.670331
vt 0.635674 0.671011
vt 0.636602 0.669928
vt 0.637194 0.671291
vt 0.635994 0.671369
vt 0.636207 0.672045
vt 0.636389 0.673277
vt 0.635577 0.672397
vt 0.635082 0.672471
vt 0.635494 0.673777
vt 0.634989 0.673906
vt 0.753318 0.621087
vt 0.752119 0.621433
vt 0.751913 0.620994
vt 0.546635 0.305758
vt 0.547014 0.307147
vt 0.546635 0.307249
vt 0.755492 0.622854
vt 0.754747 0.621690
vt 0.755806 0.622635
vt 0.754611 0.623108
vt 0.754473 0.621942
vt 0.753406 0.623326
vt 0.753852 0.622121
vt 0.752667 0.622289
vt 0.753467 0.621518
vt 0.901724 0.358891
vt 0.901165 0.358296
vt 0.901516 0.357744
vt 0.901880 0.360345
vt 0.901356 0.359204
vt 0.901485 0.361288
vt 0.901942 0.361724
vt 0.802541 0.672737
vt 0.803161 0.672095
vt 0.803309 0.673227
vt 0.801445 0.672304
vt 0.802709 0.671749
vt 0.801912 0.671187
vt 0.802775 0.671145
vt 0.901893 0.429738
vt 0.901498 0.428796
vt 0.901955 0.428361
vt 0.901370 0.430877
vt 0.901471 0.429927
vt 0.901179 0.431781
vt 0.901738 0.431189
vt 0.901530 0.432332
vt 0.801912 0.742781
vt 0.802775 0.742816
vt 0.802096 0.743723
vt 0.802709 0.742216
vt 0.802541 0.741230
vt 0.803161 0.741866
vt 0.232677 0.622201
vt 0.232280 0.621562
vt 0.232659 0.621006
vt 0.232691 0.623688
vt 0.232307 0.622510
vt 0.232308 0.624623
vt 0.232696 0.625079
vt 0.752956 0.791927
vt 0.753523 0.792617
vt 0.752416 0.792768
vt 0.753406 0.790785
vt 0.753905 0.792114
vt 0.754475 0.791282
vt 0.754453 0.792222
vt 0.232691 0.692939
vt 0.232308 0.691992
vt 0.232696 0.691579
vt 0.232307 0.694036
vt 0.232316 0.693113
vt 0.232280 0.694895
vt 0.232677 0.694350
vt 0.232659 0.695441
vt 0.684351 0.791385
vt 0.684255 0.792325
vt 0.683370 0.791631
vt 0.685467 0.790885
vt 0.684886 0.792215
vt 0.685870 0.792025
vt 0.685185 0.792717
vt 0.635815 0.743370
vt 0.636616 0.743965
vt 0.636602 0.744514
vt 0.548287 0.308597
vt 0.548597 0.309716
vt 0.548287 0.310062
vt 0.635404 0.740979
vt 0.635226 0.741919
vt 0.634989 0.740541
vt 0.636285 0.741473
vt 0.635547 0.742111
vt 0.636082 0.742459
vt 0.636914 0.743023
vt 0.635932 0.743060
vt 0.888852 0.479453
vt 0.888341 0.479392
vt 0.394948 0.841706
vt 0.346925 0.792774
vt 0.280182 0.794069
vt 0.279537 0.962960
vt 0.888852 0.310503
vt 0.349754 0.962964
vt 0.396120 0.912201
vt 0.683370 0.622680
vt 0.682752 0.622742
vt 0.232684 0.769912
vt 0.232288 0.770067
vt 0.802096 0.670240
vt 0.888852 0.310718
vt 0.803309 0.740733
vt 0.755343 0.791526
vt 0.888852 0.479393
vt 0.889362 0.479330
vt 0.686297 0.792864
vt 0.682752 0.791565
vt 0.549074 0.305784
vt 0.548912 0.307101
vt 0.549074 0.308594
vt 0.547649 0.310157
vt 0.547810 0.308620
vt 0.545282 0.309868
vt 0.545584 0.308575
vt 0.545739 0.308585
vt 0.545739 0.307077
vt 0.545282 0.305758
vt 0.547971 0.307249
vt 0.547810 0.308785
vt 0.547810 0.308785
vt 0.547971 0.310157
vt 0.544842 0.310027
vt 0.545132 0.308661
vt 0.545282 0.308659
vt 0.545282 0.307092
vt 0.544842 0.305758
vt 0.217324 0.957565
vt 0.195260 0.980867
vt 0.195260 0.957563
vt 0.232822 0.788215
vt 0.232777 0.764328
vt 0.232822 0.764328
vt 0.160546 0.840341
vt 0.160188 0.816746
vt 0.160546 0.817037
vt 0.194890 0.957271
vt 0.798390 0.529533
vt 0.798103 0.505990
vt 0.798390 0.506264
vt 0.795389 0.506261
vt 0.795677 0.529827
vt 0.795389 0.529517
vt 0.707979 0.210274
vt 0.731376 0.234117
vt 0.707979 0.234160
vt 0.798103 0.529840
vt 0.798057 0.505990
vt 0.795677 0.505990
vt 0.795723 0.529827
vt 0.160188 0.840633
vt 0.160143 0.816746
vt 0.112169 0.960745
vt 0.090105 0.984048
vt 0.090105 0.960743
vt 0.228617 0.790124
vt 0.228572 0.766237
vt 0.228617 0.766237
vt 0.631531 0.864140
vt 0.631172 0.840544
vt 0.631531 0.840836
vt 0.089735 0.960452
vt 0.798057 0.506264
vt 0.797770 0.529840
vt 0.797770 0.505990
vt 0.785690 0.506261
vt 0.785978 0.529827
vt 0.785690 0.529517
vt 0.731375 0.210274
vt 0.754772 0.234117
vt 0.731375 0.234160
vt 0.797724 0.505990
vt 0.786025 0.505990
vt 0.786025 0.529827
vt 0.631172 0.864431
vt 0.631127 0.840544
vt 0.794255 0.960675
vt 0.816319 0.983981
vt 0.794255 0.983979
vt 0.224856 0.766196
vt 0.224811 0.742309
vt 0.224856 0.742309
vt 0.163372 0.840341
vt 0.163013 0.816746
vt 0.163372 0.817037
vt 0.793885 0.984271
vt 0.793885 0.960384
vt 0.802387 0.506264
vt 0.802101 0.529840
vt 0.802101 0.505990
vt 0.794720 0.529517
vt 0.795008 0.505990
vt 0.795008 0.529827
vt 0.707979 0.258131
vt 0.731375 0.281975
vt 0.707979 0.282017
vt 0.802054 0.505990
vt 0.795055 0.505990
vt 0.795055 0.529827
vt 0.163013 0.840633
vt 0.162968 0.816746
vt 0.838752 0.960677
vt 0.816689 0.983979
vt 0.816689 0.960675
vt 0.232777 0.788215
vt 0.232732 0.764328
vt 0.232777 0.764328
vt 0.167408 0.840341
vt 0.167408 0.817037
vt 0.816319 0.984271
vt 0.816319 0.960383
vt 0.802721 0.506264
vt 0.802434 0.529840
vt 0.802434 0.505990
vt 0.793382 0.529517
vt 0.793670 0.505990
vt 0.793670 0.529827
vt 0.722838 0.553772
vt 0.746234 0.529843
vt 0.746234 0.553729
vt 0.802387 0.529840
vt 0.802387 0.505990
vt 0.793717 0.505990
vt 0.793717 0.529827
vt 0.167049 0.840633
vt 0.167004 0.816746
vt 0.112539 0.960743
vt 0.134602 0.984050
vt 0.112539 0.984048
vt 0.232913 0.788215
vt 0.232868 0.764328
vt 0.232913 0.764328
vt 0.630723 0.864140
vt 0.630365 0.840544
vt 0.630723 0.840836
vt 0.112169 0.984339
vt 0.112169 0.960452
vt 0.803387 0.529533
vt 0.803100 0.505990
vt 0.803387 0.506264
vt 0.786694 0.529517
vt 0.786982 0.505990
vt 0.786982 0.529827
vt 0.754771 0.186345
vt 0.778168 0.210188
vt 0.754771 0.210231
vt 0.803100 0.529840
vt 0.803054 0.505990
vt 0.787028 0.505990
vt 0.787028 0.529827
vt 0.630365 0.864431
vt 0.630320 0.840544
vt 0.986025 0.258260
vt 0.963961 0.281563
vt 0.963961 0.258258
vt 0.228547 0.790124
vt 0.228502 0.766237
vt 0.228547 0.766237
vt 0.630320 0.864140
vt 0.629961 0.840544
vt 0.630320 0.840836
vt 0.963591 0.257967
vt 0.807718 0.529533
vt 0.807431 0.505990
vt 0.807718 0.506264
vt 0.795724 0.529517
vt 0.796011 0.505990
vt 0.796011 0.529827
vt 0.778168 0.258131
vt 0.801564 0.281975
vt 0.778168 0.282017
vt 0.807384 0.529840
vt 0.807384 0.505990
vt 0.796058 0.505990
vt 0.796058 0.529827
vt 0.629961 0.864431
vt 0.629916 0.840544
vt 0.278235 0.964553
vt 0.256172 0.987855
vt 0.256172 0.964551
vt 0.634849 0.816657
vt 0.634804 0.792770
vt 0.634849 0.792771
vt 0.632741 0.864140
vt 0.632741 0.840836
vt 0.255801 0.964260
vt 0.808384 0.529533
vt 0.808097 0.505990
vt 0.808384 0.506264
vt 0.795055 0.529517
vt 0.795343 0.505990
vt 0.795343 0.529827
vt 0.769630 0.529886
vt 0.793026 0.553729
vt 0.769630 0.553772
vt 0.808051 0.529840
vt 0.808051 0.505990
vt 0.795389 0.529827
vt 0.632383 0.864431
vt 0.984225 0.669062
vt 0.962162 0.692364
vt 0.962162 0.669060
vt 0.799103 0.529840
vt 0.799056 0.505990
vt 0.799103 0.505990
vt 0.218693 0.790247
vt 0.218334 0.813843
vt 0.218334 0.789956
vt 0.961792 0.668768
vt 0.799389 0.529533
vt 0.799389 0.506264
vt 0.788031 0.529517
vt 0.788319 0.505990
vt 0.788319 0.529827
vt 0.699442 0.577743
vt 0.722838 0.601587
vt 0.699442 0.601630
vt 0.788366 0.529827
vt 0.218289 0.789956
vt 0.224811 0.813969
vt 0.224766 0.790082
vt 0.702661 0.960720
vt 0.724724 0.984026
vt 0.702661 0.984024
vt 0.805765 0.529840
vt 0.805719 0.505990
vt 0.805765 0.505990
vt 0.160950 0.793150
vt 0.160591 0.816746
vt 0.160591 0.792859
vt 0.702290 0.960429
vt 0.806052 0.529533
vt 0.806052 0.506264
vt 0.785022 0.506261
vt 0.785309 0.529827
vt 0.785022 0.529517
vt 0.754772 0.258131
vt 0.778168 0.281975
vt 0.754772 0.282017
vt 0.785356 0.505990
vt 0.785356 0.529827
vt 0.160546 0.792859
vt 0.171384 0.813776
vt 0.171339 0.789889
vt 0.171384 0.789889
vt 0.657793 0.960720
vt 0.679857 0.984026
vt 0.657793 0.984024
vt 0.802767 0.505990
vt 0.802721 0.529840
vt 0.802721 0.505990
vt 0.401571 0.816370
vt 0.401213 0.792774
vt 0.401571 0.793065
vt 0.657423 0.960429
vt 0.803054 0.529533
vt 0.803054 0.506264
vt 0.787028 0.506261
vt 0.787316 0.529827
vt 0.787028 0.529517
vt 0.754771 0.234160
vt 0.778168 0.210231
vt 0.778168 0.234117
vt 0.787363 0.505990
vt 0.787363 0.529827
vt 0.401213 0.816661
vt 0.401168 0.792774
vt 0.171429 0.813776
vt 0.171384 0.789889
vt 0.171429 0.789889
vt 0.861186 0.960677
vt 0.839123 0.983979
vt 0.839123 0.960675
vt 0.797437 0.505990
vt 0.797391 0.529840
vt 0.797391 0.505990
vt 0.401168 0.816370
vt 0.400809 0.792774
vt 0.401168 0.793065
vt 0.838752 0.984271
vt 0.838752 0.960384
vt 0.797724 0.529533
vt 0.797724 0.506264
vt 0.791710 0.529517
vt 0.791998 0.505990
vt 0.791998 0.529827
vt 0.731375 0.234203
vt 0.754772 0.258046
vt 0.731375 0.258089
vt 0.792045 0.529827
vt 0.400809 0.816661
vt 0.400764 0.792774
vt 0.232823 0.812102
vt 0.232778 0.788215
vt 0.232823 0.788215
vt 0.157036 0.960745
vt 0.134973 0.984048
vt 0.134973 0.960743
vt 0.799436 0.505990
vt 0.799389 0.529840
vt 0.799389 0.505990
vt 0.633549 0.816366
vt 0.633190 0.792770
vt 0.633549 0.793062
vt 0.134602 0.984339
vt 0.134602 0.960452
vt 0.799722 0.529533
vt 0.799722 0.506264
vt 0.784687 0.506261
vt 0.784975 0.529827
vt 0.784687 0.529517
vt 0.754771 0.282060
vt 0.778167 0.305904
vt 0.754771 0.305946
vt 0.784975 0.505990
vt 0.785022 0.529827
vt 0.633190 0.816657
vt 0.633145 0.792770
vt 0.232777 0.812102
vt 0.232732 0.788215
vt 0.232777 0.788215
vt 0.986025 0.282264
vt 0.963961 0.305566
vt 0.963961 0.282262
vt 0.807764 0.505990
vt 0.807718 0.529840
vt 0.807718 0.505990
vt 0.162968 0.816454
vt 0.162610 0.792859
vt 0.162968 0.793150
vt 0.963591 0.281970
vt 0.808051 0.506264
vt 0.807764 0.529840
vt 0.793048 0.506261
vt 0.793336 0.529827
vt 0.793048 0.529517
vt 0.425371 0.788504
vt 0.448767 0.812348
vt 0.425371 0.812390
vt 0.793336 0.505990
vt 0.793382 0.529827
vt 0.162610 0.816746
vt 0.162565 0.792859
vt 0.224766 0.813969
vt 0.224721 0.790082
vt 0.224766 0.790082
vt 0.986025 0.186596
vt 0.963961 0.209898
vt 0.963961 0.186594
vt 0.807098 0.505990
vt 0.807051 0.529840
vt 0.807051 0.505990
vt 0.163372 0.793150
vt 0.163013 0.816746
vt 0.163013 0.792859
vt 0.963591 0.186302
vt 0.807384 0.506264
vt 0.807098 0.529840
vt 0.793717 0.529517
vt 0.794005 0.505990
vt 0.794005 0.529827
vt 0.731375 0.258131
vt 0.754772 0.281975
vt 0.731375 0.282017
vt 0.794051 0.529827
vt 0.162968 0.792859
vt 0.232868 0.788215
vt 0.232823 0.764328
vt 0.232868 0.764328
vt 0.974865 0.960362
vt 0.952802 0.983664
vt 0.952802 0.960360
vt 0.163821 0.816746
vt 0.163776 0.792859
vt 0.163821 0.792859
vt 0.164179 0.793150
vt 0.952432 0.960069
vt 0.801055 0.506264
vt 0.800768 0.529840
vt 0.800768 0.505990
vt 0.786359 0.529517
vt 0.786647 0.505990
vt 0.786647 0.529827
vt 0.699442 0.553815
vt 0.722838 0.577658
vt 0.699442 0.577701
vt 0.232958 0.764328
vt 0.232913 0.740442
vt 0.232958 0.740442
vt 0.800722 0.505990
vt 0.786694 0.529827
vt 0.725094 0.960720
vt 0.747158 0.984026
vt 0.725094 0.984024
vt 0.160995 0.816746
vt 0.160950 0.792859
vt 0.160995 0.792859
vt 0.161354 0.793150
vt 0.724724 0.960429
vt 0.805719 0.529533
vt 0.805432 0.505990
vt 0.805719 0.506264
vt 0.788366 0.506261
vt 0.788654 0.529827
vt 0.788366 0.529517
vt 0.731375 0.282060
vt 0.754772 0.305904
vt 0.731375 0.305946
vt 0.224766 0.766196
vt 0.224811 0.766196
vt 0.805386 0.529840
vt 0.805386 0.505990
vt 0.788700 0.505990
vt 0.788700 0.529827
vt 0.861556 0.960675
vt 0.883620 0.983981
vt 0.861556 0.983979
vt 0.399394 0.840548
vt 0.399349 0.816661
vt 0.399394 0.816661
vt 0.399753 0.840257
vt 0.399753 0.816952
vt 0.861186 0.960384
vt 0.800056 0.529533
vt 0.799769 0.505990
vt 0.800056 0.506264
vt 0.789035 0.506261
vt 0.789323 0.529827
vt 0.789035 0.529517
vt 0.746234 0.553772
vt 0.769630 0.529843
vt 0.769630 0.553729
vt 0.232958 0.788215
vt 0.232913 0.764328
vt 0.232958 0.764328
vt 0.799722 0.529840
vt 0.799722 0.505990
vt 0.789369 0.505990
vt 0.789369 0.529827
vt 0.984226 0.692949
vt 0.962162 0.716251
vt 0.962162 0.692947
vt 0.397780 0.840548
vt 0.397735 0.816661
vt 0.397780 0.816661
vt 0.398138 0.816952
vt 0.961792 0.716542
vt 0.961792 0.692655
vt 0.805052 0.506264
vt 0.804766 0.529840
vt 0.804766 0.505990
vt 0.790038 0.529517
vt 0.790326 0.505990
vt 0.790326 0.529827
vt 0.746234 0.553815
vt 0.769630 0.577658
vt 0.746234 0.577701
vt 0.224901 0.790082
vt 0.224901 0.766196
vt 0.804719 0.505990
vt 0.790372 0.505990
vt 0.790372 0.529827
vt 0.984226 0.716836
vt 0.962162 0.740138
vt 0.962162 0.716834
vt 0.158977 0.840633
vt 0.158932 0.816746
vt 0.158977 0.816746
vt 0.159336 0.840341
vt 0.159336 0.817037
vt 0.961792 0.740429
vt 0.800389 0.506264
vt 0.800102 0.529840
vt 0.800102 0.505990
vt 0.786025 0.506261
vt 0.786313 0.529827
vt 0.786025 0.529517
vt 0.722838 0.553815
vt 0.746234 0.577658
vt 0.722838 0.577701
vt 0.228547 0.766237
vt 0.228502 0.742350
vt 0.228547 0.742350
vt 0.800056 0.505990
vt 0.786359 0.505990
vt 0.786359 0.529827
vt 0.233738 0.964551
vt 0.255801 0.987857
vt 0.233738 0.987855
vt 0.163417 0.816746
vt 0.163372 0.792859
vt 0.163417 0.792859
vt 0.163775 0.816454
vt 0.163775 0.793150
vt 0.233368 0.964260
vt 0.800722 0.529533
vt 0.800435 0.505990
vt 0.800722 0.506264
vt 0.790372 0.506261
vt 0.790660 0.529827
vt 0.790372 0.529517
vt 0.778168 0.282060
vt 0.801564 0.305903
vt 0.778168 0.305946
vt 0.465204 0.790985
vt 0.465159 0.767098
vt 0.465204 0.767098
vt 0.800389 0.529840
vt 0.800389 0.505990
vt 0.790707 0.505990
vt 0.790707 0.529827
vt 0.986025 0.234373
vt 0.963961 0.257675
vt 0.963961 0.234371
vt 0.159784 0.840633
vt 0.159739 0.816746
vt 0.159784 0.816746
vt 0.160143 0.817037
vt 0.963591 0.234080
vt 0.801388 0.506264
vt 0.801102 0.529840
vt 0.801102 0.505990
vt 0.794051 0.506261
vt 0.794339 0.529827
vt 0.794051 0.529517
vt 0.769630 0.553815
vt 0.793026 0.577658
vt 0.769630 0.577701
vt 0.232729 0.790988
vt 0.232684 0.767102
vt 0.232729 0.767102
vt 0.801055 0.529840
vt 0.801055 0.505990
vt 0.794386 0.505990
vt 0.794386 0.529827
vt 0.906054 0.960677
vt 0.883990 0.983979
vt 0.883990 0.960675
vt 0.806765 0.505990
vt 0.806718 0.529840
vt 0.806718 0.505990
vt 0.220307 0.813552
vt 0.219949 0.789956
vt 0.220307 0.790247
vt 0.883620 0.984271
vt 0.883620 0.960384
vt 0.807051 0.529533
vt 0.807051 0.506264
vt 0.792045 0.529517
vt 0.792333 0.505990
vt 0.792333 0.529827
vt 0.746234 0.577744
vt 0.769630 0.601587
vt 0.746234 0.601630
vt 0.792379 0.529827
vt 0.219949 0.813843
vt 0.219904 0.789956
vt 0.448902 0.812348
vt 0.448857 0.788462
vt 0.448902 0.788462
vt 0.769592 0.960722
vt 0.747528 0.984024
vt 0.747528 0.960720
vt 0.801435 0.505990
vt 0.801388 0.529840
vt 0.801388 0.505990
vt 0.633145 0.840253
vt 0.632786 0.816657
vt 0.633145 0.816949
vt 0.747158 0.960429
vt 0.801721 0.506264
vt 0.801435 0.529840
vt 0.792714 0.506261
vt 0.793001 0.529827
vt 0.792714 0.529517
vt 0.769630 0.577744
vt 0.793026 0.601587
vt 0.769630 0.601630
vt 0.793001 0.505990
vt 0.793048 0.529827
vt 0.632786 0.840544
vt 0.632741 0.816657
vt 0.448812 0.812348
vt 0.448767 0.788462
vt 0.448812 0.788462
vt 0.906424 0.960675
vt 0.928487 0.983981
vt 0.906424 0.983979
vt 0.801768 0.505990
vt 0.801721 0.529840
vt 0.801721 0.505990
vt 0.399349 0.840257
vt 0.398990 0.816661
vt 0.399349 0.816952
vt 0.906054 0.984270
vt 0.906054 0.960383
vt 0.802054 0.506264
vt 0.801768 0.529840
vt 0.792379 0.529517
vt 0.792667 0.505990
vt 0.792667 0.529827
vt 0.746274 0.482104
vt 0.769670 0.505947
vt 0.746274 0.505990
vt 0.792714 0.529827
vt 0.398990 0.840548
vt 0.398945 0.816661
vt 0.448857 0.812348
vt 0.448812 0.788462
vt 0.448857 0.788462
vt 0.984226 0.621288
vt 0.962162 0.644590
vt 0.962162 0.621285
vt 0.806098 0.505990
vt 0.806052 0.529840
vt 0.806052 0.505990
vt 0.398542 0.840257
vt 0.398183 0.816661
vt 0.398542 0.816952
vt 0.961792 0.644881
vt 0.961792 0.620994
vt 0.806385 0.506264
vt 0.806098 0.529840
vt 0.787363 0.529517
vt 0.787650 0.505990
vt 0.787650 0.529827
vt 0.722838 0.577744
vt 0.746234 0.601587
vt 0.722838 0.601630
vt 0.787697 0.529827
vt 0.398183 0.840548
vt 0.398138 0.816661
vt 0.232958 0.812102
vt 0.232913 0.788215
vt 0.232958 0.788215
vt 0.022434 0.960745
vt 0.000370 0.984048
vt 0.000370 0.960743
vt 0.806432 0.505990
vt 0.806385 0.529840
vt 0.806385 0.505990
vt 0.161757 0.816454
vt 0.161399 0.792859
vt 0.161757 0.793150
vt 0.000000 0.984339
vt -0.000000 0.960452
vt 0.806718 0.506264
vt 0.806432 0.529840
vt 0.465205 0.767238
vt 0.465493 0.790803
vt 0.465205 0.790493
vt 0.754771 0.234203
vt 0.778167 0.258046
vt 0.754771 0.258089
vt 0.465539 0.766966
vt 0.465539 0.790803
vt 0.161399 0.816746
vt 0.161354 0.792859
vt 0.171474 0.813776
vt 0.171429 0.789889
vt 0.171474 0.789889
vt 0.962162 0.740721
vt 0.984225 0.764027
vt 0.962162 0.764025
vt 0.398587 0.840548
vt 0.398542 0.816661
vt 0.398587 0.816661
vt 0.398945 0.840257
vt 0.398945 0.816952
vt 0.798723 0.529533
vt 0.798437 0.505990
vt 0.798723 0.506264
vt 0.787697 0.529517
vt 0.787985 0.505990
vt 0.787985 0.529827
vt 0.707979 0.186345
vt 0.731375 0.210188
vt 0.707979 0.210231
vt 0.466413 0.812093
vt 0.466368 0.788206
vt 0.466413 0.788206
vt 0.798390 0.529840
vt 0.798390 0.505990
vt 0.788031 0.505990
vt 0.788031 0.529827
vt 0.769962 0.960720
vt 0.792025 0.984026
vt 0.769962 0.984024
vt 0.630723 0.816657
vt 0.630768 0.816657
vt 0.631127 0.840253
vt 0.631127 0.816949
vt 0.769592 0.960429
vt 0.803720 0.506264
vt 0.803433 0.529840
vt 0.803433 0.505990
vt 0.789369 0.529517
vt 0.789657 0.505990
vt 0.789657 0.529827
vt 0.707979 0.282060
vt 0.731375 0.305904
vt 0.707979 0.305946
vt 0.448947 0.812348
vt 0.448902 0.788462
vt 0.448947 0.788462
vt 0.803387 0.529840
vt 0.803387 0.505990
vt 0.789704 0.505990
vt 0.789704 0.529827
vt 0.984226 0.645175
vt 0.962162 0.668477
vt 0.962162 0.645173
vt 0.401616 0.840548
vt 0.401571 0.816661
vt 0.401616 0.816661
vt 0.401975 0.840257
vt 0.401975 0.816952
vt 0.961792 0.644881
vt 0.805386 0.506264
vt 0.805099 0.529840
vt 0.805099 0.505990
vt 0.789704 0.506261
vt 0.789991 0.529827
vt 0.789704 0.529517
vt 0.699442 0.529886
vt 0.722838 0.553729
vt 0.699442 0.553772
vt 0.232868 0.812102
vt 0.232823 0.788215
vt 0.805052 0.529840
vt 0.805052 0.505990
vt 0.790038 0.505990
vt 0.790038 0.529827
vt 0.950921 0.960677
vt 0.928858 0.983979
vt 0.928858 0.960675
vt 0.796104 0.529840
vt 0.796058 0.505990
vt 0.796104 0.505990
vt 0.629512 0.816366
vt 0.629154 0.792770
vt 0.629512 0.793062
vt 0.928487 0.984271
vt 0.928487 0.960384
vt 0.796391 0.506264
vt 0.785356 0.529517
vt 0.785644 0.505990
vt 0.785644 0.529827
vt 0.769670 0.482104
vt 0.793066 0.505947
vt 0.769670 0.505990
vt 0.785690 0.505990
vt 0.785690 0.529827
vt 0.629154 0.816657
vt 0.629109 0.792770
vt 0.232777 0.764328
vt 0.232732 0.740442
vt 0.232777 0.740442
vt 0.702290 0.960722
vt 0.680227 0.984024
vt 0.680227 0.960720
vt 0.798769 0.529840
vt 0.798723 0.505990
vt 0.798769 0.505990
vt 0.162161 0.816454
vt 0.161802 0.792859
vt 0.162161 0.793150
vt 0.679857 0.960429
vt 0.799056 0.529533
vt 0.799056 0.506264
vt 0.790707 0.529517
vt 0.790995 0.505990
vt 0.790995 0.529827
vt 0.401975 0.788504
vt 0.425371 0.812348
vt 0.401975 0.812390
vt 0.791041 0.505990
vt 0.791041 0.529827
vt 0.161802 0.816746
vt 0.161757 0.792859
vt 0.232913 0.764328
vt 0.232868 0.740442
vt 0.232913 0.740442
vt 0.022804 0.960743
vt 0.044867 0.984050
vt 0.022804 0.984048
vt 0.803766 0.529840
vt 0.803720 0.505990
vt 0.803766 0.505990
vt 0.629916 0.816366
vt 0.629557 0.792770
vt 0.629916 0.793062
vt 0.022434 0.984339
vt 0.022434 0.960452
vt 0.804053 0.529533
vt 0.804053 0.506264
vt 0.791041 0.529517
vt 0.791329 0.505990
vt 0.791329 0.529827
vt 0.778168 0.186345
vt 0.801564 0.210188
vt 0.791376 0.505990
vt 0.791376 0.529827
vt 0.629512 0.792770
vt 0.228592 0.766237
vt 0.228547 0.742350
vt 0.228592 0.742350
vt 0.657423 0.960722
vt 0.635359 0.984024
vt 0.635359 0.960720
vt 0.804100 0.529840
vt 0.804053 0.505990
vt 0.804100 0.505990
vt 0.630320 0.816366
vt 0.629961 0.792770
vt 0.630320 0.793062
vt 0.634989 0.984316
vt 0.634989 0.960429
vt 0.804386 0.506264
vt 0.791376 0.529517
vt 0.791664 0.505990
vt 0.791664 0.529827
vt 0.778168 0.210274
vt 0.801564 0.234117
vt 0.778168 0.234160
vt 0.791710 0.505990
vt 0.791710 0.529827
vt 0.629961 0.816657
vt 0.629916 0.792770
vt 0.224856 0.790082
vt 0.224811 0.766196
vt 0.224856 0.766196
vt 0.067301 0.960745
vt 0.045238 0.984048
vt 0.045238 0.960743
vt 0.804433 0.529840
vt 0.804386 0.505990
vt 0.804433 0.505990
vt 0.633952 0.816366
vt 0.633594 0.792770
vt 0.633952 0.793062
vt 0.044867 0.984339
vt 0.044867 0.960452
vt 0.804719 0.529533
vt 0.804719 0.506264
vt 0.784018 0.506261
vt 0.784306 0.529827
vt 0.784018 0.529517
vt 0.778167 0.234203
vt 0.801564 0.258046
vt 0.778167 0.258089
vt 0.784353 0.505990
vt 0.784353 0.529827
vt 0.633594 0.816657
vt 0.633549 0.792770
vt 0.224766 0.790083
vt 0.224721 0.766196
vt 0.224766 0.766196
vt 0.984225 0.764610
vt 0.962162 0.787912
vt 0.962162 0.764608
vt 0.396165 0.864435
vt 0.396120 0.840548
vt 0.396165 0.840548
vt 0.961792 0.764316
vt 0.796724 0.529533
vt 0.796438 0.505990
vt 0.796724 0.506264
vt 0.788700 0.529517
vt 0.788988 0.505990
vt 0.788988 0.529827
vt 0.722878 0.482104
vt 0.746274 0.505947
vt 0.722878 0.505990
vt 0.232729 0.767102
vt 0.232684 0.743215
vt 0.232729 0.743215
vt 0.796438 0.529840
vt 0.796391 0.505990
vt 0.789035 0.505990
vt 0.789035 0.529827
vt 0.986025 0.210486
vt 0.963961 0.233788
vt 0.963961 0.210484
vt 0.397780 0.864435
vt 0.397735 0.840548
vt 0.398138 0.864144
vt 0.398138 0.840839
vt 0.963591 0.234080
vt 0.963591 0.210193
vt 0.797057 0.529533
vt 0.796771 0.505990
vt 0.797057 0.506264
vt 0.794386 0.529517
vt 0.794674 0.505990
vt 0.794674 0.529827
vt 0.731375 0.210231
vt 0.754771 0.186302
vt 0.754771 0.210188
vt 0.228662 0.790124
vt 0.228617 0.766237
vt 0.228662 0.766237
vt 0.796771 0.529840
vt 0.796724 0.505990
vt 0.794720 0.505990
vt 0.794720 0.529827
vt 0.089735 0.960745
vt 0.067671 0.984048
vt 0.067671 0.960743
vt 0.167857 0.840633
vt 0.167812 0.816746
vt 0.167857 0.816746
vt 0.168215 0.840341
vt 0.168215 0.817037
vt 0.067301 0.984339
vt 0.067301 0.960452
vt 0.797391 0.529533
vt 0.797104 0.505990
vt 0.797391 0.506264
vt 0.784353 0.529517
vt 0.784641 0.505990
vt 0.784641 0.529827
vt 0.707979 0.234203
vt 0.731375 0.258046
vt 0.707979 0.258089
vt 0.465204 0.767098
vt 0.465159 0.743211
vt 0.465204 0.743211
vt 0.797104 0.529840
vt 0.797057 0.505990
vt 0.784687 0.505990
vt 0.784687 0.529827
vt 0.840322 0.792921
vt 0.952432 0.841873
vt 0.905994 0.960327
vt 0.228029 0.621030
vt 0.228662 0.673130
vt 0.458688 0.788464
vt 0.461688 0.857827
vt 0.458688 0.857829
vt 0.231767 0.672726
vt 0.229175 0.621026
vt 0.232280 0.621006
vt 0.401975 0.670444
vt 0.404974 0.739814
vt 0.401975 0.739807
vt 0.229175 0.742001
vt 0.228662 0.672746
vt 0.414670 0.620998
vt 0.404974 0.670451
vt 0.414670 0.788455
vt 0.417669 0.788462
vt 0.233368 0.372963
vt 0.000000 0.372617
vt 0.543927 0.248444
vt 0.466422 0.373031
vt 0.000000 0.310503
vt 0.543927 0.000000
vt 0.430365 0.620998
vt 0.549068 0.310026
vt 0.465518 0.622500
vt 0.465507 0.693107
vt 0.846866 0.170296
vt 0.892159 0.049148
vt 0.464773 0.768498
vt 0.546635 0.308737
vt 0.464790 0.623474
vt 0.893933 0.048206
vt 0.547323 0.307063
vt 0.549543 0.306891
vt 0.466327 0.767517
vt 0.466334 0.696880
vt 0.893815 0.118942
vt 0.207512 0.621074
vt 0.776497 0.001298
vt 0.905686 0.168881
vt 0.544540 0.308555
vt 0.164179 0.816746
vt 0.765226 0.505990
vt 0.810381 0.529534
vt 0.567363 0.281871
vt 0.466368 0.644885
vt 0.424825 0.979377
vt 0.815039 0.529534
vt 0.707979 0.257980
vt 0.765608 0.505990
vt 0.814707 0.529842
vt 0.466368 0.668772
vt 0.165390 0.816746
vt 0.941109 0.305857
vt 0.165794 0.816454
vt 0.762929 0.506262
vt 0.637671 0.257980
vt 0.810381 0.529842
vt 0.232958 0.621006
vt 0.165794 0.816746
vt 0.947872 0.334390
vt 0.166197 0.816454
vt 0.761878 0.505990
vt 0.815372 0.529534
vt 0.567363 0.281867
vt 0.232741 0.621006
vt 0.400764 0.840548
vt 0.952111 0.047775
vt 0.401168 0.840257
vt 0.765896 0.505990
vt 0.811046 0.529534
vt 0.637671 0.281871
vt 0.232786 0.621006
vt 0.952432 0.864523
vt 0.765942 0.506262
vt 0.811093 0.529842
vt 0.684543 0.281871
vt 0.766277 0.505990
vt 0.397331 0.864435
vt 0.952432 0.936182
vt 0.761924 0.506262
vt 0.815705 0.529534
vt 0.707979 0.281871
vt 0.762259 0.505990
vt 0.815372 0.529842
vt 0.232913 0.644893
vt 0.763552 0.505990
vt 0.819079 0.529841
vt 0.567363 0.186306
vt 0.232741 0.644894
vt 0.161757 0.840633
vt 0.769291 0.505990
vt 0.812377 0.529534
vt 0.637671 0.210198
vt 0.466413 0.716546
vt 0.398138 0.864435
vt 0.769626 0.505990
vt 0.941109 0.234079
vt 0.164583 0.840341
vt 0.769291 0.506262
vt 0.811712 0.529534
vt 0.661107 0.186306
vt 0.811379 0.529842
vt 0.232913 0.668780
vt 0.164179 0.840633
vt 0.766612 0.505990
vt 0.941109 0.281854
vt 0.766277 0.506262
vt 0.815751 0.529842
vt 0.661107 0.257980
vt 0.232958 0.668781
vt 0.164583 0.840633
vt 0.768575 0.505990
vt 0.947872 0.477719
vt 0.812710 0.529534
vt 0.661107 0.281871
vt 0.398542 0.864435
vt 0.767951 0.505990
vt 0.952432 0.960069
vt 0.811758 0.529841
vt 0.722878 0.505956
vt 0.466413 0.668772
vt 0.630723 0.864431
vt 0.769961 0.505990
vt 0.814374 0.529534
vt 0.707979 0.186306
vt 0.232913 0.716554
vt 0.398945 0.864435
vt 0.232868 0.668781
vt 0.771588 0.505990
vt 0.590799 0.186306
vt 0.162161 0.840633
vt 0.818034 0.529842
vt 0.955427 0.577325
vt 0.466413 0.644885
vt 0.769961 0.506262
vt 0.614235 0.186306
vt 0.219500 0.861617
vt 0.809049 0.529842
vt 0.466413 0.692659
vt 0.951167 0.071663
vt 0.218693 0.861326
vt 0.766612 0.506262
vt 0.818414 0.529841
vt 0.543927 0.210193
vt 0.218289 0.861617
vt 0.194890 0.957271
vt 0.165390 0.840341
vt 0.465204 0.743400
vt 0.590799 0.210193
vt 0.164986 0.840633
vt 0.818700 0.529842
vt 0.232823 0.692667
vt 0.947872 0.358278
vt 0.707979 0.210198
vt 0.219904 0.861617
vt 0.770630 0.505990
vt 0.819698 0.529842
vt 0.465204 0.719324
vt 0.761208 0.505990
vt 0.699442 0.482061
vt 0.631934 0.864431
vt 0.819365 0.529841
vt 0.770630 0.506262
vt 0.684543 0.186306
vt 0.401168 0.864435
vt 0.812710 0.529842
vt 0.955093 0.529836
vt 0.219097 0.813551
vt 0.760250 0.506262
vt 0.590799 0.210198
vt 0.816038 0.529842
vt 0.232777 0.692667
vt 0.218693 0.813843
vt 0.761254 0.506262
vt 0.707979 0.234089
vt 0.813043 0.529842
vt 0.232823 0.716555
vt 0.630320 0.816657
vt 0.952432 0.888410
vt 0.221155 0.813551
vt 0.759580 0.506262
vt 0.567363 0.234089
vt 0.813376 0.529842
vt 0.232958 0.692667
vt 0.220751 0.813843
vt 0.767282 0.505990
vt 0.401975 0.979670
vt 0.220751 0.813552
vt 0.590799 0.234089
vt 0.808717 0.529842
vt 0.232868 0.621006
vt 0.220348 0.813843
vt 0.760920 0.505990
vt 0.171459 0.981147
vt 0.684543 0.210198
vt 0.808384 0.529842
vt 0.232958 0.716555
vt 0.633952 0.816657
vt 0.466368 0.620998
vt 0.947872 0.406054
vt 0.396524 0.816370
vt 0.767570 0.505990
vt 0.590799 0.257980
vt 0.396120 0.816661
vt 0.813708 0.529842
vt 0.466413 0.620998
vt 0.951167 0.119435
vt 0.631127 0.816366
vt 0.759915 0.506262
vt 0.809715 0.529534
vt 0.614235 0.234089
vt 0.630723 0.816657
vt 0.809382 0.529842
vt 0.941109 0.210189
vt 0.396927 0.816370
vt 0.762547 0.505990
vt 0.810048 0.529534
vt 0.614235 0.257980
vt 0.396524 0.816661
vt 0.809715 0.529842
vt 0.763887 0.505990
vt 0.941109 0.257965
vt 0.166601 0.816454
vt 0.465539 0.814348
vt 0.614235 0.281871
vt 0.166197 0.816746
vt 0.947872 0.429943
vt 0.763933 0.506262
vt 0.816703 0.529534
vt 0.661107 0.210198
vt 0.232741 0.668780
vt 0.629513 0.840544
vt 0.947872 0.453831
vt 0.167004 0.816454
vt 0.764268 0.506262
vt 0.817083 0.529842
vt 0.567363 0.257980
vt 0.232913 0.692668
vt 0.166601 0.816746
vt 0.768909 0.505990
vt 0.424461 0.955784
vt 0.818034 0.529534
vt 0.637671 0.234089
vt 0.232831 0.644893
vt 0.771253 0.505990
vt 0.951167 0.167207
vt 0.401571 0.840257
vt 0.820364 0.529534
vt 0.684543 0.234089
vt 0.232729 0.695441
vt 0.401168 0.840548
vt 0.232729 0.719328
vt 0.952432 0.840637
vt 0.762594 0.506262
vt 0.614235 0.186302
vt 0.400156 0.840548
vt 0.762929 0.505990
vt 0.817369 0.529842
vt 0.952111 0.023886
vt 0.814707 0.529534
vt 0.661107 0.257976
vt 0.629109 0.840544
vt 0.768286 0.505990
vt 0.814374 0.529842
vt 0.465204 0.695437
vt 0.952432 0.912296
vt 0.167812 0.816454
vt 0.764603 0.506262
vt 0.661107 0.234089
vt 0.167408 0.816746
vt 0.764938 0.505990
vt 0.816703 0.529842
vt 0.681529 0.960326
vt 0.634989 0.911204
vt 0.634989 0.841840
vt 0.747345 0.792968
vt 0.793885 0.911453
vt 0.455684 0.857831
vt 0.221155 0.621006
vt 0.225398 0.863306
vt 0.627937 0.841682
vt 0.513218 0.794093
vt 0.549543 0.307249
vt 0.549688 0.308726
vt 0.233347 0.767515
vt 0.582762 0.962959
vt 0.465136 0.838158
vt 0.546635 0.307249
vt 0.181238 0.670904
vt 0.208022 0.789956
vt 0.168824 0.621006
vt 0.047770 0.791559
vt 0.546480 0.307074
vt 0.546029 0.307101
vt 0.278235 0.964557
vt 0.224766 0.837856
vt 0.300660 0.964260
vt 0.727608 0.506263
vt 0.824963 0.258089
vt 0.773643 0.529828
vt 0.727946 0.505990
vt 0.161757 0.816746
vt 0.974865 0.960367
vt 0.465449 0.838542
vt 0.997290 0.960069
vt 0.774313 0.529519
vt 0.734657 0.505990
vt 0.863224 0.553765
vt 0.773978 0.529828
vt 0.629916 0.840544
vt 0.300660 0.987862
vt 0.228617 0.837897
vt 0.724229 0.506263
vt 0.801564 0.282053
vt 0.777325 0.529828
vt 0.578547 0.964579
vt 0.228502 0.837897
vt 0.775363 0.529828
vt 0.733014 0.506263
vt 0.816425 0.553808
vt 0.163775 0.816746
vt 0.973649 0.071379
vt 0.465251 0.838542
vt 0.726256 0.506263
vt 0.871762 0.234160
vt 0.779667 0.529828
vt 0.401168 0.840548
vt 0.977540 0.577952
vt 0.465386 0.838542
vt 0.999965 0.577654
vt 0.783730 0.529828
vt 0.725581 0.506263
vt 0.863224 0.577694
vt 0.400560 0.840548
vt 0.977540 0.554029
vt 0.465494 0.838542
vt 0.999965 0.553732
vt 0.777994 0.529519
vt 0.734703 0.506263
vt 0.871762 0.258082
vt 0.735041 0.505990
vt 0.323085 0.964557
vt 0.775651 0.529828
vt 0.219097 0.790247
vt 0.345510 0.964260
vt 0.824963 0.186302
vt 0.728284 0.505990
vt 0.219500 0.789956
vt 0.400629 0.840548
vt 0.974913 0.793162
vt 0.771970 0.529828
vt 0.997338 0.792864
vt 0.425374 0.812390
vt 0.730311 0.505990
vt 0.634759 0.792770
vt 0.466368 0.859867
vt 0.345510 0.964557
vt 0.772351 0.529828
vt 0.396927 0.793065
vt 0.728575 0.505990
vt 0.848362 0.186302
vt 0.397331 0.792774
vt 0.634759 0.840544
vt 0.600971 0.964579
vt 0.773643 0.529519
vt 0.732000 0.506263
vt 0.848362 0.210225
vt 0.732338 0.505990
vt 0.397735 0.792774
vt 0.232684 0.838762
vt 0.974913 0.817049
vt 0.778041 0.529828
vt 0.997338 0.816751
vt 0.448774 0.836313
vt 0.733690 0.505990
vt 0.631531 0.792770
vt 0.224766 0.837856
vt 0.974913 0.912597
vt 0.783395 0.529828
vt 0.997338 0.912299
vt 0.734028 0.506263
vt 0.863224 0.529843
vt 0.734365 0.505990
vt 0.162565 0.792859
vt 0.224811 0.837856
vt 0.977540 0.530141
vt 0.158932 0.793150
vt 0.999965 0.529843
vt 0.772974 0.529519
vt 0.732338 0.506263
vt 0.848362 0.234160
vt 0.732676 0.505990
vt 0.159336 0.792859
vt 0.171429 0.837663
vt 0.973649 0.071961
vt 0.164986 0.792859
vt 0.996074 0.071664
vt 0.728622 0.506263
vt 0.448774 0.812390
vt 0.400560 0.840548
vt 0.781676 0.529828
vt 0.728960 0.505990
vt 0.973649 0.119153
vt 0.631934 0.816949
vt 0.996074 0.095551
vt 0.782057 0.529828
vt 0.725243 0.506263
vt 0.194890 0.837789
vt 0.634944 0.840544
vt 0.970354 0.334106
vt 0.168215 0.792859
vt 0.779379 0.529828
vt 0.733690 0.506263
vt 0.824963 0.258118
vt 0.634899 0.840544
vt 0.488847 0.964579
vt 0.220307 0.813843
vt 0.219904 0.814134
vt 0.776321 0.529519
vt 0.732676 0.506263
vt 0.816425 0.529843
vt 0.465159 0.838758
vt 0.775986 0.529828
vt 0.970354 0.334689
vt 0.633549 0.816657
vt 0.780337 0.529519
vt 0.727561 0.505990
vt 0.839825 0.577694
vt 0.400674 0.840548
vt 0.780002 0.529828
vt 0.977575 0.529552
vt 0.160950 0.816746
vt 1.000000 0.505949
vt 0.780383 0.529828
vt 0.730311 0.506263
vt 0.863264 0.482061
vt 0.232777 0.859875
vt 0.970354 0.358578
vt 0.634356 0.816657
vt 0.992779 0.358280
vt 0.780718 0.529828
vt 0.725196 0.505990
vt 0.839865 0.482061
vt 0.168215 0.840632
vt 0.511272 0.964579
vt 0.782391 0.529828
vt 0.194890 0.813867
vt 0.731324 0.505990
vt 0.165390 0.792859
vt 0.171339 0.837663
vt 0.973649 0.119735
vt 0.630320 0.816949
vt 0.783014 0.529519
vt 0.218289 0.837800
vt 0.731662 0.505990
vt 0.630723 0.816657
vt 0.171384 0.837663
vt 0.970354 0.405770
vt 0.783349 0.529519
vt 0.848362 0.282011
vt 0.732000 0.505990
vt 0.448857 0.836235
vt 0.367935 0.964557
vt 0.776367 0.529828
vt 0.730649 0.506263
vt 0.816425 0.553772
vt 0.730987 0.505990
vt 0.219097 0.813843
vt 0.448902 0.836235
vt 0.973649 0.143622
vt 0.773308 0.529519
vt 0.729251 0.505990
vt 0.425374 0.836312
vt 0.224856 0.837856
vt 0.533696 0.987883
vt 0.219904 0.813843
vt 0.556121 0.964281
vt 0.774359 0.529828
vt 0.723845 0.505990
vt 0.218289 0.789956
vt 0.228572 0.837897
vt 0.974593 0.023602
vt 0.631934 0.816657
vt 0.997018 -0.000000
vt 0.774982 0.529519
vt 0.726594 0.506263
vt 0.816425 0.577701
vt 0.465341 0.838542
vt 0.556121 0.964579
vt 0.218693 0.813843
vt 0.578546 0.964281
vt 0.775029 0.529828
vt 0.727223 0.505990
vt 0.194890 0.789945
vt 0.400719 0.840548
vt 0.974913 0.840936
vt 0.781006 0.529828
vt 0.781341 0.529519
vt 0.465204 0.695711
vt 0.824963 0.210231
vt 0.398138 0.792774
vt 0.232868 0.859875
vt 0.974593 0.024186
vt 0.776655 0.529829
vt 0.997018 0.023888
vt 0.722878 0.506263
vt 0.871762 0.282011
vt 0.159739 0.792859
vt 0.465296 0.838542
vt 0.970354 0.429659
vt 0.778663 0.529828
vt 0.724567 0.506263
vt 0.871762 0.186302
vt 0.398542 0.792774
vt 0.634854 0.840544
vt 0.970354 0.430242
vt 0.771635 0.529828
vt 0.771969 0.529519
vt 0.725919 0.506263
vt 0.218289 0.813878
vt 0.398945 0.792774
vt 0.168299 0.840632
vt 0.974913 0.864823
vt 0.776990 0.529828
vt 0.729297 0.506263
vt 0.871762 0.210225
vt 0.631934 0.792770
vt 0.634804 0.840544
vt 0.974913 0.888710
vt 0.220711 0.837730
vt 0.997338 0.888412
vt 0.723891 0.506263
vt 0.839825 0.529843
vt 0.448812 0.836235
vt 0.778329 0.529828
vt 0.970354 0.454131
vt 0.219500 0.837730
vt 0.723216 0.506263
vt 0.793066 0.482097
vt 0.464708 0.836235
vt 0.778998 0.529828
vt 0.466422 0.964579
vt 0.165794 0.816746
vt 0.729635 0.506263
vt 0.824963 0.234160
vt 0.465206 0.838542
vt 0.781341 0.529829
vt 0.915373 0.620994
vt 0.961792 0.739349
vt 0.849727 0.788539
vt 0.803309 0.739550
vt 0.803309 0.670185
vt 0.231767 0.742018
vt 0.171339 0.789889
vt 0.455684 0.909191
vt 0.433364 0.788455
vt 0.452057 0.788462
vt 0.549544 0.308555
vt 0.466297 0.693066
vt 0.816108 0.480829
vt 0.232974 0.842909
vt 0.547323 0.307226
vt 0.465572 0.623484
vt 0.548287 0.308424
vt 0.549688 0.309075
vt 0.465915 0.841922
vt 0.182222 0.739692
vt 0.862587 0.479453
vt 0.745724 0.311801
vt 0.194379 0.789875
vt 0.544082 0.308555
vt 0.220711 0.813843
vt 0.739428 0.506263
vt 0.756278 0.529826
vt 0.863224 0.553732
vt 0.232777 0.812102
vt 0.929050 0.119142
vt 0.160143 0.792859
vt 0.901955 0.382168
vt 0.740102 0.505990
vt 0.748527 0.529826
vt 0.232822 0.812102
vt 0.221155 0.813843
vt 0.401975 0.931897
vt 0.220751 0.814134
vt 0.740393 0.505990
vt 0.886655 0.577653
vt 0.751542 0.529826
vt 0.232684 0.790989
vt 0.396524 0.816661
vt 0.910125 0.529835
vt 0.396120 0.816952
vt 0.737066 0.506263
vt 0.754557 0.529516
vt 0.886655 0.553732
vt 0.465204 0.790985
vt 0.630320 0.816657
vt 0.925386 0.406054
vt 0.629916 0.816949
vt 0.740730 0.505990
vt 0.756613 0.529826
vt 0.895192 0.210191
vt 0.634899 0.792770
vt 0.928681 0.143321
vt 0.744151 0.506263
vt 0.748909 0.529826
vt 0.901955 0.453833
vt 0.744488 0.505990
vt 0.448992 0.788462
vt 0.219096 0.837730
vt 0.932572 0.553729
vt 0.744488 0.506263
vt 0.757236 0.529516
vt 0.895192 0.234079
vt 0.744826 0.505990
vt 0.756901 0.529826
vt 0.171828 0.933081
vt 0.744826 0.506263
vt 0.754603 0.529826
vt 0.895192 0.305898
vt 0.224901 0.742309
vt 0.164179 0.816746
vt 0.925754 0.429650
vt 0.741068 0.505990
vt 0.749244 0.529826
vt 0.901955 0.406056
vt 0.224901 0.790082
vt 0.399753 0.840548
vt 0.745501 0.505990
vt 0.425405 0.931897
vt 0.165794 0.817037
vt 0.755226 0.529516
vt 0.886655 0.577654
vt 0.754891 0.529826
vt 0.400719 0.792774
vt 0.166197 0.816746
vt 0.741452 0.505990
vt 0.194890 0.933385
vt 0.741114 0.506263
vt 0.757282 0.529826
vt 0.895192 0.257967
vt 0.743139 0.505990
vt 0.928681 0.167207
vt 0.401571 0.840839
vt 0.742801 0.506263
vt 0.757617 0.529826
vt 0.895193 0.281923
vt 0.449058 0.788462
vt 0.401975 0.840548
vt 0.746175 0.505990
vt 0.932572 0.577618
vt 0.755561 0.529516
vt 0.906194 0.023888
vt 0.464753 0.788462
vt 0.629512 0.840544
vt 0.736728 0.505990
vt 0.918623 0.210188
vt 0.755896 0.529516
vt 0.401975 0.908011
vt 0.168260 0.792859
vt 0.221155 0.837730
vt 0.232958 0.812102
vt 0.738369 0.505990
vt 0.401975 0.884123
vt 0.166601 0.816746
vt 0.749532 0.529826
vt 0.929994 0.023593
vt 0.449058 0.812348
vt 0.738415 0.506263
vt 0.895192 0.305859
vt 0.232679 0.840477
vt 0.758910 0.529826
vt 0.634989 0.792770
vt 0.918623 0.234075
vt 0.741452 0.506263
vt 0.750202 0.529516
vt 0.901955 0.429945
vt 0.465168 0.840505
vt 0.400605 0.792774
vt 0.925386 0.358278
vt 0.166601 0.817037
vt 0.737019 0.505990
vt 0.910125 0.505948
vt 0.750202 0.529826
vt 0.168344 0.792859
vt 0.918623 0.257965
vt 0.741789 0.506263
vt 0.901955 0.334392
vt 0.397331 0.840548
vt 0.742127 0.505990
vt 0.759245 0.529826
vt 0.466413 0.812093
vt 0.737694 0.505990
vt 0.929625 0.047775
vt 0.633549 0.840544
vt 0.751877 0.529826
vt 0.449013 0.812348
vt 0.735041 0.506263
vt 0.901955 0.477721
vt 0.757906 0.529826
vt 0.925386 0.453831
vt 0.219500 0.790247
vt 0.738753 0.506263
vt 0.863224 0.601576
vt 0.750537 0.529826
vt 0.228547 0.790124
vt 0.219904 0.789956
vt 0.746175 0.506263
vt 0.863264 0.505949
vt 0.752212 0.529826
vt 0.466413 0.764320
vt 0.632338 0.792770
vt 0.925386 0.477719
vt 0.398945 0.793065
vt 0.735379 0.506263
vt 0.448836 0.908010
vt 0.747188 0.529826
vt 0.228662 0.742350
vt 0.399349 0.792774
vt 0.742464 0.505990
vt 0.910085 0.553729
vt 0.399349 0.793065
vt 0.758575 0.529516
vt 0.886695 0.529836
vt 0.758241 0.529826
vt 0.224811 0.742309
vt 0.399753 0.792774
vt 0.739428 0.505990
vt 0.932612 0.505947
vt 0.160143 0.793150
vt 0.901955 0.358280
vt 0.750872 0.529826
vt 0.232822 0.740442
vt 0.466413 0.740433
vt 0.910085 0.577618
vt 0.399753 0.793065
vt 0.735716 0.506263
vt 0.871762 0.210191
vt 0.400156 0.792774
vt 0.758575 0.529826
vt 0.232868 0.740442
vt 0.918623 0.281853
vt 0.632338 0.793062
vt 0.737740 0.506263
vt 0.747858 0.529516
vt 0.886695 0.529838
vt 0.632741 0.792770
vt 0.747523 0.529826
vt 0.224766 0.742309
vt 0.906194 0.143321
vt 0.401571 0.793065
vt 0.736344 0.505990
vt 0.748193 0.529516
vt 0.871762 0.234079
vt 0.401975 0.792774
vt 0.747858 0.529826
vt 0.744104 0.505990
vt 0.918623 0.305856
vt 0.400156 0.793065
vt 0.753217 0.529516
vt 0.425405 0.884123
vt 0.232913 0.812102
vt 0.400560 0.792774
vt 0.910085 0.601540
vt 0.743139 0.506263
vt 0.753264 0.529826
vt 0.895193 0.258034
vt 0.634804 0.792770
vt 0.906194 0.167207
vt 0.397331 0.816952
vt 0.745501 0.506263
vt 0.753598 0.529826
vt 0.871762 0.281970
vt 0.400764 0.792774
vt 0.397735 0.816661
vt 0.910125 0.505947
vt 0.396927 0.816952
vt 0.746850 0.506263
vt 0.754222 0.529516
vt 0.171459 0.885600
vt 0.228662 0.790124
vt 0.746804 0.505990
vt 0.925386 0.382166
vt 0.632741 0.793062
vt 0.756231 0.529516
vt 0.171459 0.909488
vt 0.224856 0.790082
vt 0.400650 0.792774
vt 0.928681 0.071663
vt 0.743476 0.506263
vt 0.752882 0.529516
vt 0.218320 0.885609
vt 0.400156 0.816661
vt 0.743814 0.505990
vt 0.752547 0.529826
vt 0.634944 0.792770
vt 0.928681 0.095549
vt 0.742464 0.506263
vt 0.751542 0.529516
vt 0.910085 0.601541
vt 0.631531 0.816657
vt 0.742801 0.505990
vt 0.751207 0.529826
vt 0.228617 0.790124
vt 0.925386 0.334389
vt 0.396524 0.816952
vt 0.465204 0.719556
vt 0.194890 0.909499
vt 0.396927 0.816661
vt 0.465542 0.719283
vt 0.748192 0.529826
vt 0.046550 0.960318
vt 0.000000 0.911176
vt -0.000000 0.841812
vt 0.112382 0.792992
vt 0.158932 0.911499
vt 0.461688 0.857832
vt 0.221155 0.742309
vt 0.449288 0.909214
vt 0.548758 0.308726
vt 0.549544 0.307406
vt 0.233344 0.622509
vt 0.283012 0.964260
vt 0.233353 0.693112
vt 0.232653 0.838138
vt 0.547014 0.306097
vt 0.901458 0.360155
vt 0.232316 0.623484
vt 0.548597 0.308758
vt 0.279537 0.794133
vt 0.888341 0.310571
vt 0.889330 0.310503
vt 0.545584 0.307074
vt 0.545132 0.307102
vt 0.217324 0.980869
vt 0.232777 0.788215
vt 0.194890 0.981158
vt 0.731376 0.210231
vt 0.798057 0.529840
vt 0.795723 0.505990
vt 0.160143 0.840633
vt 0.112169 0.984050
vt 0.228572 0.790124
vt 0.089735 0.984339
vt 0.798057 0.529533
vt 0.785978 0.505990
vt 0.754772 0.210231
vt 0.797724 0.529840
vt 0.631127 0.864431
vt 0.816319 0.960677
vt 0.224811 0.766196
vt 0.802387 0.529533
vt 0.794720 0.506261
vt 0.731375 0.258089
vt 0.802054 0.529840
vt 0.162968 0.840633
vt 0.838752 0.983981
vt 0.232732 0.788215
vt 0.802721 0.529533
vt 0.793382 0.506261
vt 0.722838 0.529886
vt 0.134602 0.960745
vt 0.232868 0.788215
vt 0.786694 0.506261
vt 0.778168 0.186302
vt 0.803054 0.529840
vt 0.630320 0.864431
vt 0.986025 0.281565
vt 0.228502 0.790124
vt 0.963591 0.281854
vt 0.807431 0.529840
vt 0.795724 0.506261
vt 0.801564 0.258089
vt 0.629916 0.864431
vt 0.278235 0.987857
vt 0.634804 0.816657
vt 0.255801 0.988147
vt 0.808097 0.529840
vt 0.795055 0.506261
vt 0.793026 0.529843
vt 0.795389 0.505990
vt 0.632338 0.864431
vt 0.984225 0.692366
vt 0.799056 0.529840
vt 0.218693 0.813552
vt 0.961792 0.692655
vt 0.788031 0.506261
vt 0.722838 0.577701
vt 0.788366 0.505990
vt 0.218289 0.813843
vt 0.224766 0.813969
vt 0.724724 0.960722
vt 0.805719 0.529840
vt 0.160950 0.816454
vt 0.702290 0.984316
vt 0.785309 0.505990
vt 0.778168 0.258089
vt 0.171339 0.813776
vt 0.679857 0.960722
vt 0.802767 0.529840
vt 0.657423 0.984316
vt 0.787316 0.505990
vt 0.754771 0.210274
vt 0.401168 0.816661
vt 0.171384 0.813776
vt 0.861186 0.983981
vt 0.797437 0.529840
vt 0.791710 0.506261
vt 0.754772 0.234160
vt 0.792045 0.505990
vt 0.400764 0.816661
vt 0.232778 0.812102
vt 0.157036 0.984050
vt 0.799436 0.529840
vt 0.778167 0.282017
vt 0.785022 0.505990
vt 0.633145 0.816657
vt 0.232732 0.812102
vt 0.986025 0.305568
vt 0.963591 0.305857
vt 0.808051 0.529533
vt 0.793382 0.505990
vt 0.162565 0.816746
vt 0.224721 0.813969
vt 0.986025 0.209900
vt 0.163372 0.816454
vt 0.963591 0.210189
vt 0.807384 0.529533
vt 0.793717 0.506261
vt 0.754772 0.258089
vt 0.794051 0.505990
vt 0.162968 0.816746
vt 0.232823 0.788215
vt 0.974865 0.983667
vt 0.163776 0.816746
vt 0.164179 0.816454
vt 0.952432 0.983956
vt 0.801055 0.529533
vt 0.786359 0.506261
vt 0.232913 0.764328
vt 0.800722 0.529840
vt 0.786694 0.505990
vt 0.747158 0.960722
vt 0.160950 0.816746
vt 0.161354 0.816454
vt 0.724724 0.984316
vt 0.805432 0.529840
vt 0.788654 0.505990
vt 0.883620 0.960677
vt 0.399349 0.840548
vt 0.861186 0.984271
vt 0.799769 0.529840
vt 0.789323 0.505990
vt 0.746234 0.529886
vt 0.232913 0.788215
vt 0.984226 0.716253
vt 0.397735 0.840548
vt 0.398138 0.840257
vt 0.805053 0.529533
vt 0.790038 0.506261
vt 0.224856 0.790082
vt 0.804719 0.529840
vt 0.984226 0.740140
vt 0.158932 0.840633
vt 0.800389 0.529533
vt 0.786313 0.505990
vt 0.746234 0.553772
vt 0.228502 0.766237
vt 0.800056 0.529840
vt 0.255801 0.964553
vt 0.163372 0.816746
vt 0.233368 0.988147
vt 0.800435 0.529840
vt 0.790660 0.505990
vt 0.801564 0.282017
vt 0.465159 0.790985
vt 0.986025 0.257677
vt 0.160143 0.840341
vt 0.963591 0.257967
vt 0.801388 0.529533
vt 0.794339 0.505990
vt 0.793026 0.553772
vt 0.232684 0.790988
vt 0.906054 0.983981
vt 0.806765 0.529840
vt 0.792045 0.506261
vt 0.769630 0.577701
vt 0.792379 0.505990
vt 0.219904 0.813843
vt 0.448857 0.812348
vt 0.769592 0.984026
vt 0.747158 0.984316
vt 0.801721 0.529533
vt 0.793026 0.577701
vt 0.793048 0.505990
vt 0.632741 0.840544
vt 0.448767 0.812348
vt 0.928487 0.960677
vt 0.802054 0.529533
vt 0.792379 0.506261
vt 0.769670 0.482061
vt 0.792714 0.505990
vt 0.398945 0.840548
vt 0.448812 0.812348
vt 0.984226 0.644592
vt 0.806385 0.529533
vt 0.787363 0.506261
vt 0.787697 0.505990
vt 0.398138 0.840548
vt 0.232913 0.812102
vt 0.022434 0.984050
vt 0.806718 0.529533
vt 0.465493 0.766966
vt 0.778167 0.234160
vt 0.161354 0.816746
vt 0.171429 0.813776
vt 0.984226 0.740723
vt 0.398542 0.840548
vt 0.798437 0.529840
vt 0.787697 0.506261
vt 0.731375 0.186302
vt 0.466368 0.812093
vt 0.792025 0.960722
vt 0.769592 0.984316
vt 0.803720 0.529533
vt 0.789369 0.506261
vt 0.448902 0.812348
vt 0.984226 0.668479
vt 0.401571 0.840548
vt 0.805386 0.529533
vt 0.789991 0.505990
vt 0.722838 0.529843
vt 0.232823 0.812102
vt 0.950921 0.983981
vt 0.796058 0.529840
vt 0.796391 0.529533
vt 0.785356 0.506261
vt 0.793066 0.482061
vt 0.629109 0.816657
vt 0.232732 0.764328
vt 0.702290 0.984026
vt 0.798723 0.529840
vt 0.679857 0.984316
vt 0.790707 0.506261
vt 0.425371 0.788462
vt 0.161757 0.816746
vt 0.232868 0.764328
vt 0.044867 0.960745
vt 0.803720 0.529840
vt 0.791041 0.506261
vt 0.801564 0.186302
vt 0.629512 0.816657
vt 0.228547 0.766237
vt 0.657423 0.984026
vt 0.804053 0.529840
vt 0.804386 0.529533
vt 0.791376 0.506261
vt 0.801564 0.210231
vt 0.629916 0.816657
vt 0.224811 0.790082
vt 0.067301 0.984050
vt 0.804386 0.529840
vt 0.784306 0.505990
vt 0.801564 0.234160
vt 0.633549 0.816657
vt 0.224721 0.790082
vt 0.984226 0.787914
vt 0.396120 0.864435
vt 0.961792 0.788203
vt 0.788700 0.506261
vt 0.746274 0.482061
vt 0.232684 0.767102
vt 0.796391 0.529840
vt 0.986025 0.233790
vt 0.397735 0.864435
vt 0.794386 0.506261
vt 0.731375 0.186345
vt 0.228617 0.790123
vt 0.796724 0.529840
vt 0.089735 0.984050
vt 0.167812 0.840633
vt 0.784353 0.506261
vt 0.731375 0.234160
vt 0.465159 0.767098
vt 0.797057 0.529840
vt 0.905994 0.792864
vt 0.952432 0.911238
vt 0.840322 0.960384
vt 0.793885 0.911375
vt 0.793885 0.842010
vt 0.224925 0.621006
vt 0.461688 0.788462
vt 0.232280 0.741981
vt 0.417669 0.621005
s 0
usemtl spy6_tex
f 2/1/1 3/2/1 1/3/1
f 4/4/2 7/5/2 3/6/2
f 8/7/3 5/8/3 7/9/3
f 6/10/4 1/11/4 5/12/4
f 7/13/5 1/14/5 3/15/5
f 4/16/6 6/17/6 8/18/6
f 95/13/6 119/13/6 190/13/6
f 179/19/7 191/20/7 118/21/7
f 71/13/6 177/13/6 166/13/6
f 47/13/6 153/13/6 142/13/6
f 46/22/8 647/23/8 648/24/8
f 23/13/6 129/13/6 106/13/6
f 83/13/6 189/13/6 178/13/6
f 59/13/6 165/13/6 154/13/6
f 35/13/6 141/13/6 130/13/6
f 12/25/9 13/26/9 9/27/9
f 16/28/10 14/29/10 12/30/10
f 15/31/11 16/32/11 10/33/11
f 19/34/12 17/35/12 15/31/12
f 11/36/13 20/37/13 19/34/13
f 18/38/14 14/39/14 20/37/14
f 14/39/15 17/35/15 20/37/15
f 24/40/16 25/41/16 21/42/16
f 28/43/17 26/44/17 24/45/17
f 22/46/18 29/47/18 28/43/18
f 27/48/19 32/49/19 29/47/19
f 30/50/20 31/51/20 23/52/20
f 25/41/21 32/53/21 30/50/21
f 26/44/22 29/47/22 32/49/22
f 36/54/23 37/55/23 33/56/23
f 40/57/24 38/58/24 36/59/24
f 34/60/25 41/61/25 40/57/25
f 39/62/26 44/63/26 41/61/26
f 42/64/27 43/65/27 35/66/27
f 37/55/28 44/67/28 42/64/28
f 38/58/29 41/61/29 44/63/29
f 48/68/30 49/69/30 45/70/30
f 52/71/31 50/72/31 48/73/31
f 46/74/32 53/75/32 52/71/32
f 51/76/33 56/77/33 53/75/33
f 54/78/34 55/79/34 47/80/34
f 54/78/35 50/81/35 56/82/35
f 50/81/36 53/83/36 56/82/36
f 60/84/37 61/85/37 57/86/37
f 64/87/38 62/88/38 60/89/38
f 58/90/39 65/91/39 64/87/39
f 63/92/40 68/93/40 65/91/40
f 66/94/41 67/95/41 59/96/41
f 61/85/42 68/97/42 66/94/42
f 62/98/43 65/99/43 68/97/43
f 72/100/44 73/101/44 69/102/44
f 76/103/45 74/104/45 72/105/45
f 70/106/46 77/107/46 76/103/46
f 75/108/47 80/109/47 77/107/47
f 78/110/48 79/111/48 71/112/48
f 73/101/49 80/113/49 78/110/49
f 74/104/50 77/107/50 80/109/50
f 84/114/51 85/115/51 81/116/51
f 88/117/52 86/118/52 84/119/52
f 82/120/53 89/121/53 88/117/53
f 87/122/54 92/123/54 89/121/54
f 90/124/55 91/125/55 83/126/55
f 90/124/56 86/127/56 92/128/56
f 86/118/57 89/121/57 92/123/57
f 96/129/58 97/130/58 93/131/58
f 100/132/59 98/133/59 96/129/59
f 94/134/60 101/135/60 100/132/60
f 99/136/61 104/137/61 101/135/61
f 102/138/62 103/139/62 95/140/62
f 102/141/63 98/142/63 104/143/63
f 98/133/64 101/135/64 104/137/64
f 108/41/65 109/144/65 105/42/65
f 112/50/66 110/145/66 108/41/66
f 111/146/67 112/50/67 106/52/67
f 115/147/68 113/148/68 111/149/68
f 107/150/69 116/151/69 115/147/69
f 114/152/70 110/153/70 116/151/70
f 110/153/71 113/148/71 116/151/71
f 120/154/72 121/155/72 117/156/72
f 124/157/73 122/158/73 120/159/73
f 118/21/74 125/160/74 124/157/74
f 123/161/75 128/162/75 125/160/75
f 126/163/76 127/164/76 119/165/76
f 121/155/77 128/166/77 126/163/77
f 122/158/78 125/160/78 128/162/78
f 132/167/79 133/168/79 129/169/79
f 132/167/80 137/170/80 134/171/80
f 135/172/81 136/173/81 130/174/81
f 139/175/82 137/170/82 135/172/82
f 131/176/83 140/177/83 139/175/83
f 138/178/84 134/171/84 140/177/84
f 134/171/85 137/170/85 140/177/85
f 144/179/86 145/180/86 141/181/86
f 148/182/87 146/183/87 144/184/87
f 147/185/88 148/186/88 142/187/88
f 151/188/89 149/189/89 147/185/89
f 143/190/90 152/191/90 151/188/90
f 150/192/91 146/193/91 152/191/91
f 146/193/92 149/189/92 152/191/92
f 156/194/93 157/195/93 153/196/93
f 160/197/94 158/198/94 156/199/94
f 159/200/95 160/201/95 154/202/95
f 163/203/96 161/204/96 159/200/96
f 155/205/97 164/206/97 163/203/97
f 162/207/98 158/208/98 164/206/98
f 158/208/99 161/204/99 164/206/99
f 168/209/100 169/210/100 165/211/100
f 172/212/101 170/213/101 168/209/101
f 171/214/102 172/212/102 166/215/102
f 175/216/103 173/217/103 171/218/103
f 167/219/104 176/220/104 175/216/104
f 174/221/105 170/222/105 176/220/105
f 170/222/106 173/217/106 176/220/106
f 180/223/107 181/224/107 177/225/107
f 184/226/108 182/227/108 180/223/108
f 183/228/109 184/226/109 178/229/109
f 187/230/110 185/231/110 183/232/110
f 179/19/111 188/233/111 187/230/111
f 186/234/112 182/235/112 188/233/112
f 182/235/113 185/231/113 188/233/113
f 192/236/114 193/237/114 189/238/114
f 196/239/115 194/240/115 192/236/115
f 195/241/116 196/239/116 190/242/116
f 199/243/117 197/244/117 195/245/117
f 191/20/118 200/246/118 199/243/118
f 198/247/119 194/248/119 200/246/119
f 194/248/120 197/244/120 200/246/120
f 21/249/121 13/26/121 24/45/121
f 13/26/122 28/43/122 24/45/122
f 18/38/123 22/46/123 28/43/123
f 23/52/124 36/54/124 33/56/124
f 31/250/125 40/57/125 36/59/125
f 40/57/126 22/46/126 34/60/126
f 45/70/127 43/251/127 48/68/127
f 48/73/128 39/62/128 52/71/128
f 39/62/129 46/74/129 52/71/129
f 57/86/130 55/79/130 60/84/130
f 55/252/131 64/87/131 60/89/131
f 64/87/132 46/74/132 58/90/132
f 59/96/133 72/253/133 69/254/133
f 72/105/134 63/92/134 76/103/134
f 76/103/135 58/90/135 70/106/135
f 81/116/136 79/111/136 84/114/136
f 79/255/137 88/117/137 84/119/137
f 75/108/138 82/120/138 88/117/138
f 93/131/139 91/256/139 96/129/139
f 96/129/140 87/122/140 100/132/140
f 100/132/141 82/120/141 94/134/141
f 95/140/142 15/31/142 10/33/142
f 15/31/143 99/136/143 19/34/143
f 99/136/144 11/36/144 19/34/144
f 107/150/145 124/157/145 114/152/145
f 114/152/146 120/159/146 109/257/146
f 120/154/147 105/258/147 109/259/147
f 107/150/148 138/178/148 131/176/148
f 115/147/149 133/168/149 138/178/149
f 133/260/150 106/52/150 129/56/150
f 143/190/151 139/175/151 150/192/151
f 150/192/152 135/172/152 145/180/152
f 135/172/153 141/181/153 145/180/153
f 143/190/154 162/207/154 155/205/154
f 162/207/155 147/185/155 157/195/155
f 157/195/156 142/187/156 153/196/156
f 155/205/157 174/221/157 167/219/157
f 174/221/158 159/200/158 169/261/158
f 159/200/159 165/262/159 169/261/159
f 167/219/160 186/234/160 179/19/160
f 186/234/161 171/218/161 181/263/161
f 171/214/162 177/225/162 181/224/162
f 191/20/163 187/230/163 198/247/163
f 187/230/164 193/264/164 198/247/164
f 183/265/165 189/238/165 193/237/165
f 191/20/166 123/161/166 118/21/166
f 199/243/167 127/266/167 123/161/167
f 127/164/168 190/242/168 119/165/168
f 95/13/6 196/13/6 102/13/6
f 102/267/169 192/268/169 97/268/169
f 97/268/6 189/269/6 93/269/6
f 177/270/170 85/271/170 180/271/170
f 180/271/6 90/272/6 184/272/6
f 184/13/6 83/13/6 178/13/6
f 71/13/6 172/13/6 78/13/6
f 78/13/171 168/13/171 73/13/171
f 73/13/6 165/13/6 69/13/6
f 153/273/172 61/274/172 156/274/172
f 156/274/6 66/275/6 160/275/6
f 160/13/6 59/13/6 154/13/6
f 47/13/6 148/13/6 54/13/6
f 54/186/173 144/179/173 49/179/173
f 49/179/6 141/181/6 45/181/6
f 129/276/174 37/277/174 132/278/174
f 37/277/174 136/279/174 132/278/174
f 136/279/6 35/280/6 130/280/6
f 23/13/6 112/13/6 30/13/6
f 30/50/175 108/41/175 25/41/175
f 25/41/6 105/42/6 21/42/6
f 119/33/176 16/32/176 126/281/176
f 16/32/176 121/282/176 126/281/176
f 121/282/6 9/27/6 117/27/6
f 9/13/6 105/13/6 117/13/6
f 203/283/176 202/284/176 201/285/176
f 207/286/177 210/287/177 206/288/177
f 204/289/178 205/290/178 208/291/178
f 202/292/179 206/288/179 201/293/179
f 204/294/180 207/295/180 202/296/180
f 203/297/181 206/298/181 205/299/181
f 211/300/7 209/301/7 210/302/7
f 207/295/182 212/303/182 211/304/182
f 205/299/171 210/305/171 209/306/171
f 205/307/183 212/308/183 208/309/183
f 213/310/176 216/311/176 214/312/176
f 219/313/184 222/314/184 218/315/184
f 216/311/178 217/316/178 220/317/178
f 214/318/179 218/315/179 213/319/179
f 216/320/180 219/321/180 214/322/180
f 215/323/181 218/324/181 217/325/181
f 223/326/7 221/327/7 222/328/7
f 220/329/182 223/330/182 219/321/182
f 218/324/171 221/331/171 217/325/171
f 217/332/183 224/333/183 220/334/183
f 227/335/176 226/336/176 225/337/176
f 231/338/184 234/339/184 230/340/184
f 227/335/178 232/341/178 228/342/178
f 225/343/185 231/338/185 230/340/185
f 226/344/180 232/345/180 231/346/180
f 225/347/181 229/348/181 227/349/181
f 235/350/7 233/351/7 234/352/7
f 231/346/182 236/353/182 235/354/182
f 230/355/171 233/356/171 229/348/171
f 229/357/183 236/358/183 232/359/183
f 237/360/176 240/361/176 238/362/176
f 243/363/177 246/364/177 242/365/177
f 239/366/178 244/367/178 240/361/178
f 237/368/179 243/363/179 242/365/179
f 240/369/180 243/370/180 238/371/180
f 239/372/181 242/373/181 241/374/181
f 246/375/7 248/376/7 245/377/7
f 243/370/182 248/378/182 247/379/182
f 241/374/171 246/380/171 245/381/171
f 241/382/183 248/383/183 244/384/183
f 249/385/176 252/386/176 250/387/176
f 255/388/177 258/389/177 254/390/177
f 251/391/178 256/392/178 252/386/178
f 249/393/179 255/388/179 254/390/179
f 252/394/180 255/395/180 250/396/180
f 251/397/181 254/398/181 253/399/181
f 259/400/7 257/401/7 258/402/7
f 255/395/182 260/403/182 259/404/182
f 253/399/171 258/405/171 257/406/171
f 253/407/183 260/408/183 256/383/183
f 263/409/176 262/410/176 261/411/176
f 267/412/186 270/413/186 266/414/186
f 263/409/178 268/415/178 264/416/178
f 262/417/179 266/414/179 261/418/179
f 262/419/180 268/420/180 267/421/180
f 261/422/187 265/423/187 263/424/187
f 271/425/7 269/426/7 270/427/7
f 268/420/182 271/428/182 267/421/182
f 265/423/171 270/429/171 269/430/171
f 265/431/183 272/432/183 268/433/183
f 275/434/176 274/435/176 273/436/176
f 279/437/186 282/438/186 278/439/186
f 275/434/178 280/440/178 276/441/178
f 274/442/179 278/439/179 273/443/179
f 274/444/180 280/445/180 279/446/180
f 275/447/181 278/448/181 277/449/181
f 283/450/7 281/451/7 282/452/7
f 280/445/182 283/453/182 279/446/182
f 278/448/171 281/454/171 277/449/171
f 277/455/183 284/456/183 280/457/183
f 287/458/176 286/459/176 285/460/176
f 291/461/188 296/462/188 295/463/188
f 288/464/178 289/465/178 292/466/178
f 286/467/179 290/468/179 285/469/179
f 288/470/180 291/461/180 286/471/180
f 285/472/181 289/473/181 287/474/181
f 295/475/7 293/476/7 294/477/7
f 289/473/171 294/478/171 293/479/171
f 289/480/183 296/481/183 292/482/183
f 291/483/177 294/484/177 290/468/177
f 299/485/176 298/486/176 297/487/176
f 304/488/182 307/489/182 303/490/182
f 300/491/178 301/492/178 304/493/178
f 298/494/179 302/495/179 297/496/179
f 300/497/180 303/490/180 298/498/180
f 299/499/181 302/500/181 301/501/181
f 307/502/7 305/503/7 306/504/7
f 301/501/171 306/505/171 305/506/171
f 301/507/183 308/508/183 304/509/183
f 303/510/186 306/511/186 302/495/186
f 311/512/176 310/513/176 309/514/176
f 316/515/182 319/516/182 315/517/182
f 311/512/178 316/518/178 312/519/178
f 309/520/185 315/521/185 314/286/185
f 310/522/180 316/515/180 315/517/180
f 311/523/181 314/524/181 313/525/181
f 319/526/7 317/527/7 318/528/7
f 314/524/171 317/529/171 313/525/171
f 313/530/189 320/531/189 316/532/189
f 315/521/186 318/533/186 314/286/186
f 323/534/176 322/535/176 321/536/176
f 328/537/182 331/538/182 327/539/182
f 323/534/178 328/540/178 324/541/178
f 322/542/185 326/543/185 321/544/185
f 322/545/180 328/537/180 327/539/180
f 321/546/181 325/547/181 323/548/181
f 331/549/7 329/550/7 330/551/7
f 325/547/171 330/552/171 329/553/171
f 325/554/183 332/555/183 328/556/183
f 327/557/186 330/558/186 326/543/186
f 335/559/176 334/560/176 333/561/176
f 339/562/182 344/563/182 343/564/182
f 335/559/178 340/565/178 336/566/178
f 334/567/179 338/568/179 333/569/179
f 336/570/180 339/562/180 334/571/180
f 335/572/181 338/573/181 337/574/181
f 343/575/7 341/576/7 342/577/7
f 337/574/171 342/578/171 341/579/171
f 340/431/183 341/580/183 344/581/183
f 339/582/190 342/583/190 338/568/190
f 347/584/176 346/585/176 345/586/176
f 352/587/182 355/588/182 351/589/182
f 347/584/178 352/590/178 348/591/178
f 346/592/191 350/593/191 345/594/191
f 348/595/180 351/589/180 346/596/180
f 345/597/181 349/598/181 347/599/181
f 355/600/7 353/601/7 354/602/7
f 349/598/171 354/603/171 353/604/171
f 349/605/183 356/606/183 352/607/183
f 351/608/184 354/609/184 350/593/184
f 359/610/176 358/611/176 357/612/176
f 364/613/192 367/614/192 363/615/192
f 360/616/178 361/617/178 364/618/178
f 358/619/191 362/620/191 357/621/191
f 360/622/180 363/615/180 358/623/180
f 359/624/181 362/625/181 361/626/181
f 367/627/7 365/628/7 366/629/7
f 361/626/193 366/630/193 365/631/193
f 361/632/183 368/633/183 364/634/183
f 363/635/184 366/636/184 362/620/184
f 371/637/176 370/638/176 369/639/176
f 373/640/189 380/641/189 376/642/189
f 372/643/194 373/644/194 376/645/194
f 370/646/179 374/647/179 369/648/179
f 372/649/180 375/650/180 370/651/180
f 369/652/181 373/653/181 371/654/181
f 379/655/7 377/656/7 378/657/7
f 375/658/195 378/659/195 374/647/195
f 375/650/182 380/660/182 379/661/182
f 374/662/196 377/663/196 373/653/196
f 381/664/176 384/665/176 382/666/176
f 385/667/189 392/668/189 388/669/189
f 384/665/194 385/670/194 388/671/194
f 382/672/185 386/673/185 381/674/185
f 382/675/197 388/676/197 387/677/197
f 381/678/181 385/679/181 383/680/181
f 391/681/7 389/682/7 390/683/7
f 387/684/177 390/685/177 386/673/177
f 387/677/182 392/686/182 391/687/182
f 386/688/171 389/689/171 385/679/171
f 393/690/176 396/691/176 394/692/176
f 397/693/189 404/694/189 400/695/189
f 395/696/194 400/697/194 396/691/194
f 393/698/179 399/699/179 398/700/179
f 394/701/197 400/702/197 399/703/197
f 393/704/181 397/705/181 395/706/181
f 402/707/7 404/708/7 401/709/7
f 399/699/186 402/710/186 398/700/186
f 399/703/182 404/711/182 403/712/182
f 397/705/171 402/713/171 401/714/171
f 407/715/176 406/716/176 405/717/176
f 409/642/198 416/718/198 412/719/198
f 407/715/178 412/720/178 408/721/178
f 405/722/179 411/723/179 410/724/179
f 406/725/197 412/726/197 411/727/197
f 405/728/181 409/729/181 407/730/181
f 414/731/7 416/732/7 413/733/7
f 411/723/195 414/734/195 410/724/195
f 411/727/182 416/735/182 415/736/182
f 410/737/171 413/738/171 409/729/171
f 417/739/176 420/740/176 418/741/176
f 421/742/198 428/743/198 424/744/198
f 419/745/194 424/746/194 420/740/194
f 418/747/179 422/748/179 417/749/179
f 420/750/180 423/751/180 418/752/180
f 417/753/181 421/754/181 419/755/181
f 427/756/7 425/757/7 426/758/7
f 423/759/199 426/760/199 422/748/199
f 424/761/182 427/762/182 423/751/182
f 422/763/171 425/764/171 421/754/171
f 431/765/176 430/766/176 429/767/176
f 433/768/198 440/769/198 436/770/198
f 432/771/194 433/772/194 436/773/194
f 430/774/179 434/775/179 429/776/179
f 432/777/180 435/778/180 430/779/180
f 429/780/181 433/781/181 431/782/181
f 438/783/7 440/784/7 437/785/7
f 435/786/200 438/787/200 434/775/200
f 435/778/182 440/788/182 439/789/182
f 434/790/171 437/791/171 433/781/171
f 443/792/176 442/793/176 441/794/176
f 445/795/198 452/796/198 448/797/198
f 444/798/194 445/799/194 448/800/194
f 442/801/179 446/802/179 441/803/179
f 442/804/180 448/805/180 447/806/180
f 441/807/181 445/808/181 443/809/181
f 451/810/7 449/811/7 450/812/7
f 447/813/200 450/814/200 446/802/200
f 447/806/182 452/815/182 451/816/182
f 446/817/171 449/818/171 445/808/171
f 455/819/176 454/820/176 453/821/176
f 459/822/182 464/823/182 463/824/182
f 455/819/178 460/825/178 456/826/178
f 453/827/179 459/828/179 458/829/179
f 454/830/180 460/831/180 459/822/180
f 453/832/181 457/833/181 455/834/181
f 463/835/7 461/836/7 462/837/7
f 458/838/171 461/839/171 457/833/171
f 457/840/189 464/841/189 460/842/189
f 459/828/190 462/843/190 458/829/190
f 467/844/176 466/845/176 465/846/176
f 471/847/182 476/848/182 475/849/182
f 468/850/194 469/851/194 472/852/194
f 466/853/185 470/854/185 465/855/185
f 466/856/180 472/857/180 471/847/180
f 465/858/181 469/859/181 467/860/181
f 475/861/7 473/862/7 474/863/7
f 470/864/171 473/865/171 469/859/171
f 469/744/198 476/866/198 472/867/198
f 471/868/190 474/869/190 470/854/190
f 477/870/176 480/871/176 478/872/176
f 483/873/182 488/874/182 487/875/182
f 479/876/194 484/877/194 480/871/194
f 477/878/179 483/879/179 482/880/179
f 478/881/180 484/882/180 483/873/180
f 477/883/181 481/884/181 479/885/181
f 487/886/7 485/887/7 486/888/7
f 482/889/171 485/890/171 481/884/171
f 481/891/198 488/892/198 484/893/198
f 483/879/190 486/894/190 482/880/190
f 491/895/176 490/896/176 489/897/176
f 496/898/182 499/899/182 495/900/182
f 491/895/178 496/465/178 492/901/178
f 489/902/179 495/903/179 494/904/179
f 492/905/180 495/900/180 490/906/180
f 489/907/181 493/908/181 491/909/181
f 499/910/7 497/911/7 498/912/7
f 494/913/171 497/914/171 493/908/171
f 493/915/201 500/455/201 496/916/201
f 495/903/190 498/917/190 494/904/190
f 503/918/176 502/919/176 501/920/176
f 508/921/182 511/922/182 507/923/182
f 503/918/178 508/924/178 504/925/178
f 501/926/179 507/927/179 506/928/179
f 504/929/180 507/923/180 502/930/180
f 501/931/181 505/932/181 503/933/181
f 511/527/7 509/934/7 510/935/7
f 506/936/171 509/937/171 505/932/171
f 505/938/201 512/939/201 508/940/201
f 507/927/200 510/941/200 506/928/200
f 513/942/176 516/943/176 514/944/176
f 517/945/201 524/946/201 520/947/201
f 515/948/178 520/949/178 516/943/178
f 513/950/191 519/951/191 518/952/191
f 516/953/180 519/954/180 514/955/180
f 513/956/181 517/957/181 515/958/181
f 523/959/7 521/960/7 522/961/7
f 519/951/190 522/962/190 518/952/190
f 519/954/182 524/963/182 523/964/182
f 518/965/171 521/966/171 517/957/171
f 525/967/176 528/968/176 526/969/176
f 529/970/201 536/971/201 532/972/201
f 527/973/178 532/974/178 528/968/178
f 525/975/191 531/976/191 530/977/191
f 526/978/180 532/979/180 531/980/180
f 527/981/181 530/982/181 529/983/181
f 535/836/7 533/350/7 534/984/7
f 531/976/190 534/985/190 530/977/190
f 531/980/182 536/986/182 535/987/182
f 530/982/171 533/988/171 529/983/171
f 539/989/176 538/990/176 537/991/176
f 541/992/201 548/359/201 544/993/201
f 539/989/178 544/994/178 540/995/178
f 537/996/191 543/997/191 542/998/191
f 540/999/180 543/1000/180 538/1001/180
f 539/1002/181 542/1003/181 541/1004/181
f 547/1005/7 545/1006/7 546/1007/7
f 543/997/190 546/1008/190 542/998/190
f 543/1000/182 548/1009/182 547/1010/182
f 542/1003/171 545/1011/171 541/1004/171
f 551/1012/176 550/1013/176 549/1014/176
f 555/1015/182 560/1016/182 559/1017/182
f 551/1012/178 556/1018/178 552/1019/178
f 549/1020/179 555/1021/179 554/1022/179
f 552/1023/180 555/1015/180 550/1024/180
f 551/1025/181 554/1026/181 553/1027/181
f 559/1028/7 557/1029/7 558/1030/7
f 553/1027/193 558/1031/193 557/1032/193
f 553/1033/183 560/1034/183 556/554/183
f 555/1021/184 558/1035/184 554/1022/184
f 563/1036/176 562/1037/176 561/1038/176
f 567/1039/182 572/1040/182 571/1041/182
f 563/1036/178 568/1042/178 564/1043/178
f 562/1044/179 566/1045/179 561/1046/179
f 562/1047/180 568/1048/180 567/1039/180
f 563/1049/181 566/1050/181 565/1051/181
f 571/1052/7 569/1053/7 570/1054/7
f 565/1051/171 570/1055/171 569/1056/171
f 565/1057/189 572/1058/189 568/1059/189
f 567/1060/184 570/1061/184 566/1045/184
f 573/1062/176 576/1063/176 574/1064/176
f 579/1065/182 584/1066/182 583/1067/182
f 575/1068/178 580/1069/178 576/1063/178
f 573/1070/179 579/1071/179 578/1072/179
f 574/1073/180 580/1074/180 579/1065/180
f 573/1075/181 577/1076/181 575/1077/181
f 583/1078/7 581/1079/7 582/1080/7
f 577/1076/171 582/1081/171 581/1082/171
f 577/1083/183 584/1084/183 580/1085/183
f 579/1071/184 582/1086/184 578/1072/184
f 587/1087/176 586/1088/176 585/1089/176
f 591/1090/182 596/1091/182 595/1092/182
f 587/1087/178 592/1093/178 588/1094/178
f 586/1095/179 590/1096/179 585/1097/179
f 588/1098/180 591/1090/180 586/1099/180
f 587/1100/181 590/1101/181 589/1102/181
f 595/1103/7 593/1104/7 594/1105/7
f 589/1102/171 594/1106/171 593/1107/171
f 589/1108/183 596/1109/183 592/1110/183
f 591/1111/184 594/1112/184 590/1096/184
f 599/1113/176 598/1114/176 597/1115/176
f 603/1116/182 608/1117/182 607/1118/182
f 599/1113/178 604/1119/178 600/1120/178
f 597/1121/179 603/1122/179 602/1123/179
f 600/1124/180 603/1116/180 598/1125/180
f 599/1126/181 602/1127/181 601/1128/181
f 607/1129/7 605/326/7 606/1130/7
f 601/1128/171 606/1131/171 605/1132/171
f 601/1133/189 608/1134/189 604/1135/189
f 603/1122/184 606/1136/184 602/1123/184
f 611/1137/176 610/1138/176 609/1139/176
f 613/1135/202 620/1140/202 616/1141/202
f 611/1137/178 616/1142/178 612/1143/178
f 610/1144/179 614/1145/179 609/1146/179
f 610/1147/180 616/1148/180 615/1149/180
f 609/1150/181 613/1151/181 611/1152/181
f 618/1153/7 620/1154/7 617/1052/7
f 615/1155/177 618/1156/177 614/1145/177
f 616/1148/182 619/1157/182 615/1149/182
f 614/1158/171 617/1159/171 613/1151/171
f 621/1160/176 624/1161/176 622/1162/176
f 625/1163/202 632/1164/202 628/1165/202
f 623/1166/178 628/1167/178 624/1161/178
f 622/1168/179 626/1169/179 621/1170/179
f 624/1171/180 627/1172/180 622/1173/180
f 623/1174/181 626/1175/181 625/1176/181
f 630/1177/7 632/1178/7 629/450/7
f 627/1179/177 630/1180/177 626/1169/177
f 628/1181/182 631/1182/182 627/1172/182
f 626/1175/171 629/1183/171 625/1176/171
f 633/1184/176 636/1185/176 634/1186/176
f 637/1187/189 644/1188/189 640/1189/189
f 635/1190/178 640/1191/178 636/1185/178
f 633/1192/179 639/1193/179 638/1194/179
f 634/1195/180 640/1196/180 639/1197/180
f 633/1198/181 637/1199/181 635/1200/181
f 643/1201/7 641/1202/7 642/1203/7
f 639/1193/184 642/1204/184 638/1194/184
f 640/1196/182 643/1205/182 639/1197/182
f 638/1206/171 641/1207/171 637/1199/171
f 651/1208/176 649/1209/176 647/1210/176
f 94/1211/203 645/1212/203 11/1213/203
f 34/1214/204 646/1215/204 647/1216/204
f 94/1217/205 651/1218/205 652/1219/205
f 22/1220/206 645/1221/206 646/1215/206
f 70/1222/207 651/1218/207 82/1223/207
f 58/1224/208 650/1225/208 70/1226/208
f 46/22/209 649/1227/209 58/1224/209
f 739/13/6 763/13/6 834/13/6
f 835/1228/210 762/1229/210 799/1230/210
f 715/13/6 821/13/6 810/13/6
f 691/13/6 797/13/6 786/13/6
f 714/1231/211 1295/1232/211 726/1233/211
f 667/13/6 773/13/6 750/13/6
f 727/13/6 833/13/6 822/13/6
f 703/13/6 809/13/6 798/13/6
f 679/13/6 785/13/6 774/13/6
f 656/1234/212 657/1235/212 653/1236/212
f 656/1234/213 661/1237/213 658/1238/213
f 659/1239/214 660/1240/214 654/1241/214
f 663/1242/215 661/1243/215 659/1244/215
f 655/1245/216 664/1246/216 663/1242/216
f 662/1247/217 658/1248/217 664/1246/217
f 658/1238/218 661/1237/218 664/1249/218
f 668/1250/219 669/1251/219 665/1252/219
f 672/1253/220 670/1254/220 668/1255/220
f 666/1256/221 673/1257/221 672/1253/221
f 671/1258/222 676/1259/222 673/1257/222
f 674/1260/223 675/1261/223 667/1262/223
f 674/1260/224 670/1263/224 676/1264/224
f 670/1254/225 673/1257/225 676/1259/225
f 680/1265/226 681/1266/226 677/1267/226
f 684/1268/227 682/1269/227 680/1270/227
f 678/1271/228 685/1272/228 684/1268/228
f 683/1273/229 688/1274/229 685/1272/229
f 686/1275/230 687/1276/230 679/1277/230
f 686/1275/231 682/1278/231 688/1279/231
f 682/1269/232 685/1272/232 688/1274/232
f 692/1280/233 693/1281/233 689/1282/233
f 696/1283/234 694/1284/234 692/1280/234
f 690/1285/235 697/1286/235 696/1283/235
f 695/1287/236 700/1288/236 697/1286/236
f 698/1289/237 699/1290/237 691/1291/237
f 698/1292/238 694/1293/238 700/1294/238
f 694/1284/239 697/1286/239 700/1288/239
f 704/1295/240 705/1296/240 701/1297/240
f 708/1298/241 706/1299/241 704/1295/241
f 702/1300/242 709/1301/242 708/1298/242
f 707/1302/243 712/1303/243 709/1301/243
f 710/1304/244 711/1305/244 703/1306/244
f 710/1307/245 706/1308/245 712/1309/245
f 706/1299/246 709/1301/246 712/1303/246
f 716/1310/247 717/1311/247 713/1312/247
f 720/1313/248 718/1314/248 716/1315/248
f 714/1316/249 721/1317/249 720/1313/249
f 719/1318/250 724/1319/250 721/1317/250
f 722/1320/251 723/1321/251 715/1322/251
f 722/1320/252 718/1323/252 724/1324/252
f 718/1314/253 721/1317/253 724/1319/253
f 728/1325/254 729/1326/254 725/1327/254
f 732/1328/255 730/1329/255 728/1330/255
f 726/1331/256 733/1332/256 732/1328/256
f 731/1333/257 736/1334/257 733/1332/257
f 734/1335/258 735/1336/258 727/1337/258
f 729/1326/259 736/1338/259 734/1335/259
f 730/1329/260 733/1332/260 736/1334/260
f 740/1339/261 741/1340/261 737/1341/261
f 744/1342/262 742/1343/262 740/1344/262
f 738/1345/263 745/1346/263 744/1342/263
f 743/1347/264 748/1348/264 745/1346/264
f 746/1349/265 747/1350/265 739/1351/265
f 746/1349/266 742/1352/266 748/1353/266
f 742/1352/267 745/1354/267 748/1353/267
f 752/1355/268 753/1356/268 749/1357/268
f 756/1358/269 754/1359/269 752/1355/269
f 755/1360/270 756/1358/270 750/1361/270
f 759/1362/271 757/1363/271 755/1364/271
f 751/1365/272 760/1366/272 759/1362/272
f 758/1367/273 754/1368/273 760/1366/273
f 754/1368/274 757/1363/274 760/1366/274
f 764/1369/275 765/1370/275 761/1371/275
f 768/1372/276 766/1373/276 764/1369/276
f 762/1229/277 769/1374/277 768/1372/277
f 767/1375/278 772/1376/278 769/1374/278
f 770/1377/279 771/1378/279 763/1379/279
f 770/1377/280 766/1373/280 772/1376/280
f 766/1373/281 769/1374/281 772/1376/281
f 776/1380/282 777/1381/282 773/1382/282
f 776/1383/283 781/1384/283 778/1385/283
f 779/1386/284 780/1387/284 774/1388/284
f 783/1389/285 781/1390/285 779/1386/285
f 775/1391/286 784/1392/286 783/1389/286
f 782/1393/287 778/1394/287 784/1392/287
f 778/1394/288 781/1390/288 784/1392/288
f 788/1395/289 789/1396/289 785/1397/289
f 792/1398/290 790/1399/290 788/1395/290
f 791/1400/291 792/1398/291 786/1401/291
f 795/1402/292 793/1403/292 791/1404/292
f 787/1405/293 796/1406/293 795/1402/293
f 794/1407/294 790/1408/294 796/1406/294
f 790/1408/295 793/1403/295 796/1406/295
f 800/1409/296 801/1410/296 797/1411/296
f 800/1409/297 805/1412/297 802/1413/297
f 803/1414/298 804/1415/298 798/1416/298
f 807/1417/299 805/1418/299 803/1419/299
f 799/1230/300 808/1420/300 807/1417/300
f 806/1421/301 802/1422/301 808/1420/301
f 802/1422/302 805/1418/302 808/1420/302
f 812/1423/303 813/1424/303 809/1425/303
f 812/1423/304 817/1426/304 814/1427/304
f 815/1428/305 816/1429/305 810/1430/305
f 819/1431/306 817/1432/306 815/1433/306
f 811/1434/307 820/1435/307 819/1431/307
f 818/1436/308 814/1437/308 820/1435/308
f 814/1437/309 817/1432/309 820/1435/309
f 824/1438/310 825/1439/310 821/1440/310
f 824/1438/311 829/1441/311 826/1442/311
f 827/1443/312 828/1444/312 822/1445/312
f 831/1446/313 829/1447/313 827/1448/313
f 823/1449/314 832/1450/314 831/1446/314
f 830/1451/315 826/1452/315 832/1450/315
f 826/1452/316 829/1447/316 832/1450/316
f 836/1453/317 837/1454/317 833/1455/317
f 836/1456/318 841/1457/318 838/1458/318
f 839/1459/319 840/1460/319 834/1461/319
f 843/1462/320 841/1463/320 839/1459/320
f 835/1228/321 844/1464/321 843/1462/321
f 842/1465/322 838/1466/322 844/1464/322
f 838/1466/323 841/1463/323 844/1464/323
f 653/1236/324 668/1467/324 665/1468/324
f 668/1255/325 662/1247/325 672/1253/325
f 672/1253/326 655/1245/326 666/1256/326
f 677/1267/327 675/1261/327 680/1265/327
f 675/1469/328 684/1268/328 680/1270/328
f 671/1258/329 678/1271/329 684/1268/329
f 679/1470/330 692/1280/330 689/1282/330
f 692/1280/331 683/1273/331 696/1283/331
f 696/1283/332 678/1271/332 690/1285/332
f 691/1291/333 704/1295/333 701/1297/333
f 699/1290/334 708/1298/334 704/1295/334
f 695/1287/335 702/1300/335 708/1298/335
f 713/1471/336 711/1305/336 716/1315/336
f 711/1305/337 720/1313/337 716/1315/337
f 720/1313/338 702/1300/338 714/1316/338
f 715/1322/339 728/1325/339 725/1327/339
f 723/1472/340 732/1328/340 728/1330/340
f 719/1318/341 726/1331/341 732/1328/341
f 727/1473/342 740/1339/342 737/1341/342
f 740/1344/343 731/1333/343 744/1342/343
f 731/1333/344 738/1345/344 744/1342/344
f 739/1351/345 659/1239/345 654/1241/345
f 747/1474/346 663/1242/346 659/1244/346
f 663/1242/347 738/1345/347 655/1245/347
f 751/1365/348 768/1372/348 758/1367/348
f 758/1367/349 764/1369/349 753/1475/349
f 764/1369/350 749/1476/350 753/1475/350
f 751/1365/351 782/1393/351 775/1391/351
f 759/1362/352 777/1381/352 782/1393/352
f 777/1477/353 750/1361/353 773/1478/353
f 787/1405/354 783/1389/354 794/1407/354
f 794/1407/355 779/1386/355 789/1479/355
f 779/1480/356 785/1397/356 789/1396/356
f 787/1405/357 806/1421/357 799/1230/357
f 795/1402/358 801/1481/358 806/1421/358
f 801/1410/359 786/1401/359 797/1411/359
f 811/1434/360 807/1417/360 818/1436/360
f 818/1436/361 803/1419/361 813/1482/361
f 803/1414/362 809/1483/362 813/1484/362
f 811/1434/363 830/1451/363 823/1449/363
f 830/1451/364 815/1433/364 825/1485/364
f 815/1428/365 821/1440/365 825/1439/365
f 823/1449/366 842/1465/366 835/1228/366
f 831/1446/367 837/1454/367 842/1465/367
f 827/1448/368 833/1455/368 837/1454/368
f 835/1228/369 767/1375/369 762/1229/369
f 843/1462/370 771/1378/370 767/1375/370
f 771/1378/371 834/1461/371 763/1379/371
f 739/13/6 840/13/6 746/13/6
f 746/1460/372 836/1453/372 741/1453/372
f 741/1453/6 833/1455/6 737/1455/6
f 821/1486/373 729/1487/373 824/1488/373
f 824/1488/6 734/1489/6 828/1489/6
f 828/13/6 727/13/6 822/13/6
f 715/13/6 816/13/6 722/13/6
f 722/1490/374 812/1491/374 717/1491/374
f 717/1491/6 809/1492/6 713/1492/6
f 797/1297/375 705/1296/375 800/1296/375
f 800/1296/6 710/1304/6 804/1304/6
f 804/13/6 703/13/6 798/13/6
f 691/13/6 792/13/6 698/13/6
f 698/1493/376 788/1494/376 693/1495/376
f 693/1495/6 785/1496/6 689/1496/6
f 773/1497/377 681/1498/377 776/1499/377
f 681/1498/377 780/1500/377 776/1499/377
f 780/1500/6 679/1501/6 774/1501/6
f 667/13/6 756/13/6 674/13/6
f 674/1502/378 752/1503/378 669/1503/378
f 669/1502/6 749/1502/6 665/1502/6
f 763/1504/377 660/1505/377 770/1506/377
f 660/1505/379 765/1507/379 770/1506/379
f 765/1507/6 653/1508/6 761/1508/6
f 653/1502/6 749/1502/6 761/1502/6
f 847/1509/377 846/1510/377 845/1511/377
f 851/1512/380 854/1513/380 850/1514/380
f 847/1515/381 852/1516/381 848/1517/381
f 846/1510/382 850/1518/382 845/1511/382
f 848/1519/383 851/1520/383 846/1521/383
f 847/1522/384 850/1523/384 849/1524/384
f 855/1525/210 853/1526/210 854/1527/210
f 852/1528/182 855/1529/182 851/1520/182
f 850/1523/171 853/1530/171 849/1524/171
f 849/1531/385 856/1532/385 852/1516/385
f 859/1533/377 858/1534/377 857/1535/377
f 863/1536/386 866/1537/386 862/1538/386
f 859/1539/381 864/1540/381 860/1541/381
f 858/1534/387 862/1542/387 857/1535/387
f 858/1543/388 864/1544/388 863/1545/388
f 857/1546/384 861/1547/384 859/1548/384
f 867/1549/210 865/1550/210 866/1551/210
f 864/1544/182 867/1552/182 863/1545/182
f 861/1547/171 866/1553/171 865/1554/171
f 861/1555/385 868/1556/385 864/1540/385
f 869/1557/377 872/1558/377 870/1559/377
f 875/1560/386 878/1561/386 874/1562/386
f 871/1563/389 876/1564/389 872/1565/389
f 869/1557/382 875/1566/382 874/1567/382
f 872/1568/383 875/1569/383 870/1570/383
f 871/1571/384 874/1572/384 873/1573/384
f 878/1574/210 880/1575/210 877/1576/210
f 876/1577/182 879/1578/182 875/1569/182
f 873/1573/171 878/1579/171 877/1580/171
f 873/1581/390 880/1582/390 876/1564/390
f 883/1583/377 882/1584/377 881/1585/377
f 887/1586/386 890/1587/386 886/1588/386
f 883/1589/389 888/1590/389 884/1591/389
f 881/1585/387 887/1592/387 886/1593/387
f 884/1594/383 887/1595/383 882/1596/383
f 883/1597/384 886/1598/384 885/1599/384
f 890/1600/210 892/1601/210 889/1602/210
f 887/1595/182 892/1603/182 891/1604/182
f 885/1599/171 890/1605/171 889/1606/171
f 885/1607/391 892/1608/391 888/1590/391
f 893/1609/377 896/1610/377 894/1611/377
f 899/1612/386 902/1613/386 898/1614/386
f 895/1615/389 900/1616/389 896/1617/389
f 893/1609/387 899/1618/387 898/1619/387
f 896/1620/383 899/1621/383 894/1622/383
f 895/1623/384 898/1624/384 897/1625/384
f 903/1626/210 901/1627/210 902/1628/210
f 900/1629/182 903/1630/182 899/1621/182
f 897/1625/171 902/1631/171 901/1632/171
f 897/1633/391 904/1634/391 900/1616/391
f 907/1635/377 906/1636/377 905/1637/377
f 911/1638/392 914/1639/392 910/1640/392
f 907/1641/389 912/1642/389 908/1643/389
f 906/1636/387 910/1644/387 905/1637/387
f 908/1645/383 911/1646/383 906/1647/383
f 907/1648/384 910/1649/384 909/1650/384
f 915/1651/210 913/1652/210 914/1653/210
f 911/1646/182 916/1654/182 915/1655/182
f 909/1650/171 914/1656/171 913/1657/171
f 909/1658/391 916/1659/391 912/1642/391
f 919/1660/377 918/1661/377 917/1662/377
f 923/1663/386 926/1664/386 922/1665/386
f 919/1666/389 924/1667/389 920/1668/389
f 918/1661/387 922/1669/387 917/1662/387
f 918/1670/388 924/1671/388 923/1672/388
f 919/1673/384 922/1674/384 921/1675/384
f 927/1676/210 925/1677/210 926/1678/210
f 923/1672/182 928/1679/182 927/1680/182
f 922/1674/171 925/1681/171 921/1675/171
f 921/1682/391 928/1683/391 924/1667/391
f 931/1684/377 930/1685/377 929/1686/377
f 936/1687/182 939/1688/182 935/1689/182
f 932/1690/389 933/1691/389 936/1692/389
f 930/1685/382 934/1693/382 929/1686/382
f 932/1694/388 935/1689/388 930/1695/388
f 929/1696/384 933/1697/384 931/1698/384
f 939/1699/210 937/1700/210 938/1701/210
f 934/1702/171 937/1703/171 933/1697/171
f 933/1691/393 940/1704/393 936/1692/393
f 935/1705/394 938/1706/394 934/1707/394
f 943/1708/377 942/1709/377 941/1710/377
f 948/1711/182 951/1712/182 947/1713/182
f 944/1714/381 945/1715/381 948/1716/381
f 942/1709/382 946/1717/382 941/1710/382
f 944/1718/388 947/1713/388 942/1719/388
f 941/1720/384 945/1721/384 943/1722/384
f 951/1723/210 949/1724/210 950/1725/210
f 946/1726/171 949/1727/171 945/1721/171
f 945/1715/395 952/1728/395 948/1716/395
f 947/1729/394 950/1730/394 946/1731/394
f 955/1732/377 954/1733/377 953/1734/377
f 959/1735/182 964/1736/182 963/1737/182
f 956/1738/381 957/1739/381 960/1740/381
f 953/1734/382 959/1741/382 958/1742/382
f 956/1743/388 959/1735/388 954/1744/388
f 953/1745/384 957/1746/384 955/1747/384
f 963/1748/210 961/1749/210 962/1750/210
f 957/1746/171 962/1751/171 961/1752/171
f 957/1739/395 964/1753/395 960/1740/395
f 959/1754/394 962/1755/394 958/1756/394
f 967/1757/377 966/1758/377 965/1759/377
f 971/1760/182 976/1761/182 975/1762/182
f 967/1763/389 972/1764/389 968/1765/389
f 965/1759/382 971/1766/382 970/1767/382
f 966/1768/388 972/1769/388 971/1760/388
f 967/1770/384 970/1771/384 969/1772/384
f 975/1773/210 973/1774/210 974/1775/210
f 970/1771/171 973/1776/171 969/1772/171
f 969/1777/393 976/1778/393 972/1764/393
f 971/1779/394 974/1780/394 970/1781/394
f 979/1782/377 978/1783/377 977/1784/377
f 983/1785/182 988/1786/182 987/1787/182
f 979/1788/389 984/1789/389 980/1790/389
f 978/1783/382 982/1791/382 977/1784/382
f 980/1792/388 983/1785/388 978/1793/388
f 977/1794/384 981/1795/384 979/1796/384
f 987/1797/210 985/1798/210 986/1799/210
f 982/1800/171 985/1801/171 981/1795/171
f 981/1802/385 988/1803/385 984/1789/385
f 982/1804/386 987/1805/386 986/1806/386
f 991/1807/377 990/1808/377 989/1809/377
f 995/1810/192 1000/1811/192 999/1812/192
f 991/1813/389 996/1814/389 992/1815/389
f 990/1808/382 994/1816/382 989/1809/382
f 992/1817/388 995/1810/388 990/1818/388
f 991/1819/384 994/1820/384 993/1821/384
f 999/1822/210 997/1823/210 998/1824/210
f 994/1820/171 997/1825/171 993/1821/171
f 993/1826/385 1000/1827/385 996/1814/385
f 995/1828/392 998/1829/392 994/1830/392
f 1003/1831/377 1002/1832/377 1001/1833/377
f 1007/1834/182 1012/1835/182 1011/1836/182
f 1004/1837/389 1005/1838/389 1008/1839/389
f 1002/1832/382 1006/1840/382 1001/1833/382
f 1002/1841/388 1008/1842/388 1007/1834/388
f 1003/1843/384 1006/1844/384 1005/1845/384
f 1011/1846/210 1009/1847/210 1010/1848/210
f 1006/1844/171 1009/1849/171 1005/1845/171
f 1005/1838/395 1012/1850/395 1008/1839/395
f 1007/1851/394 1010/1852/394 1006/1853/394
f 1015/1854/377 1014/1855/377 1013/1856/377
f 1017/1857/393 1024/1858/393 1020/1859/393
f 1015/293/381 1020/1859/381 1016/292/381
f 1014/1855/382 1018/1860/382 1013/1856/382
f 1016/1861/388 1019/1862/388 1014/1863/388
f 1015/1864/384 1018/1865/384 1017/1866/384
f 1023/1867/210 1021/1868/210 1022/1869/210
f 1019/1870/394 1022/1871/394 1018/1872/394
f 1020/1873/182 1023/1874/182 1019/1862/182
f 1018/1865/171 1021/1875/171 1017/1866/171
f 1025/1876/377 1028/1877/377 1026/1878/377
f 1029/1879/391 1036/1880/391 1032/1881/391
f 1028/1882/389 1029/1879/389 1032/1881/389
f 1026/1878/382 1030/1883/382 1025/1876/382
f 1028/1884/388 1031/1885/388 1026/1886/388
f 1027/1887/384 1030/1888/384 1029/1889/384
f 1035/1890/210 1033/1891/210 1034/1892/210
f 1031/1893/394 1034/1894/394 1030/1895/394
f 1031/1885/182 1036/1896/182 1035/1897/182
f 1029/1889/171 1034/1898/171 1033/1899/171
f 1037/1900/377 1040/1901/377 1038/1902/377
f 1041/1903/391 1048/1904/391 1044/1905/391
f 1039/1906/389 1044/1905/389 1040/1907/389
f 1037/1900/382 1043/1908/382 1042/1909/382
f 1040/1910/388 1043/1911/388 1038/1912/388
f 1039/1913/384 1042/1914/384 1041/1915/384
f 1046/1916/210 1048/1628/210 1045/1917/210
f 1043/1918/394 1046/1919/394 1042/1920/394
f 1043/1911/182 1048/1921/182 1047/1922/182
f 1041/1915/171 1046/1923/171 1045/1924/171
f 1051/1925/377 1050/1926/377 1049/1927/377
f 1053/1928/393 1060/1929/393 1056/1930/393
f 1052/1931/381 1053/1928/381 1056/1930/381
f 1049/1927/382 1055/1932/382 1054/1933/382
f 1050/1934/388 1056/1935/388 1055/1936/388
f 1051/1937/384 1054/1938/384 1053/1939/384
f 1059/1940/210 1057/1941/210 1058/1942/210
f 1055/1943/394 1058/1944/394 1054/1945/394
f 1056/1935/182 1059/1946/182 1055/1936/182
f 1053/1939/171 1058/1947/171 1057/1948/171
f 1063/1949/377 1062/1950/377 1061/1951/377
f 1065/1952/396 1072/1953/396 1068/1954/396
f 1063/1955/381 1068/1954/381 1064/1956/381
f 1061/1951/382 1067/1957/382 1066/1958/382
f 1062/1959/388 1068/1960/388 1067/1961/388
f 1061/1962/384 1065/1963/384 1063/1964/384
f 1071/1965/210 1069/1966/210 1070/1967/210
f 1067/1968/394 1070/1969/394 1066/1970/394
f 1068/1960/182 1071/1971/182 1067/1961/182
f 1065/1963/171 1070/1972/171 1069/1973/171
f 1073/1974/377 1076/1975/377 1074/1976/377
f 1077/1977/391 1084/1978/391 1080/1979/391
f 1075/1980/389 1080/1979/389 1076/1981/389
f 1074/1976/382 1078/1982/382 1073/1974/382
f 1076/1983/388 1079/1984/388 1074/1985/388
f 1075/1986/384 1078/1987/384 1077/1988/384
f 1083/1989/210 1081/1990/210 1082/1991/210
f 1079/1992/394 1082/1993/394 1078/1994/394
f 1079/1984/182 1084/1995/182 1083/1996/182
f 1077/1988/171 1082/1997/171 1081/1998/171
f 1087/1999/377 1086/2000/377 1085/2001/377
f 1089/2002/391 1096/2003/391 1092/2004/391
f 1087/2005/389 1092/2004/389 1088/2006/389
f 1086/2000/382 1090/2007/382 1085/2001/382
f 1088/2008/388 1091/2009/388 1086/2010/388
f 1085/2011/384 1089/2012/384 1087/2013/384
f 1095/2014/210 1093/2015/210 1094/2016/210
f 1091/2017/394 1094/2018/394 1090/2019/394
f 1091/2009/188 1096/2020/188 1095/2021/188
f 1089/2012/171 1094/2022/171 1093/2023/171
f 1099/2024/377 1098/2025/377 1097/2026/377
f 1103/2027/182 1108/2028/182 1107/2029/182
f 1099/2030/389 1104/2031/389 1100/2032/389
f 1097/2026/382 1103/2033/382 1102/2034/382
f 1100/2035/388 1103/2027/388 1098/2036/388
f 1097/2037/384 1101/2038/384 1099/2039/384
f 1107/2040/210 1105/2041/210 1106/2042/210
f 1102/2043/171 1105/2044/171 1101/2038/171
f 1101/2045/393 1108/2046/393 1104/2031/393
f 1103/2047/386 1106/2048/386 1102/2049/386
f 1111/2050/377 1110/2051/377 1109/2052/377
f 1115/2053/182 1120/2054/182 1119/2055/182
f 1112/2056/381 1113/2057/381 1116/2058/381
f 1110/2051/382 1114/2059/382 1109/2052/382
f 1110/2060/388 1116/2061/388 1115/2053/388
f 1109/2062/384 1113/2063/384 1111/2064/384
f 1119/2065/210 1117/2066/210 1118/2067/210
f 1114/2068/171 1117/2069/171 1113/2063/171
f 1113/2057/393 1120/609/393 1116/2058/393
f 1115/2070/386 1118/2071/386 1114/2072/386
f 1121/2073/377 1124/2074/377 1122/2075/377
f 1127/2076/182 1132/2077/182 1131/2078/182
f 1123/2079/381 1128/2080/381 1124/2081/381
f 1121/2073/382 1127/2082/382 1126/2083/382
f 1122/2084/388 1128/2085/388 1127/2076/388
f 1121/2086/384 1125/2087/384 1123/2088/384
f 1131/2089/210 1129/2090/210 1130/2091/210
f 1126/2092/171 1129/2093/171 1125/2087/171
f 1125/1692/393 1132/2094/393 1128/2080/393
f 1127/2095/394 1130/2096/394 1126/2097/394
f 1135/2098/377 1134/2099/377 1133/2100/377
f 1139/2101/182 1144/2102/182 1143/2103/182
f 1135/2104/381 1140/2105/381 1136/2106/381
f 1133/2100/382 1139/2107/382 1138/2108/382
f 1136/2109/388 1139/2101/388 1134/2110/388
f 1135/2111/384 1138/2112/384 1137/2113/384
f 1143/2114/210 1141/2115/210 1142/2116/210
f 1138/2112/171 1141/2117/171 1137/2113/171
f 1137/2118/393 1144/2119/393 1140/2105/393
f 1139/2120/394 1142/2121/394 1138/2122/394
f 1147/2123/377 1146/2124/377 1145/2125/377
f 1151/2126/182 1156/2127/182 1155/2128/182
f 1147/2129/381 1152/2130/381 1148/2131/381
f 1145/2125/382 1151/2132/382 1150/2133/382
f 1146/2134/388 1152/2135/388 1151/2126/388
f 1145/2136/384 1149/2137/384 1147/2138/384
f 1155/2139/210 1153/2140/210 1154/2141/210
f 1149/2137/171 1154/2142/171 1153/2143/171
f 1149/1716/393 1156/2144/393 1152/2130/393
f 1151/2145/386 1154/2146/386 1150/2147/386
f 1157/2148/377 1160/2149/377 1158/2150/377
f 1161/2151/391 1168/2152/391 1164/2153/391
f 1159/2154/389 1164/2153/389 1160/2155/389
f 1158/2150/382 1162/2156/382 1157/2148/382
f 1160/2157/388 1163/2158/388 1158/2159/388
f 1157/2160/384 1161/2161/384 1159/2162/384
f 1167/2163/210 1165/2164/210 1166/2165/210
f 1163/2166/386 1166/2167/386 1162/2168/386
f 1163/2158/182 1168/2169/182 1167/2170/182
f 1161/2161/171 1166/2171/171 1165/2172/171
f 1169/2173/377 1172/2174/377 1170/2175/377
f 1173/2176/393 1180/2177/393 1176/2178/393
f 1171/2179/389 1176/2178/389 1172/2180/389
f 1170/2175/382 1174/2181/382 1169/2173/382
f 1170/2182/388 1176/2183/388 1175/2184/388
f 1171/2185/384 1174/2186/384 1173/2187/384
f 1179/2188/210 1177/2189/210 1178/2190/210
f 1175/2191/386 1178/2192/386 1174/2193/386
f 1175/2184/182 1180/2194/182 1179/2195/182
f 1173/2187/171 1178/2196/171 1177/2197/171
f 1183/2198/377 1182/2199/377 1181/2200/377
f 1185/2201/391 1192/2202/391 1188/2203/391
f 1183/2204/389 1188/2203/389 1184/2205/389
f 1182/2199/382 1186/2206/382 1181/2200/382
f 1184/2207/388 1187/2208/388 1182/2209/388
f 1181/2210/384 1185/2211/384 1183/2212/384
f 1191/2213/210 1189/2214/210 1190/2215/210
f 1187/2216/386 1190/2217/386 1186/2218/386
f 1187/2208/182 1192/2219/182 1191/2220/182
f 1185/2211/171 1190/2221/171 1189/2222/171
f 1195/2223/377 1194/2224/377 1193/2225/377
f 1200/2226/182 1203/2227/182 1199/2228/182
f 1195/2229/397 1200/2230/397 1196/2231/397
f 1193/2225/387 1199/2232/387 1198/2233/387
f 1194/2234/388 1200/2226/388 1199/2228/388
f 1195/2235/384 1198/2236/384 1197/2237/384
f 1203/2238/210 1201/2239/210 1202/2240/210
f 1197/2237/193 1202/2241/193 1201/2242/193
f 1197/2243/385 1204/2244/385 1200/2230/385
f 1199/2245/392 1202/2246/392 1198/2247/392
f 1207/2248/377 1206/2249/377 1205/2250/377
f 1212/2251/182 1215/2252/182 1211/2253/182
f 1207/2254/397 1212/2255/397 1208/2256/397
f 1206/2249/382 1210/2257/382 1205/2250/382
f 1208/2258/388 1211/2253/388 1206/2259/388
f 1207/2260/384 1210/2261/384 1209/2262/384
f 1215/2263/210 1213/2264/210 1214/2265/210
f 1209/2262/171 1214/2266/171 1213/2267/171
f 1209/2268/385 1216/2269/385 1212/2255/385
f 1211/2270/392 1214/2271/392 1210/2272/392
f 1217/2273/377 1220/2274/377 1218/2275/377
f 1224/2276/182 1227/2277/182 1223/2278/182
f 1219/2279/389 1224/2280/389 1220/2281/389
f 1217/2273/387 1223/2282/387 1222/2283/387
f 1220/2284/388 1223/2278/388 1218/2285/388
f 1219/2286/384 1222/2287/384 1221/2288/384
f 1227/2289/210 1225/2290/210 1226/2291/210
f 1221/2288/171 1226/2292/171 1225/2293/171
f 1221/2294/385 1228/2295/385 1224/2280/385
f 1223/2296/392 1226/2297/392 1222/2298/392
f 1231/2299/377 1230/2300/377 1229/2301/377
f 1236/2302/182 1239/660/182 1235/2303/182
f 1231/2304/389 1236/2305/389 1232/2306/389
f 1229/2301/387 1235/2307/387 1234/2308/387
f 1230/2309/388 1236/2302/388 1235/2303/388
f 1231/2310/384 1234/2311/384 1233/2312/384
f 1239/2313/210 1237/2314/210 1238/2315/210
f 1233/2312/171 1238/2316/171 1237/2317/171
f 1233/2318/385 1240/2319/385 1236/2305/385
f 1235/2320/392 1238/2321/392 1234/2322/392
f 1243/2323/377 1242/2324/377 1241/2325/377
f 1248/2326/182 1251/2327/182 1247/2328/182
f 1243/2329/397 1248/2330/397 1244/2331/397
f 1241/2325/382 1247/2332/382 1246/2333/382
f 1244/2334/398 1247/2328/398 1242/2335/398
f 1243/2336/384 1246/2337/384 1245/2338/384
f 1251/2339/210 1249/2340/210 1250/2341/210
f 1245/2338/171 1250/2342/171 1249/2343/171
f 1245/2344/385 1252/2345/385 1248/2330/385
f 1247/2346/392 1250/2347/392 1246/2348/392
f 1255/2349/377 1254/2350/377 1253/2351/377
f 1257/2352/390 1264/2353/390 1260/2354/390
f 1255/2355/397 1260/2354/397 1256/2356/397
f 1254/2350/382 1258/2357/382 1253/2351/382
f 1256/2358/383 1259/2359/383 1254/2360/383
f 1255/2361/384 1258/2362/384 1257/2363/384
f 1263/2364/210 1261/2365/210 1262/2366/210
f 1259/2367/392 1262/2368/392 1258/2369/392
f 1260/2370/182 1263/2371/182 1259/2359/182
f 1257/2363/171 1262/2372/171 1261/2373/171
f 1267/2374/377 1266/2375/377 1265/2376/377
f 1269/2377/390 1276/2378/390 1272/2379/390
f 1267/2380/389 1272/2379/389 1268/2381/389
f 1265/2376/382 1271/2382/382 1270/2383/382
f 1268/2384/383 1271/2385/383 1266/2386/383
f 1267/2387/384 1270/2388/384 1269/2389/384
f 1274/2390/210 1276/2391/210 1273/2392/210
f 1271/2393/392 1274/2394/392 1270/2395/392
f 1272/2396/182 1275/2397/182 1271/2385/182
f 1269/2389/171 1274/2398/171 1273/2399/171
f 1279/2400/377 1278/2401/377 1277/2402/377
f 1281/2403/390 1288/2404/390 1284/2405/390
f 1279/2406/397 1284/2405/397 1280/2407/397
f 1277/2402/387 1283/2408/387 1282/2409/387
f 1280/2410/383 1283/2411/383 1278/2412/383
f 1279/2413/384 1282/2414/384 1281/2415/384
f 1287/2416/210 1285/2417/210 1286/2418/210
f 1283/2419/392 1286/2420/392 1282/2421/392
f 1284/2422/182 1287/2423/182 1283/2411/182
f 1281/2415/171 1286/2424/171 1285/2425/171
f 1291/2426/377 1289/2427/377 1295/2428/377
f 702/2429/399 1294/2430/399 714/1231/399
f 690/2431/400 1293/2432/400 702/2433/400
f 690/2434/401 1291/2435/401 1292/2436/401
f 738/2437/402 1289/2438/402 655/2439/402
f 678/2440/403 1290/2441/403 1291/2435/403
f 726/2442/404 1296/2443/404 738/2437/404
f 655/2439/405 1290/2444/405 666/2445/405
f 1383/1502/6 1407/1502/6 1478/1502/6
f 1419/2446/406 1443/2447/406 1467/2448/406
f 1359/1502/6 1465/1502/6 1454/1502/6
f 1335/1502/6 1441/1502/6 1430/1502/6
f 1334/2449/407 1935/2450/407 1936/2451/407
f 1311/1502/6 1417/1502/6 1394/1502/6
f 1371/1502/6 1477/1502/6 1466/1502/6
f 1347/1502/6 1453/1502/6 1442/1502/6
f 1323/1502/6 1429/1502/6 1418/1502/6
f 1300/2452/408 1301/2453/408 1297/2454/408
f 1304/2455/409 1302/2456/409 1300/2457/409
f 1303/2458/410 1304/2459/410 1298/2460/410
f 1307/2461/411 1305/2462/411 1303/2458/411
f 1299/2463/412 1308/2464/412 1307/2461/412
f 1306/2465/413 1302/2466/413 1308/2464/413
f 1302/2466/414 1305/2462/414 1308/2464/414
f 1312/2467/415 1313/2468/415 1309/2469/415
f 1316/2470/416 1314/2471/416 1312/2472/416
f 1310/2473/417 1317/2474/417 1316/2470/417
f 1315/2475/418 1320/2476/418 1317/2474/418
f 1318/2477/419 1319/2478/419 1311/2479/419
f 1318/2477/420 1314/2480/420 1320/2481/420
f 1314/2471/421 1317/2474/421 1320/2476/421
f 1324/2482/422 1325/2483/422 1321/2484/422
f 1328/2485/423 1326/2486/423 1324/2487/423
f 1322/2488/424 1329/2489/424 1328/2485/424
f 1327/2490/425 1332/2491/425 1329/2489/425
f 1330/2492/426 1331/2493/426 1323/2494/426
f 1325/2483/427 1332/2495/427 1330/2492/427
f 1326/2486/428 1329/2489/428 1332/2491/428
f 1336/2496/429 1337/2497/429 1333/2498/429
f 1340/2499/430 1338/2500/430 1336/2501/430
f 1334/2502/431 1341/2503/431 1340/2499/431
f 1339/2504/432 1344/2505/432 1341/2503/432
f 1342/2506/433 1343/2507/433 1335/2508/433
f 1337/2497/434 1344/2509/434 1342/2506/434
f 1338/2510/435 1341/2511/435 1344/2509/435
f 1348/2512/436 1349/2513/436 1345/2514/436
f 1352/2515/437 1350/2516/437 1348/2517/437
f 1346/2518/438 1353/2519/438 1352/2515/438
f 1351/2520/439 1356/2521/439 1353/2519/439
f 1354/2522/440 1355/2523/440 1347/2524/440
f 1349/2513/441 1356/2525/441 1354/2522/441
f 1350/2526/442 1353/2527/442 1356/2525/442
f 1360/2528/443 1361/2529/443 1357/2530/443
f 1364/2531/444 1362/2532/444 1360/2533/444
f 1358/2534/445 1365/2535/445 1364/2531/445
f 1363/2536/446 1368/2537/446 1365/2535/446
f 1366/2538/447 1367/2539/447 1359/2540/447
f 1361/2529/448 1368/2541/448 1366/2538/448
f 1362/2532/449 1365/2535/449 1368/2537/449
f 1372/2542/450 1373/2543/450 1369/2544/450
f 1376/2545/451 1374/2546/451 1372/2547/451
f 1370/2548/452 1377/2549/452 1376/2545/452
f 1375/2550/453 1380/2551/453 1377/2549/453
f 1378/2552/454 1379/2553/454 1371/2554/454
f 1378/2552/455 1374/2555/455 1380/2556/455
f 1374/2546/456 1377/2549/456 1380/2551/456
f 1384/2557/457 1385/2558/457 1381/2559/457
f 1388/2560/458 1386/2561/458 1384/2557/458
f 1382/2562/459 1389/2563/459 1388/2560/459
f 1387/2564/460 1392/2565/460 1389/2563/460
f 1390/2566/461 1391/2567/461 1383/2568/461
f 1390/2569/462 1386/2570/462 1392/2571/462
f 1386/2561/463 1389/2563/463 1392/2565/463
f 1396/2572/464 1397/2573/464 1393/2469/464
f 1400/2477/465 1398/2574/465 1396/2572/465
f 1399/2575/466 1400/2477/466 1394/2479/466
f 1403/2576/467 1401/2577/467 1399/2578/467
f 1395/2579/468 1404/2580/468 1403/2576/468
f 1402/2581/469 1398/2582/469 1404/2580/469
f 1398/2582/470 1401/2577/470 1404/2580/470
f 1408/2583/471 1409/2584/471 1405/2585/471
f 1412/2586/472 1410/2587/472 1408/2588/472
f 1406/2589/473 1413/2590/473 1412/2586/473
f 1411/2591/474 1416/2592/474 1413/2590/474
f 1414/2593/475 1415/2594/475 1407/2595/475
f 1414/2593/476 1410/2596/476 1416/2597/476
f 1410/2587/477 1413/2590/477 1416/2592/477
f 1420/2598/478 1421/2599/478 1417/2600/478
f 1420/2598/479 1425/2601/479 1422/2602/479
f 1423/2603/480 1424/2604/480 1418/2605/480
f 1427/2606/481 1425/2601/481 1423/2603/481
f 1419/2446/482 1428/2607/482 1427/2606/482
f 1426/2608/483 1422/2602/483 1428/2607/483
f 1422/2602/484 1425/2601/484 1428/2607/484
f 1432/2609/485 1433/2610/485 1429/2611/485
f 1436/2612/486 1434/2613/486 1432/2614/486
f 1435/2615/487 1436/2616/487 1430/2617/487
f 1439/2618/488 1437/2619/488 1435/2615/488
f 1431/2620/489 1440/2621/489 1439/2618/489
f 1438/2622/490 1434/2623/490 1440/2621/490
f 1434/2623/491 1437/2619/491 1440/2621/491
f 1444/2624/492 1445/2625/492 1441/2626/492
f 1448/30/493 1446/2627/493 1444/2628/493
f 1447/2629/494 1448/2630/494 1442/2631/494
f 1451/2632/495 1449/2633/495 1447/2629/495
f 1443/2447/496 1452/2634/496 1451/2632/496
f 1450/2635/497 1446/2636/497 1452/2634/497
f 1446/2636/498 1449/2633/498 1452/2634/498
f 1456/2637/499 1457/2638/499 1453/2639/499
f 1460/2640/500 1458/2641/500 1456/2637/500
f 1459/2642/501 1460/2640/501 1454/2643/501
f 1463/2644/502 1461/2645/502 1459/2646/502
f 1455/2647/503 1464/2648/503 1463/2644/503
f 1462/2649/504 1458/2650/504 1464/2648/504
f 1458/2650/505 1461/2645/505 1464/2648/505
f 1468/2651/506 1469/2652/506 1465/2653/506
f 1468/2651/507 1473/2654/507 1470/2655/507
f 1471/2656/508 1472/2657/508 1466/2658/508
f 1475/2659/509 1473/2660/509 1471/2661/509
f 1467/2448/510 1476/2662/510 1475/2659/510
f 1474/2663/511 1470/2664/511 1476/2662/511
f 1470/2664/512 1473/2660/512 1476/2662/512
f 1480/2665/513 1481/2666/513 1477/2667/513
f 1484/2668/514 1482/2669/514 1480/2665/514
f 1483/2670/515 1484/2668/515 1478/2671/515
f 1487/2672/516 1485/2673/516 1483/2674/516
f 1479/2675/517 1488/2676/517 1487/2672/517
f 1486/2677/518 1482/2678/518 1488/2676/518
f 1482/2678/519 1485/2673/519 1488/2676/519
f 1309/2679/520 1301/2453/520 1312/2472/520
f 1301/2453/521 1316/2470/521 1312/2472/521
f 1306/2465/522 1310/2473/522 1316/2470/522
f 1321/2484/523 1319/2478/523 1324/2482/523
f 1319/2680/524 1328/2485/524 1324/2487/524
f 1328/2485/525 1310/2473/525 1322/2488/525
f 1323/2681/526 1336/2496/526 1333/2498/526
f 1336/2501/527 1327/2490/527 1340/2499/527
f 1327/2490/528 1334/2502/528 1340/2499/528
f 1345/2514/529 1343/2507/529 1348/2512/529
f 1343/2682/530 1352/2515/530 1348/2517/530
f 1352/2515/531 1334/2502/531 1346/2518/531
f 1347/2524/532 1360/2683/532 1357/2684/532
f 1355/2685/533 1364/2531/533 1360/2533/533
f 1364/2531/534 1346/2518/534 1358/2534/534
f 1369/2544/535 1367/2539/535 1372/2542/535
f 1367/2686/536 1376/2545/536 1372/2547/536
f 1363/2536/537 1370/2548/537 1376/2545/537
f 1381/2559/538 1379/2687/538 1384/2557/538
f 1379/2687/539 1388/2560/539 1384/2557/539
f 1375/2550/540 1382/2562/540 1388/2560/540
f 1383/2568/541 1303/2458/541 1298/2460/541
f 1303/2458/542 1387/2564/542 1307/2461/542
f 1387/2564/543 1299/2463/543 1307/2461/543
f 1395/2579/544 1412/2586/544 1402/2581/544
f 1402/2581/545 1408/2588/545 1397/2688/545
f 1408/2583/546 1393/2689/546 1397/2690/546
f 1395/2579/547 1426/2608/547 1419/2446/547
f 1403/2576/548 1421/2599/548 1426/2608/548
f 1421/2691/549 1394/2479/549 1417/2484/549
f 1431/2620/550 1427/2606/550 1438/2622/550
f 1438/2622/551 1423/2603/551 1433/2610/551
f 1423/2603/552 1429/2611/552 1433/2610/552
f 1431/2620/553 1450/2635/553 1443/2447/553
f 1450/2635/554 1435/2615/554 1445/2625/554
f 1445/2625/555 1430/2617/555 1441/2626/555
f 1443/2447/556 1462/2649/556 1455/2647/556
f 1462/2649/557 1447/2629/557 1457/2692/557
f 1447/2629/558 1453/2693/558 1457/2692/558
f 1455/2647/559 1474/2663/559 1467/2448/559
f 1463/2644/560 1469/2694/560 1474/2663/560
f 1469/2652/561 1454/2643/561 1465/2653/561
f 1479/2675/562 1475/2659/562 1486/2677/562
f 1486/2677/563 1471/2661/563 1481/2695/563
f 1471/2696/564 1477/2667/564 1481/2666/564
f 1479/2675/565 1411/2591/565 1406/2589/565
f 1487/2672/566 1415/2697/566 1411/2591/566
f 1415/2594/567 1478/2671/567 1407/2595/567
f 1383/1502/6 1484/1502/6 1390/1502/6
f 1390/2698/5 1480/2699/5 1385/2699/5
f 1385/2699/6 1477/2700/6 1381/2700/6
f 1465/2701/568 1373/2702/568 1468/2702/568
f 1468/2702/6 1378/2703/6 1472/2703/6
f 1472/1502/6 1371/1502/6 1466/1502/6
f 1359/1502/6 1460/1502/6 1366/1502/6
f 1366/1502/171 1456/1502/171 1361/1502/171
f 1361/2704/6 1453/2705/6 1357/2705/6
f 1441/2706/569 1349/2707/569 1444/2707/569
f 1444/2707/6 1354/2708/6 1448/2708/6
f 1448/1502/6 1347/1502/6 1442/1502/6
f 1335/1502/6 1436/1502/6 1342/1502/6
f 1342/2616/570 1432/2609/570 1337/2609/570
f 1337/2609/6 1429/2611/6 1333/2611/6
f 1417/2709/571 1325/2710/571 1420/2711/571
f 1325/2710/571 1424/2712/571 1420/2711/571
f 1424/2712/6 1323/2713/6 1418/2713/6
f 1311/1502/6 1400/1502/6 1318/1502/6
f 1318/2477/572 1396/2572/572 1313/2468/572
f 1313/2468/6 1393/2469/6 1309/2469/6
f 1407/2460/571 1304/2459/571 1414/2714/571
f 1304/2459/573 1409/2715/573 1414/2714/573
f 1409/2715/6 1297/2454/6 1405/2454/6
f 1297/1502/6 1393/1502/6 1405/1502/6
f 1491/2716/571 1490/2717/571 1489/2718/571
f 1495/2719/574 1498/2720/574 1494/2721/574
f 1492/2722/575 1493/2723/575 1496/2724/575
f 1490/2725/576 1494/2721/576 1489/2726/576
f 1490/2727/577 1496/2728/577 1495/2729/577
f 1489/2730/578 1493/2731/578 1491/2732/578
f 1499/2733/406 1497/2734/406 1498/2735/406
f 1495/2729/579 1500/2736/579 1499/2737/579
f 1493/2731/580 1498/2738/580 1497/2739/580
f 1493/2740/581 1500/2741/581 1496/2742/581
f 1501/2743/571 1504/2744/571 1502/2745/571
f 1507/2746/574 1510/2747/574 1506/2748/574
f 1504/2744/575 1505/2749/575 1508/2750/575
f 1502/2751/576 1506/2748/576 1501/2752/576
f 1504/2753/577 1507/2754/577 1502/2755/577
f 1501/2756/578 1505/2757/578 1503/2758/578
f 1511/2759/406 1509/2760/406 1510/2761/406
f 1508/2762/579 1511/2763/579 1507/2754/579
f 1506/2764/582 1509/2765/582 1505/2757/582
f 1505/2766/581 1512/2767/581 1508/2768/581
f 1513/2769/571 1516/2770/571 1514/2771/571
f 1519/2772/574 1522/2773/574 1518/2774/574
f 1515/2775/583 1520/2776/583 1516/2770/583
f 1513/2777/576 1519/2772/576 1518/2774/576
f 1516/2778/577 1519/2779/577 1514/2780/577
f 1513/2781/578 1517/2782/578 1515/2783/578
f 1522/2784/406 1524/2785/406 1521/2786/406
f 1519/2779/579 1524/2787/579 1523/2788/579
f 1518/2789/584 1521/2790/584 1517/2782/584
f 1520/2791/585 1521/2792/585 1524/2793/585
f 1525/2794/571 1528/2795/571 1526/2796/571
f 1531/2797/574 1534/2798/574 1530/2799/574
f 1527/2800/583 1532/2801/583 1528/2795/583
f 1525/2802/586 1531/2797/586 1530/2799/586
f 1526/2803/577 1532/2804/577 1531/2805/577
f 1527/2806/578 1530/2807/578 1529/2808/578
f 1535/2809/406 1533/2810/406 1534/2811/406
f 1531/2805/579 1536/2812/579 1535/2813/579
f 1529/2808/584 1534/2814/584 1533/2815/584
f 1529/2816/581 1536/2817/581 1532/2818/581
f 1537/2819/571 1540/2820/571 1538/2821/571
f 1543/2822/574 1546/2823/574 1542/2824/574
f 1539/2825/583 1544/2826/583 1540/2820/583
f 1537/2827/576 1543/2822/576 1542/2824/576
f 1540/2828/577 1543/2829/577 1538/2830/577
f 1537/2831/578 1541/2832/578 1539/2833/578
f 1547/2834/406 1545/2835/406 1546/2836/406
f 1543/2829/579 1548/2837/579 1547/2838/579
f 1541/2832/587 1546/2839/587 1545/2840/587
f 1541/2841/581 1548/2842/581 1544/2843/581
f 1551/2844/571 1550/2845/571 1549/2846/571
f 1555/2847/574 1558/2848/574 1554/2849/574
f 1551/2844/583 1556/2850/583 1552/2851/583
f 1550/2852/576 1554/2849/576 1549/2853/576
f 1550/2854/577 1556/2855/577 1555/2856/577
f 1549/2857/578 1553/2858/578 1551/2859/578
f 1559/2860/406 1557/2861/406 1558/2862/406
f 1556/2855/588 1559/2863/588 1555/2856/588
f 1553/2858/587 1558/2864/587 1557/2865/587
f 1553/2866/581 1560/2867/581 1556/2868/581
f 1563/2869/571 1562/2870/571 1561/2871/571
f 1567/2872/589 1570/2873/589 1566/2874/589
f 1563/2869/583 1568/2875/583 1564/2876/583
f 1562/2877/576 1566/2874/576 1561/2878/576
f 1562/2879/577 1568/2880/577 1567/2881/577
f 1563/2882/578 1566/2883/578 1565/2884/578
f 1571/2885/406 1569/2886/406 1570/2887/406
f 1568/2880/579 1571/2888/579 1567/2881/579
f 1566/2883/582 1569/2889/582 1565/2884/582
f 1565/2890/581 1572/2891/581 1568/2892/581
f 1573/2893/571 1576/2894/571 1574/2895/571
f 1579/2896/579 1584/2897/579 1583/2898/579
f 1576/2894/575 1577/2899/575 1580/2900/575
f 1574/2901/576 1578/2902/576 1573/2903/576
f 1574/2904/577 1580/2905/577 1579/2896/577
f 1573/2906/578 1577/2907/578 1575/2908/578
f 1582/2909/406 1584/2910/406 1581/2911/406
f 1577/2907/584 1582/2912/584 1581/2913/584
f 1577/2914/585 1584/2915/585 1580/2916/585
f 1579/2917/589 1582/2918/589 1578/2902/589
f 1585/2919/571 1588/2920/571 1586/2921/571
f 1591/2922/579 1596/2923/579 1595/2924/579
f 1588/2920/575 1589/2925/575 1592/2926/575
f 1586/2927/576 1590/2928/576 1585/2929/576
f 1588/2930/577 1591/2922/577 1586/2931/577
f 1585/2932/578 1589/2933/578 1587/2934/578
f 1595/2935/406 1593/2936/406 1594/2937/406
f 1589/2933/590 1594/2938/590 1593/2939/590
f 1589/2940/585 1596/2941/585 1592/2942/585
f 1591/2943/589 1594/2944/589 1590/2928/589
f 1597/2945/571 1600/2946/571 1598/2947/571
f 1604/2948/579 1607/2949/579 1603/2950/579
f 1599/2951/575 1604/2952/575 1600/2946/575
f 1597/2953/586 1603/2954/586 1602/2955/586
f 1600/2956/577 1603/2950/577 1598/2957/577
f 1599/2958/578 1602/2959/578 1601/2960/578
f 1607/2961/406 1605/2962/406 1606/2963/406
f 1602/2959/584 1605/2964/584 1601/2960/584
f 1601/2965/585 1608/2966/585 1604/2967/585
f 1603/2954/574 1606/2968/574 1602/2955/574
f 1611/2969/571 1610/2970/571 1609/2971/571
f 1616/2972/579 1619/2973/579 1615/2974/579
f 1611/2969/575 1616/2975/575 1612/2976/575
f 1610/2977/591 1614/2978/591 1609/2979/591
f 1610/2980/577 1616/2972/577 1615/2974/577
f 1609/2981/578 1613/2982/578 1611/2983/578
f 1619/2984/406 1617/2985/406 1618/2986/406
f 1613/2982/584 1618/2987/584 1617/2988/584
f 1613/2989/585 1620/2990/585 1616/2991/585
f 1615/2992/592 1618/2993/592 1614/2978/592
f 1621/2994/571 1624/2995/571 1622/2996/571
f 1628/2997/593 1631/2998/593 1627/2999/593
f 1623/3000/575 1628/3001/575 1624/2995/575
f 1621/801/576 1627/3002/576 1626/3003/576
f 1622/3004/577 1628/2997/577 1627/2999/577
f 1621/3005/578 1625/3006/578 1623/3007/578
f 1631/3008/406 1629/3009/406 1630/3010/406
f 1625/3006/584 1630/3011/584 1629/3012/584
f 1625/3013/585 1632/3014/585 1628/3015/585
f 1627/3002/574 1630/3016/574 1626/3003/574
f 1635/3017/571 1634/3018/571 1633/3019/571
f 1640/3020/593 1643/3021/593 1639/3022/593
f 1635/3017/575 1640/3023/575 1636/3024/575
f 1634/3025/591 1638/3026/591 1633/3027/591
f 1636/3028/577 1639/3022/577 1634/3029/577
f 1635/3030/578 1638/3031/578 1637/3032/578
f 1643/3033/406 1641/3034/406 1642/3035/406
f 1637/3032/587 1642/3036/587 1641/3037/587
f 1637/3038/581 1644/3039/581 1640/3040/581
f 1639/3041/589 1642/3042/589 1638/3026/589
f 1645/3043/571 1648/3044/571 1646/3045/571
f 1652/3046/579 1655/3047/579 1651/3048/579
f 1647/3049/575 1652/3050/575 1648/3044/575
f 1646/3051/591 1650/3052/591 1645/3053/591
f 1648/3054/577 1651/3048/577 1646/3055/577
f 1647/3056/578 1650/3057/578 1649/3058/578
f 1655/3059/406 1653/3060/406 1654/3061/406
f 1649/3058/584 1654/3062/584 1653/3063/584
f 1649/3064/581 1656/3065/581 1652/3066/581
f 1651/3067/574 1654/3068/574 1650/3052/574
f 1659/3069/571 1658/3070/571 1657/3071/571
f 1661/3072/585 1668/3073/585 1664/3074/585
f 1660/3075/583 1661/3076/583 1664/3077/583
f 1658/3078/576 1662/3079/576 1657/3080/576
f 1660/3081/577 1663/3082/577 1658/3083/577
f 1657/3084/578 1661/3085/578 1659/3086/578
f 1667/3087/406 1665/3088/406 1666/3089/406
f 1663/3090/592 1666/3091/592 1662/3079/592
f 1663/3082/579 1668/3092/579 1667/3093/579
f 1662/3094/594 1665/3095/594 1661/3085/594
f 1669/3096/571 1672/3097/571 1670/3098/571
f 1673/3099/585 1680/3100/585 1676/3101/585
f 1672/3097/583 1673/3102/583 1676/3103/583
f 1670/3104/576 1674/3105/576 1669/3106/576
f 1670/3107/577 1676/3108/577 1675/3109/577
f 1669/3110/595 1673/3111/595 1671/3112/595
f 1679/3113/406 1677/3114/406 1678/3115/406
f 1675/3116/592 1678/3117/592 1674/3105/592
f 1675/3109/579 1680/3118/579 1679/3119/579
f 1674/3120/582 1677/3121/582 1673/3111/582
f 1681/3122/571 1684/3123/571 1682/3124/571
f 1685/3125/585 1692/3126/585 1688/3127/585
f 1683/3128/583 1688/3129/583 1684/3123/583
f 1682/3130/576 1686/3131/576 1681/3132/576
f 1682/3133/577 1688/3134/577 1687/3135/577
f 1683/3136/578 1686/3137/578 1685/3138/578
f 1691/3139/406 1689/3140/406 1690/3141/406
f 1687/3142/592 1690/3143/592 1686/3131/592
f 1687/3135/593 1692/3144/593 1691/3145/593
f 1685/3138/584 1690/3146/584 1689/3147/584
f 1695/3148/571 1694/3149/571 1693/3150/571
f 1697/3151/581 1704/3152/581 1700/3153/581
f 1695/3148/583 1700/3154/583 1696/3155/583
f 1693/3156/576 1699/3157/576 1698/3158/576
f 1696/3159/577 1699/3160/577 1694/3161/577
f 1693/3162/578 1697/3163/578 1695/3164/578
f 1702/3165/406 1704/3166/406 1701/3167/406
f 1699/3157/592 1702/3168/592 1698/3158/592
f 1699/3160/579 1704/3169/579 1703/3170/579
f 1698/3171/584 1701/3172/584 1697/3163/584
f 1705/3173/571 1708/3174/571 1706/3175/571
f 1709/3176/581 1716/3177/581 1712/3178/581
f 1707/3179/583 1712/3180/583 1708/3174/583
f 1706/3181/576 1710/3182/576 1705/3183/576
f 1706/3184/577 1712/3185/577 1711/3186/577
f 1705/3187/578 1709/3188/578 1707/3189/578
f 1715/3190/406 1713/3191/406 1714/3192/406
f 1711/3193/589 1714/3194/589 1710/3182/589
f 1712/3185/579 1715/3195/579 1711/3186/579
f 1710/3196/584 1713/3197/584 1709/3188/584
f 1719/3198/571 1718/3199/571 1717/3200/571
f 1721/3201/585 1728/3202/585 1724/3203/585
f 1720/3204/583 1721/3205/583 1724/3206/583
f 1718/3207/576 1722/3208/576 1717/3209/576
f 1720/3210/577 1723/3211/577 1718/3212/577
f 1717/3213/578 1721/3214/578 1719/3215/578
f 1726/3216/406 1728/3217/406 1725/3218/406
f 1723/3219/574 1726/3220/574 1722/3208/574
f 1723/3211/579 1728/3221/579 1727/3222/579
f 1722/3223/584 1725/3224/584 1721/3214/584
f 1731/3225/571 1730/3226/571 1729/3227/571
f 1733/3228/585 1740/3229/585 1736/3230/585
f 1732/3231/583 1733/3232/583 1736/3233/583
f 1730/3234/576 1734/3235/576 1729/3236/576
f 1730/3237/577 1736/3238/577 1735/3239/577
f 1729/3240/578 1733/3241/578 1731/3242/578
f 1739/3243/406 1737/3244/406 1738/3245/406
f 1735/3246/574 1738/3247/574 1734/3235/574
f 1735/3239/579 1740/3248/579 1739/3249/579
f 1734/3250/582 1737/3251/582 1733/3241/582
f 1743/3252/571 1742/3253/571 1741/3254/571
f 1747/3255/579 1752/3256/579 1751/3257/579
f 1743/3252/583 1748/3258/583 1744/3259/583
f 1741/3260/591 1747/3261/591 1746/3262/591
f 1742/3263/577 1748/3264/577 1747/3255/577
f 1741/3265/578 1745/3266/578 1743/3267/578
f 1751/3268/406 1749/3269/406 1750/3270/406
f 1746/3271/584 1749/3272/584 1745/3266/584
f 1745/3273/581 1752/3274/581 1748/3275/581
f 1747/3261/574 1750/3276/574 1746/3262/574
f 1755/3277/571 1754/3278/571 1753/3279/571
f 1759/3280/579 1764/3281/579 1763/3282/579
f 1756/3283/583 1757/3284/583 1760/3285/583
f 1754/3286/591 1758/3287/591 1753/3288/591
f 1754/3289/577 1760/3290/577 1759/3280/577
f 1753/3291/595 1757/3292/595 1755/3293/595
f 1763/3294/406 1761/3295/406 1762/3296/406
f 1758/3297/584 1761/3298/584 1757/3292/584
f 1757/3299/581 1764/3300/581 1760/3301/581
f 1759/3302/574 1762/3303/574 1758/3287/574
f 1765/3304/571 1768/3305/571 1766/3306/571
f 1771/3307/579 1776/3308/579 1775/3309/579
f 1767/3310/583 1772/3311/583 1768/3305/583
f 1765/3312/576 1771/3313/576 1770/3314/576
f 1766/3315/577 1772/3316/577 1771/3307/577
f 1765/3317/578 1769/3318/578 1767/3319/578
f 1774/3320/406 1776/3321/406 1773/3322/406
f 1770/3323/584 1773/3324/584 1769/3318/584
f 1769/3325/581 1776/3326/581 1772/3327/581
f 1771/3313/574 1774/3328/574 1770/3314/574
f 1777/3329/571 1780/3330/571 1778/3331/571
f 1784/3332/579 1787/3333/579 1783/3334/579
f 1779/3335/596 1784/2811/596 1780/3330/596
f 1777/3336/576 1783/3337/576 1782/3338/576
f 1780/3339/577 1783/3334/577 1778/3340/577
f 1779/3341/578 1782/3342/578 1781/3343/578
f 1786/3344/406 1788/3345/406 1785/3346/406
f 1782/3342/584 1785/3347/584 1781/3343/584
f 1781/3348/597 1788/3349/597 1784/3350/597
f 1783/3337/574 1786/3351/574 1782/3338/574
f 1791/3352/571 1790/3353/571 1789/3354/571
f 1796/3355/588 1799/3356/588 1795/3357/588
f 1791/3352/583 1796/3358/583 1792/3359/583
f 1789/3360/576 1795/3361/576 1794/3362/576
f 1792/3363/577 1795/3357/577 1790/3364/577
f 1789/3365/578 1793/3366/578 1791/3367/578
f 1799/3368/406 1797/3369/406 1798/3370/406
f 1794/3371/582 1797/3372/582 1793/3366/582
f 1793/3373/598 1800/3374/598 1796/3375/598
f 1795/3361/574 1798/3376/574 1794/3362/574
f 1803/3377/571 1802/3378/571 1801/3379/571
f 1805/3380/581 1812/3381/581 1808/3382/581
f 1803/3377/575 1808/3383/575 1804/3384/575
f 1801/3385/576 1807/3386/576 1806/3387/576
f 1802/3388/577 1808/3389/577 1807/3390/577
f 1801/3391/578 1805/3392/578 1803/3393/578
f 1811/3394/406 1809/3395/406 1810/3396/406
f 1807/3386/599 1810/3397/599 1806/3387/599
f 1807/3390/579 1812/3398/579 1811/3399/579
f 1806/3400/584 1809/3401/584 1805/3392/584
f 1813/3402/571 1816/3403/571 1814/3404/571
f 1817/3405/581 1824/3406/581 1820/3407/581
f 1815/3408/575 1820/3409/575 1816/3403/575
f 1813/3410/576 1819/3411/576 1818/3412/576
f 1814/3413/577 1820/3414/577 1819/3415/577
f 1815/3416/578 1818/3417/578 1817/3418/578
f 1823/3419/406 1821/3420/406 1822/3421/406
f 1819/3411/600 1822/3422/600 1818/3412/600
f 1819/3415/588 1824/3423/588 1823/3424/588
f 1818/3417/584 1821/3425/584 1817/3418/584
f 1825/3426/571 1828/3427/571 1826/3428/571
f 1829/3429/581 1836/3430/581 1832/3431/581
f 1827/3432/575 1832/3433/575 1828/3427/575
f 1825/3434/576 1831/3435/576 1830/3436/576
f 1828/3437/577 1831/3438/577 1826/3439/577
f 1827/3440/578 1830/3441/578 1829/3442/578
f 1835/3443/406 1833/3444/406 1834/3445/406
f 1831/3435/599 1834/3446/599 1830/3436/599
f 1831/3438/588 1836/3447/588 1835/3448/588
f 1830/3441/584 1833/3449/584 1829/3442/584
f 1839/3450/571 1838/3451/571 1837/3452/571
f 1843/3453/579 1848/3454/579 1847/3455/579
f 1839/3450/575 1844/3456/575 1840/3457/575
f 1837/3458/576 1843/3459/576 1842/3460/576
f 1840/3461/577 1843/3453/577 1838/3462/577
f 1839/3463/578 1842/3464/578 1841/3465/578
f 1847/3466/406 1845/3467/406 1846/3468/406
f 1841/3465/590 1846/3469/590 1845/3470/590
f 1841/3471/581 1848/3472/581 1844/3473/581
f 1843/3459/574 1846/3474/574 1842/3460/574
f 1849/3475/571 1852/3476/571 1850/3477/571
f 1855/3478/579 1860/3479/579 1859/3480/579
f 1851/3481/575 1856/3482/575 1852/3476/575
f 1850/3483/576 1854/3484/576 1849/3485/576
f 1850/3486/577 1856/3487/577 1855/3478/577
f 1849/3488/578 1853/3489/578 1851/3490/578
f 1858/3491/406 1860/3492/406 1857/3493/406
f 1853/3489/587 1858/3494/587 1857/3495/587
f 1853/3496/581 1860/3497/581 1856/3498/581
f 1855/3499/574 1858/3500/574 1854/3484/574
f 1861/3501/571 1864/3502/571 1862/3503/571
f 1867/3504/579 1872/3505/579 1871/3506/579
f 1863/3507/575 1868/3508/575 1864/3502/575
f 1861/3509/576 1867/3510/576 1866/3511/576
f 1862/3512/577 1868/3513/577 1867/3504/577
f 1861/3514/578 1865/3515/578 1863/3516/578
f 1871/3517/406 1869/3518/406 1870/3519/406
f 1865/3515/584 1870/3520/584 1869/3521/584
f 1865/3522/581 1872/3523/581 1868/3524/581
f 1867/3510/574 1870/3525/574 1866/3511/574
f 1875/3526/571 1874/3527/571 1873/3528/571
f 1879/3529/579 1884/3530/579 1883/3531/579
f 1875/3526/575 1880/3532/575 1876/3533/575
f 1873/3534/586 1879/1740/586 1878/3535/586
f 1874/3536/577 1880/3537/577 1879/3529/577
f 1875/3538/578 1878/3539/578 1877/3540/578
f 1883/3541/406 1881/3542/406 1882/3543/406
f 1877/3540/584 1882/3544/584 1881/3545/584
f 1877/3546/581 1884/3547/581 1880/3548/581
f 1879/1740/574 1882/438/574 1878/3535/574
f 1887/3549/571 1886/3550/571 1885/3551/571
f 1891/3552/579 1896/3553/579 1895/3554/579
f 1887/3549/575 1892/2761/575 1888/3555/575
f 1885/3556/576 1891/3557/576 1890/3558/576
f 1888/3559/577 1891/3552/577 1886/3560/577
f 1887/3561/578 1890/3562/578 1889/3563/578
f 1895/3564/406 1893/3565/406 1894/3566/406
f 1889/3563/587 1894/3567/587 1893/3568/587
f 1889/3569/581 1896/2146/581 1892/3570/581
f 1891/3557/574 1894/3571/574 1890/3558/574
f 1899/3572/571 1898/3573/571 1897/3574/571
f 1901/3575/597 1908/3576/597 1904/3577/597
f 1899/3572/575 1904/3578/575 1900/3579/575
f 1898/3580/576 1902/1682/576 1897/3581/576
f 1898/3582/577 1904/3583/577 1903/3584/577
f 1899/3585/578 1902/3586/578 1901/3587/578
f 1906/3588/406 1908/3589/406 1905/3590/406
f 1903/3591/574 1906/3592/574 1902/1682/574
f 1904/3583/579 1907/3593/579 1903/3584/579
f 1902/3586/587 1905/3594/587 1901/3587/587
f 1909/3595/571 1912/3596/571 1910/3597/571
f 1913/3598/597 1920/3599/597 1916/3600/597
f 1911/3601/575 1916/3602/575 1912/3596/575
f 1910/3603/576 1914/3604/576 1909/3605/576
f 1910/3606/577 1916/3607/577 1915/3608/577
f 1911/3609/578 1914/3610/578 1913/3611/578
f 1918/3612/406 1920/3613/406 1917/3614/406
f 1915/3615/574 1918/3616/574 1914/3604/574
f 1916/3607/579 1919/3617/579 1915/3608/579
f 1914/3610/584 1917/3618/584 1913/3611/584
f 1921/3619/571 1924/3620/571 1922/3621/571
f 1925/3622/597 1932/3623/597 1928/3624/597
f 1923/3625/583 1928/3626/583 1924/3620/583
f 1921/3627/576 1927/3628/576 1926/3629/576
f 1922/3630/577 1928/3631/577 1927/3632/577
f 1921/3633/578 1925/3634/578 1923/3635/578
f 1931/3636/406 1929/3637/406 1930/3638/406
f 1927/3628/574 1930/3639/574 1926/3629/574
f 1928/3631/579 1931/3640/579 1927/3632/579
f 1926/3641/584 1929/3642/584 1925/3634/584
f 1939/3643/571 1937/3644/571 1935/3645/571
f 1382/3646/601 1933/3647/601 1299/3648/601
f 1322/3649/602 1934/3650/602 1935/3651/602
f 1382/3652/603 1939/3653/603 1940/3654/603
f 1310/3655/604 1933/3656/604 1934/3650/604
f 1358/3657/605 1939/3653/605 1370/3658/605
f 1346/3659/606 1938/3660/606 1358/3661/606
f 1334/2449/607 1937/3662/607 1346/3659/607
f 2027/1502/6 2051/1502/6 2122/1502/6
f 2123/3663/608 2050/3664/608 2087/3665/608
f 2003/1502/6 2109/1502/6 2098/1502/6
f 1979/1502/6 2085/1502/6 2074/1502/6
f 2002/3666/609 2583/3667/609 2014/3668/609
f 1955/1502/6 2061/1502/6 2038/1502/6
f 2015/1502/6 2121/1502/6 2110/1502/6
f 1991/1502/6 2097/1502/6 2086/1502/6
f 1967/1502/6 2073/1502/6 2062/1502/6
f 1944/3669/610 1945/3670/610 1941/3671/610
f 1944/3669/611 1949/3672/611 1946/3673/611
f 1947/3674/612 1948/3675/612 1942/3676/612
f 1951/3677/613 1949/3678/613 1947/3679/613
f 1943/3680/614 1952/3681/614 1951/3677/614
f 1950/3682/615 1946/3683/615 1952/3681/615
f 1946/3673/616 1949/3672/616 1952/3684/616
f 1956/3685/617 1957/3686/617 1953/3687/617
f 1960/3688/618 1958/3689/618 1956/3690/618
f 1954/3691/619 1961/3692/619 1960/3688/619
f 1959/3693/620 1964/3694/620 1961/3692/620
f 1962/3695/621 1963/3696/621 1955/3697/621
f 1962/3695/622 1958/3698/622 1964/3699/622
f 1958/3689/623 1961/3692/623 1964/3694/623
f 1968/3700/624 1969/3701/624 1965/3702/624
f 1972/3703/625 1970/3704/625 1968/3705/625
f 1966/3706/626 1973/3707/626 1972/3703/626
f 1971/3708/627 1976/3709/627 1973/3707/627
f 1974/3710/628 1975/3711/628 1967/3712/628
f 1974/3710/629 1970/3713/629 1976/3714/629
f 1970/3704/630 1973/3707/630 1976/3709/630
f 1980/3715/631 1981/3716/631 1977/3717/631
f 1984/3718/632 1982/3719/632 1980/3715/632
f 1978/3720/633 1985/3721/633 1984/3718/633
f 1983/3722/634 1988/3723/634 1985/3721/634
f 1986/3724/635 1987/3725/635 1979/3726/635
f 1986/3727/636 1982/3728/636 1988/3729/636
f 1982/3719/637 1985/3721/637 1988/3723/637
f 1992/3730/638 1993/3731/638 1989/3732/638
f 1996/3733/639 1994/3734/639 1992/3730/639
f 1990/3735/640 1997/3736/640 1996/3733/640
f 1995/3737/641 2000/3738/641 1997/3736/641
f 1998/3739/642 1999/3740/642 1991/3741/642
f 1993/3742/643 2000/3743/643 1998/3744/643
f 1994/3734/644 1997/3736/644 2000/3738/644
f 2004/3745/645 2005/3746/645 2001/3747/645
f 2008/3748/646 2006/3749/646 2004/3750/646
f 2002/3751/647 2009/3752/647 2008/3748/647
f 2007/3753/648 2012/3754/648 2009/3752/648
f 2010/3755/649 2011/3756/649 2003/3757/649
f 2005/3746/650 2012/3758/650 2010/3755/650
f 2006/3749/651 2009/3752/651 2012/3754/651
f 2016/3759/652 2017/3760/652 2013/3761/652
f 2020/3762/653 2018/3763/653 2016/3764/653
f 2014/3765/654 2021/3766/654 2020/3762/654
f 2019/3767/655 2024/3768/655 2021/3766/655
f 2022/3769/656 2023/3770/656 2015/3771/656
f 2017/3760/657 2024/3772/657 2022/3769/657
f 2018/3763/658 2021/3766/658 2024/3768/658
f 2028/3773/659 2029/3774/659 2025/3775/659
f 2032/3776/660 2030/3777/660 2028/3778/660
f 2026/3779/661 2033/3780/661 2032/3776/661
f 2031/3781/662 2036/3782/662 2033/3780/662
f 2034/3783/663 2035/3784/663 2027/3785/663
f 2034/3783/664 2030/3786/664 2036/3787/664
f 2030/3786/665 2033/3788/665 2036/3787/665
f 2040/3789/666 2041/3790/666 2037/3791/666
f 2044/3792/667 2042/3793/667 2040/3789/667
f 2043/3794/668 2044/3792/668 2038/3795/668
f 2047/3796/669 2045/3797/669 2043/3798/669
f 2039/3799/670 2048/3800/670 2047/3796/670
f 2046/3801/671 2042/3802/671 2048/3800/671
f 2042/3802/672 2045/3797/672 2048/3800/672
f 2052/3803/673 2053/3804/673 2049/3805/673
f 2056/3806/674 2054/3807/674 2052/3803/674
f 2050/3664/675 2057/3808/675 2056/3806/675
f 2055/3809/676 2060/3810/676 2057/3808/676
f 2058/3811/677 2059/3812/677 2051/3813/677
f 2058/3811/678 2054/3807/678 2060/3810/678
f 2054/3807/679 2057/3808/679 2060/3810/679
f 2064/3814/680 2065/3815/680 2061/3816/680
f 2068/3817/681 2066/3818/681 2064/3819/681
f 2067/3820/682 2068/3821/682 2062/3822/682
f 2071/3823/683 2069/3824/683 2067/3820/683
f 2063/3825/684 2072/3826/684 2071/3823/684
f 2070/3827/685 2066/3828/685 2072/3826/685
f 2066/3828/686 2069/3824/686 2072/3826/686
f 2076/3829/687 2077/3830/687 2073/3831/687
f 2080/3832/688 2078/3833/688 2076/3829/688
f 2079/3834/689 2080/3832/689 2074/3835/689
f 2083/3836/690 2081/3837/690 2079/3838/690
f 2075/3839/691 2084/3840/691 2083/3836/691
f 2082/3841/692 2078/3842/692 2084/3840/692
f 2078/3842/693 2081/3837/693 2084/3840/693
f 2088/3843/694 2089/3844/694 2085/3845/694
f 2088/3843/695 2093/3846/695 2090/3847/695
f 2091/3848/696 2092/3849/696 2086/3850/696
f 2095/3851/697 2093/3852/697 2091/3853/697
f 2087/3665/698 2096/3854/698 2095/3851/698
f 2094/3855/699 2090/3856/699 2096/3854/699
f 2090/3856/700 2093/3852/700 2096/3854/700
f 2100/3857/701 2101/3858/701 2097/3859/701
f 2104/3860/702 2102/3861/702 2100/3857/702
f 2103/3862/703 2104/3860/703 2098/3863/703
f 2107/3864/704 2105/3865/704 2103/3866/704
f 2099/3867/705 2108/3868/705 2107/3864/705
f 2106/3869/706 2102/3870/706 2108/3868/706
f 2102/3870/707 2105/3865/707 2108/3868/707
f 2112/3871/708 2113/3872/708 2109/3873/708
f 2112/3871/709 2117/3874/709 2114/3875/709
f 2115/3876/710 2116/3877/710 2110/3878/710
f 2119/3879/711 2117/3880/711 2115/3881/711
f 2111/3882/712 2120/3883/712 2119/3879/712
f 2118/3884/713 2114/3885/713 2120/3883/713
f 2114/3885/714 2117/3880/714 2120/3883/714
f 2124/3886/715 2125/3887/715 2121/3888/715
f 2128/3889/716 2126/3890/716 2124/3891/716
f 2127/3892/717 2128/3893/717 2122/3894/717
f 2131/3895/718 2129/3896/718 2127/3892/718
f 2123/3663/719 2132/3897/719 2131/3895/719
f 2130/3898/720 2126/3899/720 2132/3897/720
f 2126/3899/721 2129/3896/721 2132/3897/721
f 1941/3671/722 1956/3900/722 1953/3901/722
f 1945/3902/723 1960/3688/723 1956/3690/723
f 1960/3688/724 1943/3680/724 1954/3691/724
f 1965/3702/725 1963/3696/725 1968/3700/725
f 1963/3903/726 1972/3703/726 1968/3705/726
f 1959/3693/727 1966/3706/727 1972/3703/727
f 1977/3717/728 1975/3904/728 1980/3715/728
f 1980/3715/729 1971/3708/729 1984/3718/729
f 1984/3718/730 1966/3706/730 1978/3720/730
f 1979/3726/731 1992/3730/731 1989/3732/731
f 1987/3725/732 1996/3733/732 1992/3730/732
f 1983/3722/733 1990/3735/733 1996/3733/733
f 2001/3905/734 1999/3740/734 2004/3750/734
f 1999/3740/735 2008/3748/735 2004/3750/735
f 2008/3748/736 1990/3735/736 2002/3751/736
f 2013/3761/737 2011/3756/737 2016/3759/737
f 2016/3764/738 2007/3753/738 2020/3762/738
f 2007/3753/739 2014/3765/739 2020/3762/739
f 2025/3775/740 2023/3906/740 2028/3773/740
f 2023/3907/741 2032/3776/741 2028/3778/741
f 2019/3767/742 2026/3779/742 2032/3776/742
f 2027/3785/743 1947/3674/743 1942/3676/743
f 2035/3908/744 1951/3677/744 1947/3679/744
f 1951/3677/745 2026/3779/745 1943/3680/745
f 2039/3799/746 2056/3806/746 2046/3801/746
f 2046/3801/747 2052/3803/747 2041/3909/747
f 2052/3803/748 2037/3910/748 2041/3909/748
f 2039/3799/749 2070/3827/749 2063/3825/749
f 2047/3796/750 2065/3815/750 2070/3827/750
f 2065/3911/751 2038/3795/751 2061/3912/751
f 2075/3839/752 2071/3823/752 2082/3841/752
f 2082/3841/753 2067/3820/753 2077/3913/753
f 2067/3914/754 2073/3831/754 2077/3830/754
f 2075/3839/755 2094/3855/755 2087/3665/755
f 2083/3836/756 2089/3915/756 2094/3855/756
f 2089/3844/757 2074/3835/757 2085/3845/757
f 2099/3867/758 2095/3851/758 2106/3869/758
f 2106/3869/759 2091/3853/759 2101/3916/759
f 2101/3917/760 2086/3850/760 2097/3918/760
f 2099/3867/761 2118/3884/761 2111/3882/761
f 2118/3884/762 2103/3866/762 2113/3919/762
f 2103/3862/763 2109/3873/763 2113/3872/763
f 2111/3882/764 2130/3898/764 2123/3663/764
f 2119/3879/765 2125/3887/765 2130/3898/765
f 2125/3887/766 2110/3920/766 2121/3888/766
f 2123/3663/767 2055/3809/767 2050/3664/767
f 2131/3895/768 2059/3812/768 2055/3809/768
f 2059/3812/769 2122/3894/769 2051/3813/769
f 2027/1502/6 2128/1502/6 2034/1502/6
f 2034/3893/770 2124/3886/770 2029/3886/770
f 2029/3886/6 2121/3888/6 2025/3888/6
f 2109/3921/771 2017/3922/771 2112/3922/771
f 2112/3922/6 2022/3923/6 2116/3923/6
f 2116/1502/6 2015/1502/6 2110/1502/6
f 2003/1502/6 2104/1502/6 2010/1502/6
f 2010/3924/772 2100/3925/772 2005/3925/772
f 2005/3925/6 2097/1493/6 2001/1493/6
f 2085/3732/773 1993/3731/773 2088/3731/773
f 2088/3731/6 1998/3739/6 2092/3739/6
f 2092/1502/6 1991/1502/6 2086/1502/6
f 1979/1502/6 2080/1502/6 1986/1502/6
f 1986/1502/6 2076/1502/6 1981/1502/6
f 1981/1502/6 2073/1502/6 1977/1502/6
f 2061/3926/774 1969/3927/774 2064/3928/774
f 1969/3927/774 2068/3929/774 2064/3928/774
f 2068/3929/6 1967/3930/6 2062/3930/6
f 1955/1502/6 2044/1502/6 1962/1502/6
f 1962/3931/775 2040/3932/775 1957/3933/775
f 1957/3933/6 2037/3934/6 1953/3934/6
f 2051/3935/776 1948/3936/776 2058/3937/776
f 1948/3936/777 2053/3938/777 2058/3937/777
f 2053/3938/6 1941/3939/6 2049/3939/6
f 1941/1502/6 2037/1502/6 2049/1502/6
f 2135/3940/774 2134/3941/774 2133/3942/774
f 2139/3943/778 2142/3944/778 2138/3945/778
f 2135/3946/779 2140/3947/779 2136/3948/779
f 2134/3941/780 2138/3949/780 2133/3942/780
f 2136/3950/781 2139/3951/781 2134/3952/781
f 2133/3953/782 2137/3954/782 2135/3955/782
f 2143/3956/608 2141/3957/608 2142/3958/608
f 2140/3959/588 2143/3960/588 2139/3951/588
f 2138/3961/584 2141/3962/584 2137/3954/584
f 2137/3963/783 2144/3964/783 2140/3947/783
f 2147/3965/774 2146/3966/774 2145/3967/774
f 2151/3968/784 2154/3969/784 2150/3970/784
f 2147/3971/779 2152/3972/779 2148/3973/779
f 2146/3966/785 2150/3974/785 2145/3967/785
f 2146/3975/786 2152/3976/786 2151/3977/786
f 2145/3978/782 2149/3979/782 2147/3980/782
f 2155/3981/608 2153/3982/608 2154/3983/608
f 2152/3976/579 2155/3984/579 2151/3977/579
f 2149/3979/584 2154/3985/584 2153/3986/584
f 2149/3987/783 2156/3988/783 2152/3972/783
f 2157/3989/774 2160/3990/774 2158/3991/774
f 2163/3992/787 2166/3993/787 2162/3994/787
f 2159/3995/788 2164/3996/788 2160/3997/788
f 2157/3989/780 2163/3998/780 2162/3999/780
f 2158/4000/781 2164/4001/781 2163/4002/781
f 2159/4003/782 2162/4004/782 2161/4005/782
f 2167/4006/608 2165/4007/608 2166/4008/608
f 2164/4001/579 2167/4009/579 2163/4002/579
f 2161/4005/584 2166/4010/584 2165/4011/584
f 2161/4012/789 2168/4013/789 2164/3996/789
f 2171/4014/774 2170/4015/774 2169/4016/774
f 2175/4017/787 2178/4018/787 2174/4019/787
f 2171/4020/788 2176/1111/788 2172/4021/788
f 2169/4016/790 2175/4022/790 2174/4023/790
f 2170/4024/781 2176/4025/781 2175/4026/781
f 2171/4027/782 2174/4028/782 2173/4029/782
f 2178/4030/608 2180/4031/608 2177/4032/608
f 2175/4026/579 2180/4033/579 2179/4034/579
f 2173/4029/587 2178/4035/587 2177/4036/587
f 2173/4037/783 2180/4038/783 2176/1111/783
f 2181/4039/774 2184/4040/774 2182/4041/774
f 2187/4042/784 2190/4043/784 2186/4044/784
f 2183/4045/788 2188/4046/788 2184/4047/788
f 2181/4039/785 2187/4048/785 2186/4049/785
f 2184/4050/781 2187/4051/781 2182/4052/781
f 2183/4053/782 2186/4054/782 2185/4055/782
f 2191/4056/608 2189/4057/608 2190/4058/608
f 2188/4059/579 2191/4060/579 2187/4051/579
f 2185/4055/584 2190/4061/584 2189/4062/584
f 2185/4063/783 2192/4064/783 2188/4046/783
f 2195/4065/774 2194/4066/774 2193/4067/774
f 2199/4068/787 2202/4069/787 2198/4070/787
f 2195/4071/788 2200/4072/788 2196/4073/788
f 2194/4066/780 2198/4074/780 2193/4067/780
f 2196/4075/781 2199/4076/781 2194/4077/781
f 2195/4078/782 2198/4079/782 2197/4080/782
f 2203/4081/608 2201/4082/608 2202/4083/608
f 2199/4076/791 2204/4084/791 2203/4085/791
f 2197/4080/584 2202/4086/584 2201/4087/584
f 2197/4088/783 2204/4089/783 2200/4072/783
f 2207/4090/774 2206/4091/774 2205/4092/774
f 2211/4093/792 2214/4094/792 2210/4095/792
f 2207/4096/788 2212/313/788 2208/4097/788
f 2206/4091/780 2210/4098/780 2205/4092/780
f 2208/4099/781 2211/4100/781 2206/4101/781
f 2207/4102/782 2210/4103/782 2209/4104/782
f 2215/4105/608 2213/4106/608 2214/4107/608
f 2211/4100/579 2216/4108/579 2215/4109/579
f 2210/4103/584 2213/4110/584 2209/4104/584
f 2209/4111/783 2216/1880/783 2212/313/783
f 2219/4112/774 2218/4113/774 2217/4114/774
f 2224/4115/588 2227/4116/588 2223/4117/588
f 2220/4118/793 2221/4119/793 2224/4120/793
f 2218/4113/785 2222/4121/785 2217/4114/785
f 2220/4122/781 2223/4117/781 2218/4123/781
f 2219/4124/782 2222/4125/782 2221/4126/782
f 2227/4127/608 2225/4128/608 2226/4129/608
f 2222/4125/594 2225/4130/594 2221/4126/594
f 2221/4119/794 2228/4131/794 2224/4120/794
f 2223/4132/787 2226/4133/787 2222/3569/787
f 2229/4134/774 2232/4135/774 2230/4136/774
f 2236/4137/579 2239/4138/579 2235/4139/579
f 2232/4140/788 2233/4141/788 2236/4142/788
f 2230/4136/785 2234/4143/785 2229/4134/785
f 2232/4144/781 2235/4139/781 2230/4145/781
f 2229/4146/795 2233/4147/795 2231/4148/795
f 2239/4149/608 2237/4150/608 2238/4151/608
f 2233/4147/584 2238/4152/584 2237/4153/584
f 2233/4141/796 2240/4154/796 2236/4142/796
f 2235/4155/787 2238/4156/787 2234/4157/787
f 2241/4158/774 2244/4159/774 2242/4160/774
f 2247/4161/579 2252/4162/579 2251/4163/579
f 2243/4164/788 2248/4165/788 2244/4166/788
f 2242/4160/780 2246/4167/780 2241/4158/780
f 2244/4168/781 2247/4161/781 2242/4169/781
f 2241/4170/782 2245/4171/782 2243/4172/782
f 2250/4173/608 2252/4174/608 2249/4175/608
f 2245/4171/587 2250/4176/587 2249/4177/587
f 2245/4178/797 2252/4179/797 2248/4165/797
f 2247/4180/787 2250/4181/787 2246/4182/787
f 2255/4183/774 2254/4184/774 2253/4185/774
f 2259/4186/593 2264/4187/593 2263/4188/593
f 2255/4189/788 2260/4190/788 2256/4191/788
f 2253/4185/785 2259/4192/785 2258/4193/785
f 2256/4194/781 2259/4186/781 2254/4195/781
f 2255/4196/782 2258/4197/782 2257/4198/782
f 2263/4199/608 2261/4200/608 2262/4201/608
f 2258/4197/584 2261/4202/584 2257/4198/584
f 2257/4203/797 2264/4204/797 2260/4190/797
f 2259/4205/787 2262/4206/787 2258/4207/787
f 2267/4208/774 2266/4209/774 2265/4210/774
f 2271/4211/579 2276/4212/579 2275/4213/579
f 2267/4214/788 2272/4215/788 2268/4216/788
f 2265/4210/785 2271/4217/785 2270/4218/785
f 2268/4219/781 2271/4211/781 2266/4220/781
f 2265/4221/782 2269/4222/782 2267/4223/782
f 2275/4224/608 2273/4225/608 2274/4226/608
f 2270/4227/584 2273/4228/584 2269/4222/584
f 2269/4229/794 2276/4230/794 2272/4215/794
f 2271/4231/787 2274/4232/787 2270/4233/787
f 2279/4234/774 2278/4235/774 2277/4236/774
f 2283/4237/791 2288/4238/791 2287/4239/791
f 2279/4240/788 2284/4241/788 2280/4242/788
f 2278/4235/785 2282/4243/785 2277/4236/785
f 2278/4244/781 2284/4245/781 2283/4237/781
f 2277/4246/782 2281/4247/782 2279/4248/782
f 2287/4249/608 2285/4250/608 2286/4251/608
f 2282/4252/584 2285/4253/584 2281/4247/584
f 2281/4254/794 2288/4255/794 2284/4241/794
f 2283/4256/787 2286/4257/787 2282/4258/787
f 2291/4259/774 2290/4260/774 2289/4261/774
f 2295/4262/579 2300/4263/579 2299/4264/579
f 2292/4265/788 2293/4266/788 2296/4267/788
f 2290/4260/785 2294/4268/785 2289/4261/785
f 2290/4269/781 2296/4270/781 2295/4262/781
f 2291/4271/795 2294/4272/795 2293/4273/795
f 2299/4274/608 2297/4275/608 2298/4276/608
f 2294/4272/587 2297/4277/587 2293/4273/587
f 2293/4266/794 2300/4278/794 2296/4267/794
f 2295/4279/787 2298/4280/787 2294/4281/787
f 2303/4282/774 2302/4283/774 2301/4284/774
f 2305/4285/797 2312/4286/797 2308/4287/797
f 2304/4288/788 2305/4285/788 2308/4287/788
f 2302/4283/785 2306/4289/785 2301/4284/785
f 2302/4290/781 2308/4291/781 2307/4292/781
f 2303/4293/782 2306/4294/782 2305/4295/782
f 2311/4296/608 2309/4297/608 2310/4298/608
f 2307/4299/787 2310/4300/787 2306/4301/787
f 2308/4291/593 2311/4302/593 2307/4292/593
f 2306/4294/584 2309/4303/584 2305/4295/584
f 2313/4304/774 2316/4305/774 2314/4306/774
f 2317/4307/798 2324/4308/798 2320/4309/798
f 2316/4310/793 2317/4307/793 2320/4309/793
f 2314/4306/785 2318/4311/785 2313/4304/785
f 2316/4312/781 2319/4313/781 2314/4314/781
f 2313/4315/782 2317/4316/782 2315/4317/782
f 2323/4318/608 2321/4319/608 2322/4320/608
f 2319/3569/787 2322/4321/787 2318/4322/787
f 2319/4313/579 2324/4323/579 2323/4324/579
f 2317/4316/584 2322/4325/584 2321/4326/584
f 2325/4327/774 2328/4328/774 2326/4329/774
f 2329/4330/797 2336/4331/797 2332/4332/797
f 2327/4333/788 2332/4332/788 2328/4334/788
f 2326/4329/785 2330/4335/785 2325/4327/785
f 2328/4336/781 2331/4337/781 2326/4338/781
f 2325/4339/782 2329/4340/782 2327/4341/782
f 2334/4342/608 2336/4343/608 2333/4344/608
f 2331/4345/787 2334/4346/787 2330/4347/787
f 2331/4337/579 2336/4348/579 2335/4349/579
f 2329/4340/584 2334/4350/584 2333/4351/584
f 2339/4352/774 2338/4353/774 2337/4354/774
f 2341/4355/797 2348/4356/797 2344/4357/797
f 2340/4358/793 2341/4355/793 2344/4357/793
f 2337/4354/785 2343/4359/785 2342/4360/785
f 2338/4361/781 2344/4362/781 2343/4363/781
f 2339/4364/782 2342/4365/782 2341/4366/782
f 2347/4367/608 2345/4368/608 2346/4369/608
f 2343/4370/787 2346/2916/787 2342/4371/787
f 2344/4362/579 2347/4372/579 2343/4363/579
f 2341/4366/584 2346/4373/584 2345/4374/584
f 2351/4375/774 2350/4376/774 2349/4377/774
f 2353/4378/798 2360/4379/798 2356/4380/798
f 2351/4381/788 2356/4380/788 2352/4382/788
f 2349/4377/785 2355/4383/785 2354/4359/785
f 2350/4384/786 2356/4385/786 2355/4386/786
f 2349/4387/782 2353/4388/782 2351/4389/782
f 2359/4390/608 2357/4391/608 2358/4392/608
f 2355/4393/787 2358/4394/787 2354/4395/787
f 2356/4385/593 2359/4396/593 2355/4386/593
f 2353/4388/584 2358/4397/584 2357/4398/584
f 2361/4399/774 2364/4400/774 2362/4401/774
f 2365/4402/798 2372/4403/798 2368/4404/798
f 2363/4405/788 2368/4404/788 2364/4406/788
f 2362/4401/785 2366/4407/785 2361/4399/785
f 2364/4408/781 2367/4409/781 2362/4410/781
f 2361/4411/782 2365/4412/782 2363/4413/782
f 2371/4414/608 2369/4415/608 2370/4416/608
f 2367/4417/784 2370/4418/784 2366/4419/784
f 2367/4409/579 2372/4420/579 2371/4421/579
f 2365/4412/584 2370/4422/584 2369/4423/584
f 2375/4424/774 2374/4425/774 2373/4426/774
f 2377/4427/798 2384/4428/798 2380/4429/798
f 2376/4430/793 2377/4427/793 2380/4429/793
f 2374/4425/785 2378/4431/785 2373/4426/785
f 2374/4432/781 2380/4433/781 2379/4434/781
f 2373/4435/782 2377/4436/782 2375/4437/782
f 2383/4438/608 2381/4439/608 2382/4440/608
f 2379/4441/787 2382/4442/787 2378/4443/787
f 2379/4434/579 2384/4444/579 2383/4445/579
f 2377/4436/584 2382/4446/584 2381/4447/584
f 2387/4448/774 2386/4449/774 2385/4450/774
f 2391/4451/593 2396/4452/593 2395/4453/593
f 2387/4454/788 2392/4455/788 2388/4456/788
f 2385/4450/785 2391/4457/785 2390/4458/785
f 2388/4459/781 2391/4451/781 2386/4460/781
f 2387/4461/782 2390/4462/782 2389/4463/782
f 2395/4464/608 2393/4465/608 2394/4466/608
f 2390/4462/584 2393/4467/584 2389/4463/584
f 2389/4468/798 2396/4469/798 2392/4455/798
f 2391/4470/787 2394/4471/787 2390/4472/787
f 2399/4473/774 2398/4474/774 2397/4475/774
f 2403/4476/579 2408/4477/579 2407/4478/579
f 2399/4479/788 2404/4480/788 2400/4481/788
f 2398/4474/785 2402/4482/785 2397/4475/785
f 2398/4483/781 2404/4484/781 2403/4476/781
f 2397/4485/782 2401/4486/782 2399/4487/782
f 2407/4488/608 2405/4489/608 2406/4490/608
f 2402/4491/587 2405/4492/587 2401/4486/587
f 2401/4493/798 2408/4494/798 2404/4480/798
f 2403/4495/787 2406/4496/787 2402/4497/787
f 2409/4498/774 2412/4499/774 2410/4500/774
f 2415/4501/579 2420/4502/579 2419/4503/579
f 2411/4504/793 2416/4505/793 2412/4506/793
f 2409/4498/780 2415/4507/780 2414/4508/780
f 2410/4509/781 2416/4510/781 2415/4501/781
f 2411/4511/782 2414/4512/782 2413/4513/782
f 2419/4514/608 2417/4515/608 2418/4516/608
f 2414/4512/584 2417/4517/584 2413/4513/584
f 2413/4518/798 2420/4519/798 2416/4505/798
f 2415/4520/787 2418/4521/787 2414/4522/787
f 2423/4523/774 2422/4524/774 2421/4525/774
f 2427/4526/579 2432/4527/579 2431/4528/579
f 2423/4529/793 2428/4530/793 2424/4531/793
f 2421/4525/780 2427/4532/780 2426/4533/780
f 2422/4534/781 2428/4535/781 2427/4526/781
f 2423/4536/782 2426/4537/782 2425/4538/782
f 2431/4539/608 2429/4540/608 2430/4541/608
f 2426/4537/584 2429/4542/584 2425/4538/584
f 2425/4543/798 2432/4544/798 2428/4530/798
f 2427/4545/787 2430/4546/787 2426/4547/787
f 2435/4548/774 2434/4549/774 2433/4550/774
f 2439/4551/791 2444/4552/791 2443/4553/791
f 2435/4554/788 2440/4555/788 2436/4556/788
f 2433/4550/780 2439/4557/780 2438/4558/780
f 2434/4559/781 2440/4560/781 2439/4551/781
f 2433/4561/782 2437/4562/782 2435/4563/782
f 2443/4564/608 2441/4565/608 2442/4566/608
f 2437/4562/584 2442/4567/584 2441/4568/584
f 2437/4569/798 2444/4570/798 2440/4555/798
f 2439/4571/787 2442/4572/787 2438/4573/787
f 2445/4574/774 2448/4575/774 2446/4576/774
f 2449/4577/798 2456/4578/798 2452/4579/798
f 2447/4580/793 2452/4579/793 2448/4581/793
f 2446/4576/785 2450/4383/785 2445/4574/785
f 2448/4582/781 2451/4583/781 2446/4584/781
f 2447/4585/782 2450/4586/782 2449/4587/782
f 2455/4588/608 2453/4589/608 2454/4590/608
f 2451/4591/799 2454/4592/799 2450/4593/799
f 2451/4583/579 2456/4594/579 2455/4595/579
f 2449/4587/584 2454/4596/584 2453/4597/584
f 2457/4598/774 2460/4599/774 2458/4600/774
f 2461/593/798 2468/4601/798 2464/4602/798
f 2459/4603/788 2464/4602/788 2460/4604/788
f 2458/4600/785 2462/4605/785 2457/4598/785
f 2458/4606/781 2464/4607/781 2463/4608/781
f 2459/4609/782 2462/4610/782 2461/4611/782
f 2467/4612/608 2465/4613/608 2466/4614/608
f 2463/4615/787 2466/4616/787 2462/4617/787
f 2463/4608/579 2468/4618/579 2467/4619/579
f 2461/4611/584 2466/4620/584 2465/4621/584
f 2471/4622/774 2470/4623/774 2469/4624/774
f 2473/4625/798 2480/4626/798 2476/4627/798
f 2471/4628/788 2476/4627/788 2472/4629/788
f 2469/4624/780 2475/4121/780 2474/4630/780
f 2470/4631/781 2476/4632/781 2475/4633/781
f 2469/4634/782 2473/4635/782 2471/4636/782
f 2479/4637/608 2477/4638/608 2478/4639/608
f 2475/4640/799 2478/4641/799 2474/2890/799
f 2475/4633/579 2480/4642/579 2479/4643/579
f 2473/4635/584 2478/4644/584 2477/4645/584
f 2483/4646/774 2482/4647/774 2481/4648/774
f 2488/4649/579 2491/4650/579 2487/4651/579
f 2483/4652/788 2488/4653/788 2484/4654/788
f 2481/4648/780 2487/4655/780 2486/4656/780
f 2482/4657/781 2488/4649/781 2487/4651/781
f 2483/4658/782 2486/4659/782 2485/4660/782
f 2491/4661/608 2489/4662/608 2490/4663/608
f 2485/4660/584 2490/4664/584 2489/4665/584
f 2485/4666/797 2492/4667/797 2488/4653/797
f 2487/4668/784 2490/4669/784 2486/4670/784
f 2495/4671/774 2494/4672/774 2493/4673/774
f 2500/4674/579 2503/4675/579 2499/4676/579
f 2495/4677/779 2500/4678/779 2496/4679/779
f 2494/4672/780 2498/4680/780 2493/4673/780
f 2496/4681/781 2499/4676/781 2494/4682/781
f 2495/4683/782 2498/4684/782 2497/4685/782
f 2503/4686/608 2501/4687/608 2502/4688/608
f 2497/4685/584 2502/4689/584 2501/4690/584
f 2497/4691/798 2504/4692/798 2500/4678/798
f 2499/4693/784 2502/4694/784 2498/4695/784
f 2505/4696/774 2508/4697/774 2506/4698/774
f 2512/4699/579 2515/4700/579 2511/4701/579
f 2507/4702/788 2512/4703/788 2508/4704/788
f 2505/4696/785 2511/4705/785 2510/4706/785
f 2508/4707/781 2511/4701/781 2506/4708/781
f 2507/4709/782 2510/4710/782 2509/4711/782
f 2515/4712/608 2513/4713/608 2514/4174/608
f 2509/4711/584 2514/4714/584 2513/4715/584
f 2509/1045/797 2516/4716/797 2512/4703/797
f 2511/4717/784 2514/4718/784 2510/4719/784
f 2519/4720/774 2518/4721/774 2517/4722/774
f 2524/4723/579 2527/4724/579 2523/4725/579
f 2519/4726/779 2524/4727/779 2520/4728/779
f 2517/4722/780 2523/4729/780 2522/4730/780
f 2518/4731/786 2524/4723/786 2523/4725/786
f 2519/4732/782 2522/4733/782 2521/4734/782
f 2527/4735/608 2525/4736/608 2526/4737/608
f 2521/4734/584 2526/4738/584 2525/4739/584
f 2521/4740/797 2528/4741/797 2524/4727/797
f 2523/4742/784 2526/4743/784 2522/4744/784
f 2531/4745/774 2530/4746/774 2529/4747/774
f 2536/4748/588 2539/4749/588 2535/4750/588
f 2531/4751/779 2536/4752/779 2532/4753/779
f 2529/4747/780 2535/4754/780 2534/4755/780
f 2532/4756/781 2535/4750/781 2530/4757/781
f 2529/4758/782 2533/4759/782 2531/4760/782
f 2539/4761/608 2537/4762/608 2538/4763/608
f 2533/4759/587 2538/4764/587 2537/4765/587
f 2533/4766/798 2540/4767/798 2536/4752/798
f 2535/4768/784 2538/4769/784 2534/4770/784
f 2543/4771/774 2542/4772/774 2541/4773/774
f 2545/4774/783 2552/4775/783 2548/4776/783
f 2543/3236/779 2548/4776/779 2544/3234/779
f 2542/4772/785 2546/4777/785 2541/4773/785
f 2544/4778/786 2547/4779/786 2542/4780/786
f 2543/4781/782 2546/4782/782 2545/4783/782
f 2551/4784/608 2549/4785/608 2550/4786/608
f 2547/4787/784 2550/4788/784 2546/4789/784
f 2548/4790/579 2551/4791/579 2547/4779/579
f 2545/4783/584 2550/4792/584 2549/4793/584
f 2555/4794/774 2554/4795/774 2553/4796/774
f 2557/4797/783 2564/4798/783 2560/4355/783
f 2555/4799/788 2560/4355/788 2556/4800/788
f 2553/4796/780 2559/4801/780 2558/4802/780
f 2556/4803/786 2559/4804/786 2554/4805/786
f 2555/4806/782 2558/4807/782 2557/4808/782
f 2562/4809/608 2564/4810/608 2561/4811/608
f 2559/4812/784 2562/4813/784 2558/4814/784
f 2560/4815/579 2563/4816/579 2559/4804/579
f 2557/4808/584 2562/4817/584 2561/4818/584
f 2567/4819/774 2566/4820/774 2565/4821/774
f 2569/4822/783 2576/4823/783 2572/4824/783
f 2567/4825/788 2572/4824/788 2568/4826/788
f 2565/4821/785 2571/4827/785 2570/4828/785
f 2568/4829/781 2571/4830/781 2566/4831/781
f 2567/4832/782 2570/4833/782 2569/4834/782
f 2575/4835/608 2573/4836/608 2574/4837/608
f 2571/4838/784 2574/4839/784 2570/4840/784
f 2572/4841/588 2575/4842/588 2571/4830/588
f 2569/4834/582 2574/4843/582 2573/4844/582
f 2579/4845/774 2577/4846/774 2583/4847/774
f 2002/3666/800 2581/4848/800 2582/4849/800
f 1978/4850/801 2581/4851/801 1990/4852/801
f 1966/4853/802 2580/4854/802 1978/4855/802
f 2026/4856/803 2577/4857/803 1943/4858/803
f 1966/4853/804 2578/4859/804 2579/4860/804
f 2014/4861/805 2584/4862/805 2026/4856/805
f 1954/4863/806 2577/4857/806 2578/4864/806
f 2/1/1 4/4865/1 3/2/1
f 4/4/2 8/4866/2 7/5/2
f 8/7/3 6/4867/3 5/8/3
f 6/10/4 2/4868/4 1/11/4
f 7/13/5 5/4869/5 1/14/5
f 4/16/6 2/4870/6 6/17/6
f 95/13/6 10/13/6 119/13/6
f 118/21/7 107/150/7 131/176/7
f 131/176/7 143/190/7 118/21/7
f 143/190/7 155/205/7 118/21/7
f 155/205/7 167/219/7 118/21/7
f 167/219/7 179/19/7 118/21/7
f 71/13/6 81/13/6 177/13/6
f 47/13/6 57/13/6 153/13/6
f 46/22/8 34/4871/8 647/23/8
f 23/13/6 33/13/6 129/13/6
f 83/13/6 93/13/6 189/13/6
f 59/13/6 69/13/6 165/13/6
f 35/13/6 45/13/6 141/13/6
f 12/25/807 14/39/807 13/26/807
f 16/28/10 17/4872/10 14/29/10
f 15/31/808 17/35/808 16/32/808
f 19/34/809 20/37/809 17/35/809
f 11/36/810 18/38/810 20/37/810
f 18/38/811 13/26/811 14/39/811
f 24/40/812 26/4873/812 25/41/812
f 28/43/813 29/47/813 26/44/813
f 22/46/814 27/48/814 29/47/814
f 27/48/815 31/250/815 32/49/815
f 30/50/816 32/53/816 31/51/816
f 25/41/817 26/4873/817 32/53/817
f 36/54/818 38/4874/818 37/55/818
f 40/57/819 41/61/819 38/58/819
f 34/60/820 39/62/820 41/61/820
f 39/62/821 43/4875/821 44/63/821
f 42/64/822 44/67/822 43/65/822
f 37/55/28 38/4874/28 44/67/28
f 48/68/823 50/81/823 49/69/823
f 52/71/824 53/75/824 50/72/824
f 46/74/825 51/76/825 53/75/825
f 51/76/826 55/252/826 56/77/826
f 54/78/827 56/82/827 55/79/827
f 54/78/35 49/69/35 50/81/35
f 60/84/828 62/98/828 61/85/828
f 64/87/829 65/91/829 62/88/829
f 58/90/830 63/92/830 65/91/830
f 63/92/831 67/4876/831 68/93/831
f 66/94/832 68/97/832 67/95/832
f 61/85/833 62/98/833 68/97/833
f 72/100/834 74/4877/834 73/101/834
f 76/103/835 77/107/835 74/104/835
f 70/106/836 75/108/836 77/107/836
f 75/108/837 79/255/837 80/109/837
f 78/110/838 80/113/838 79/111/838
f 73/101/49 74/4877/49 80/113/49
f 84/114/839 86/127/839 85/115/839
f 88/117/840 89/121/840 86/118/840
f 82/120/841 87/122/841 89/121/841
f 87/122/842 91/256/842 92/123/842
f 90/124/843 92/128/843 91/125/843
f 90/124/844 85/115/844 86/127/844
f 96/129/845 98/133/845 97/130/845
f 100/132/846 101/135/846 98/133/846
f 94/134/847 99/136/847 101/135/847
f 99/136/848 103/139/848 104/137/848
f 102/138/849 104/137/849 103/139/849
f 102/141/850 97/4878/850 98/142/850
f 108/41/851 110/145/851 109/144/851
f 112/50/66 113/4879/66 110/145/66
f 111/146/852 113/4879/852 112/50/852
f 115/147/853 116/151/853 113/148/853
f 107/150/854 114/152/854 116/151/854
f 114/152/855 109/257/855 110/153/855
f 120/154/856 122/4880/856 121/155/856
f 124/157/73 125/160/73 122/158/73
f 118/21/857 123/161/857 125/160/857
f 123/161/75 127/266/75 128/162/75
f 126/163/858 128/166/858 127/164/858
f 121/155/77 122/4880/77 128/166/77
f 132/167/859 134/171/859 133/168/859
f 132/167/80 136/173/80 137/170/80
f 135/172/860 137/170/860 136/173/860
f 139/175/861 140/177/861 137/170/861
f 131/176/862 138/178/862 140/177/862
f 138/178/84 133/168/84 134/171/84
f 144/179/863 146/193/863 145/180/863
f 148/182/87 149/4881/87 146/183/87
f 147/185/864 149/189/864 148/186/864
f 151/188/865 152/191/865 149/189/865
f 143/190/866 150/192/866 152/191/866
f 150/192/867 145/180/867 146/193/867
f 156/194/868 158/208/868 157/195/868
f 160/197/869 161/4882/869 158/198/869
f 159/200/870 161/204/870 160/201/870
f 163/203/871 164/206/871 161/204/871
f 155/205/872 162/207/872 164/206/872
f 162/207/873 157/195/873 158/208/873
f 168/209/874 170/213/874 169/210/874
f 172/212/875 173/4883/875 170/213/875
f 171/214/876 173/4883/876 172/212/876
f 175/216/877 176/220/877 173/217/877
f 167/219/878 174/221/878 176/220/878
f 174/221/879 169/261/879 170/222/879
f 180/223/880 182/227/880 181/224/880
f 184/226/108 185/4884/108 182/227/108
f 183/228/881 185/4884/881 184/226/881
f 187/230/882 188/233/882 185/231/882
f 179/19/883 186/234/883 188/233/883
f 186/234/884 181/263/884 182/235/884
f 192/236/885 194/240/885 193/237/885
f 196/239/886 197/4885/886 194/240/886
f 195/241/887 197/4885/887 196/239/887
f 199/243/888 200/246/888 197/244/888
f 191/20/889 198/247/889 200/246/889
f 198/247/890 193/264/890 194/248/890
f 21/249/121 9/27/121 13/26/121
f 13/26/891 18/38/891 28/43/891
f 18/38/123 11/36/123 22/46/123
f 23/52/124 31/51/124 36/54/124
f 31/250/125 27/48/125 40/57/125
f 40/57/126 27/48/126 22/46/126
f 45/70/892 35/4886/892 43/251/892
f 48/73/128 43/4875/128 39/62/128
f 39/62/129 34/60/129 46/74/129
f 57/86/130 47/80/130 55/79/130
f 55/252/131 51/76/131 64/87/131
f 64/87/132 51/76/132 46/74/132
f 59/96/893 67/95/893 72/253/893
f 72/105/894 67/4876/894 63/92/894
f 76/103/135 63/92/135 58/90/135
f 81/116/136 71/112/136 79/111/136
f 79/255/137 75/108/137 88/117/137
f 75/108/138 70/106/138 82/120/138
f 93/131/139 83/4887/139 91/256/139
f 96/129/895 91/256/895 87/122/895
f 100/132/141 87/122/141 82/120/141
f 95/140/142 103/139/142 15/31/142
f 15/31/143 103/139/143 99/136/143
f 99/136/144 94/134/144 11/36/144
f 107/150/896 118/21/896 124/157/896
f 114/152/897 124/157/897 120/159/897
f 120/154/898 117/156/898 105/258/898
f 107/150/899 115/147/899 138/178/899
f 115/147/900 111/149/900 133/168/900
f 133/260/901 111/146/901 106/52/901
f 143/190/902 131/176/902 139/175/902
f 150/192/903 139/175/903 135/172/903
f 135/172/904 130/174/904 141/181/904
f 143/190/154 151/188/154 162/207/154
f 162/207/155 151/188/155 147/185/155
f 157/195/156 147/185/156 142/187/156
f 155/205/157 163/203/157 174/221/157
f 174/221/905 163/203/905 159/200/905
f 159/200/159 154/202/159 165/262/159
f 167/219/906 175/216/906 186/234/906
f 186/234/907 175/216/907 171/218/907
f 171/214/162 166/215/162 177/225/162
f 191/20/163 179/19/163 187/230/163
f 187/230/164 183/232/164 193/264/164
f 183/265/908 178/4888/908 189/238/908
f 191/20/909 199/243/909 123/161/909
f 199/243/910 195/245/910 127/266/910
f 127/164/911 195/241/911 190/242/911
f 95/13/6 190/13/6 196/13/6
f 102/267/6 196/267/6 192/268/6
f 97/268/6 192/268/6 189/269/6
f 177/270/6 81/270/6 85/271/6
f 180/271/579 85/271/579 90/272/579
f 184/13/6 90/13/6 83/13/6
f 71/13/6 166/13/6 172/13/6
f 78/13/6 172/13/6 168/13/6
f 73/13/6 168/13/6 165/13/6
f 153/273/6 57/273/6 61/274/6
f 156/274/912 61/274/912 66/275/912
f 160/13/6 66/13/6 59/13/6
f 47/13/6 142/13/6 148/13/6
f 54/186/6 148/186/6 144/179/6
f 49/179/6 144/179/6 141/181/6
f 129/276/6 33/276/6 37/277/6
f 37/277/913 42/4889/913 136/279/913
f 136/279/174 42/4889/174 35/280/174
f 23/13/6 106/13/6 112/13/6
f 30/50/6 112/50/6 108/41/6
f 25/41/914 108/41/914 105/42/914
f 119/33/6 10/33/6 16/32/6
f 16/32/176 12/25/176 121/282/176
f 121/282/176 12/25/176 9/27/176
f 9/13/6 21/13/6 105/13/6
f 203/283/176 204/289/176 202/284/176
f 207/286/186 211/4890/186 210/287/186
f 204/289/178 203/283/178 205/290/178
f 202/292/179 207/286/179 206/288/179
f 204/294/180 208/4891/180 207/295/180
f 203/297/181 201/4892/181 206/298/181
f 211/300/7 212/4893/7 209/301/7
f 207/295/182 208/4891/182 212/303/182
f 205/299/171 206/298/171 210/305/171
f 205/307/183 209/4894/183 212/308/183
f 213/310/176 215/4895/176 216/311/176
f 219/313/184 223/1880/184 222/314/184
f 216/311/178 215/4895/178 217/316/178
f 214/318/185 219/313/185 218/315/185
f 216/320/180 220/329/180 219/321/180
f 215/323/181 213/4896/181 218/324/181
f 223/326/7 224/4897/7 221/327/7
f 220/329/182 224/4898/182 223/330/182
f 218/324/171 222/4899/171 221/331/171
f 217/332/183 221/4900/183 224/333/183
f 227/335/176 228/342/176 226/336/176
f 231/338/177 235/4901/177 234/339/177
f 227/335/178 229/4902/178 232/341/178
f 225/343/179 226/4903/179 231/338/179
f 226/344/915 228/4904/915 232/345/915
f 225/347/181 230/355/181 229/348/181
f 235/350/7 236/4905/7 233/351/7
f 231/346/182 232/345/182 236/353/182
f 230/355/171 234/4906/171 233/356/171
f 229/357/183 233/4907/183 236/358/183
f 237/360/176 239/366/176 240/361/176
f 243/363/184 247/4908/184 246/364/184
f 239/366/178 241/4909/178 244/367/178
f 237/368/179 238/4910/179 243/363/179
f 240/369/180 244/4911/180 243/370/180
f 239/372/181 237/4912/181 242/373/181
f 246/375/7 247/4913/7 248/376/7
f 243/370/182 244/4911/182 248/378/182
f 241/374/171 242/373/171 246/380/171
f 241/382/183 245/4914/183 248/383/183
f 249/385/176 251/391/176 252/386/176
f 255/388/195 259/4915/195 258/389/195
f 251/391/178 253/4916/178 256/392/178
f 249/393/179 250/4917/179 255/388/179
f 252/394/180 256/4918/180 255/395/180
f 251/397/181 249/4919/181 254/398/181
f 259/400/7 260/4920/7 257/401/7
f 255/395/182 256/4918/182 260/403/182
f 253/399/171 254/398/171 258/405/171
f 253/407/183 257/4921/183 260/408/183
f 263/409/176 264/416/176 262/410/176
f 267/412/186 271/1978/186 270/413/186
f 263/409/178 265/4922/178 268/415/178
f 262/417/179 267/412/179 266/414/179
f 262/419/915 264/4923/915 268/420/915
f 261/422/181 266/4924/181 265/423/181
f 271/425/7 272/4925/7 269/426/7
f 268/420/182 272/4926/182 271/428/182
f 265/423/171 266/4924/171 270/429/171
f 265/431/183 269/581/183 272/432/183
f 275/434/176 276/441/176 274/435/176
f 279/437/177 283/4927/177 282/438/177
f 275/434/178 277/4928/178 280/440/178
f 274/442/179 279/437/179 278/439/179
f 274/444/915 276/4929/915 280/445/915
f 275/447/181 273/4930/181 278/448/181
f 283/450/7 284/4931/7 281/451/7
f 280/445/182 284/4932/182 283/453/182
f 278/448/171 282/4933/171 281/454/171
f 277/455/183 281/4934/183 284/456/183
f 287/458/176 288/464/176 286/459/176
f 291/461/182 292/4935/182 296/462/182
f 288/464/178 287/458/178 289/465/178
f 286/467/185 291/483/185 290/468/185
f 288/470/180 292/4935/180 291/461/180
f 285/472/181 290/4936/181 289/473/181
f 295/475/7 296/4937/7 293/476/7
f 289/473/171 290/4936/171 294/478/171
f 289/480/183 293/4938/183 296/481/183
f 291/483/186 295/4939/186 294/484/186
f 299/485/176 300/491/176 298/486/176
f 304/488/182 308/4940/182 307/489/182
f 300/491/178 299/485/178 301/492/178
f 298/494/185 303/510/185 302/495/185
f 300/497/180 304/488/180 303/490/180
f 299/499/181 297/4941/181 302/500/181
f 307/502/7 308/4942/7 305/503/7
f 301/501/171 302/500/171 306/505/171
f 301/507/189 305/4943/189 308/508/189
f 303/510/186 307/4944/186 306/511/186
f 311/512/176 312/519/176 310/513/176
f 316/515/182 320/4945/182 319/516/182
f 311/512/178 313/4946/178 316/518/178
f 309/520/185 310/4947/185 315/521/185
f 310/522/180 312/4948/180 316/515/180
f 311/523/181 309/4949/181 314/524/181
f 319/526/7 320/4950/7 317/527/7
f 314/524/171 318/4951/171 317/529/171
f 313/530/183 317/4952/183 320/531/183
f 315/521/177 319/4953/177 318/533/177
f 323/534/176 324/541/176 322/535/176
f 328/537/182 332/4954/182 331/538/182
f 323/534/178 325/4955/178 328/540/178
f 322/542/179 327/557/179 326/543/179
f 322/545/180 324/4956/180 328/537/180
f 321/546/181 326/4957/181 325/547/181
f 331/549/7 332/4958/7 329/550/7
f 325/547/171 326/4957/171 330/552/171
f 325/554/183 329/4959/183 332/555/183
f 327/557/184 331/4960/184 330/558/184
f 335/559/176 336/566/176 334/560/176
f 339/562/182 340/4961/182 344/563/182
f 335/559/178 337/4962/178 340/565/178
f 334/567/179 339/582/179 338/568/179
f 336/570/180 340/4961/180 339/562/180
f 335/572/181 333/4963/181 338/573/181
f 343/575/7 344/4964/7 341/576/7
f 337/574/171 338/573/171 342/578/171
f 340/431/198 337/383/198 341/580/198
f 339/582/184 343/4965/184 342/583/184
f 347/584/176 348/591/176 346/585/176
f 352/587/182 356/4966/182 355/588/182
f 347/584/178 349/4967/178 352/590/178
f 346/592/179 351/608/179 350/593/179
f 348/595/180 352/587/180 351/589/180
f 345/597/181 350/4968/181 349/598/181
f 355/600/7 356/4969/7 353/601/7
f 349/598/171 350/4968/171 354/603/171
f 349/605/183 353/4970/183 356/606/183
f 351/608/184 355/4971/184 354/609/184
f 359/610/176 360/616/176 358/611/176
f 364/613/188 368/4972/188 367/614/188
f 360/616/178 359/610/178 361/617/178
f 358/619/179 363/635/179 362/620/179
f 360/622/180 364/613/180 363/615/180
f 359/624/181 357/4973/181 362/625/181
f 367/627/7 368/4974/7 365/628/7
f 361/626/171 362/625/171 366/630/171
f 361/632/183 365/4975/183 368/633/183
f 363/635/184 367/4976/184 366/636/184
f 371/637/176 372/643/176 370/638/176
f 373/640/189 377/4977/189 380/641/189
f 372/643/194 371/637/194 373/644/194
f 370/646/179 375/658/179 374/647/179
f 372/649/197 376/4978/197 375/650/197
f 369/652/916 374/662/916 373/653/916
f 379/655/7 380/4979/7 377/656/7
f 375/658/199 379/4980/199 378/659/199
f 375/650/182 376/4978/182 380/660/182
f 374/662/193 378/4981/193 377/663/193
f 381/664/176 383/4982/176 384/665/176
f 385/667/189 389/4983/189 392/668/189
f 384/665/194 383/4982/194 385/670/194
f 382/672/179 387/684/179 386/673/179
f 382/675/180 384/4984/180 388/676/180
f 381/678/916 386/688/916 385/679/916
f 391/681/7 392/4985/7 389/682/7
f 387/684/177 391/4986/177 390/685/177
f 387/677/182 388/676/182 392/686/182
f 386/688/171 390/4987/171 389/689/171
f 393/690/176 395/696/176 396/691/176
f 397/693/189 401/4988/189 404/694/189
f 395/696/194 397/4989/194 400/697/194
f 393/698/179 394/4990/179 399/699/179
f 394/701/180 396/4991/180 400/702/180
f 393/704/916 398/4992/916 397/705/916
f 402/707/7 403/4993/7 404/708/7
f 399/699/199 403/4994/199 402/710/199
f 399/703/182 400/702/182 404/711/182
f 397/705/171 398/4992/171 402/713/171
f 407/715/176 408/721/176 406/716/176
f 409/642/189 413/641/189 416/718/189
f 407/715/194 409/4995/194 412/720/194
f 405/722/179 406/4996/179 411/723/179
f 406/725/180 408/4997/180 412/726/180
f 405/728/916 410/737/916 409/729/916
f 414/731/7 415/4998/7 416/732/7
f 411/723/199 415/4999/199 414/734/199
f 411/727/182 412/726/182 416/735/182
f 410/737/171 414/5000/171 413/738/171
f 417/739/176 419/745/176 420/740/176
f 421/742/189 425/5001/189 428/743/189
f 419/745/194 421/5002/194 424/746/194
f 418/747/191 423/759/191 422/748/191
f 420/750/180 424/761/180 423/751/180
f 417/753/916 422/763/916 421/754/916
f 427/756/7 428/5003/7 425/757/7
f 423/759/200 427/5004/200 426/760/200
f 424/761/182 428/5005/182 427/762/182
f 422/763/171 426/5006/171 425/764/171
f 431/765/176 432/771/176 430/766/176
f 433/768/189 437/5007/189 440/769/189
f 432/771/194 431/765/194 433/772/194
f 430/774/179 435/786/179 434/775/179
f 432/777/180 436/5008/180 435/778/180
f 429/780/181 434/790/181 433/781/181
f 438/783/7 439/5009/7 440/784/7
f 435/786/190 439/5010/190 438/787/190
f 435/778/182 436/5008/182 440/788/182
f 434/790/171 438/5011/171 437/791/171
f 443/792/176 444/798/176 442/793/176
f 445/795/189 449/841/189 452/796/189
f 444/798/194 443/792/194 445/799/194
f 442/801/179 447/813/179 446/802/179
f 442/804/180 444/5012/180 448/805/180
f 441/807/181 446/817/181 445/808/181
f 451/810/7 452/5013/7 449/811/7
f 447/813/190 451/5014/190 450/814/190
f 447/806/182 448/805/182 452/815/182
f 446/817/193 450/5015/193 449/818/193
f 455/819/176 456/826/176 454/820/176
f 459/822/182 460/831/182 464/823/182
f 455/819/194 457/5016/194 460/825/194
f 453/827/179 454/5017/179 459/828/179
f 454/830/180 456/5018/180 460/831/180
f 453/832/181 458/838/181 457/833/181
f 463/835/7 464/5019/7 461/836/7
f 458/838/193 462/5020/193 461/839/193
f 457/840/198 461/5021/198 464/841/198
f 459/828/200 463/5022/200 462/843/200
f 467/844/176 468/850/176 466/845/176
f 471/847/182 472/857/182 476/848/182
f 468/850/194 467/844/194 469/851/194
f 466/853/179 471/868/179 470/854/179
f 466/856/180 468/5023/180 472/857/180
f 465/858/181 470/864/181 469/859/181
f 475/861/7 476/5024/7 473/862/7
f 470/864/171 474/5025/171 473/865/171
f 469/744/198 473/5026/198 476/866/198
f 471/868/190 475/5027/190 474/869/190
f 477/870/176 479/876/176 480/871/176
f 483/873/182 484/882/182 488/874/182
f 479/876/194 481/5028/194 484/877/194
f 477/878/185 478/5029/185 483/879/185
f 478/881/180 480/5030/180 484/882/180
f 477/883/181 482/889/181 481/884/181
f 487/886/7 488/5031/7 485/887/7
f 482/889/171 486/5032/171 485/890/171
f 481/891/198 485/5033/198 488/892/198
f 483/879/190 487/5034/190 486/894/190
f 491/895/176 492/901/176 490/896/176
f 496/898/182 500/5035/182 499/899/182
f 491/895/194 493/5036/194 496/465/194
f 489/902/191 490/5037/191 495/903/191
f 492/905/180 496/898/180 495/900/180
f 489/907/181 494/913/181 493/908/181
f 499/910/7 500/5038/7 497/911/7
f 494/913/171 498/5039/171 497/914/171
f 493/915/198 497/5040/198 500/455/198
f 495/903/190 499/5041/190 498/917/190
f 503/918/176 504/925/176 502/919/176
f 508/921/182 512/5042/182 511/922/182
f 503/918/178 505/5043/178 508/924/178
f 501/926/191 502/1714/191 507/927/191
f 504/929/180 508/921/180 507/923/180
f 501/931/916 506/936/916 505/932/916
f 511/527/7 512/5044/7 509/934/7
f 506/936/171 510/5045/171 509/937/171
f 505/938/183 509/5046/183 512/939/183
f 507/927/190 511/5047/190 510/941/190
f 513/942/176 515/948/176 516/943/176
f 517/945/917 521/5048/917 524/946/917
f 515/948/178 517/5049/178 520/949/178
f 513/950/185 514/5050/185 519/951/185
f 516/953/180 520/5051/180 519/954/180
f 513/956/181 518/965/181 517/957/181
f 523/959/7 524/5052/7 521/960/7
f 519/951/200 523/5053/200 522/962/200
f 519/954/182 520/5051/182 524/963/182
f 518/965/171 522/5054/171 521/966/171
f 525/967/176 527/973/176 528/968/176
f 529/970/201 533/5055/201 536/971/201
f 527/973/178 529/5056/178 532/974/178
f 525/975/179 526/5057/179 531/976/179
f 526/978/180 528/5058/180 532/979/180
f 527/981/181 525/5059/181 530/982/181
f 535/836/7 536/5060/7 533/350/7
f 531/976/190 535/5061/190 534/985/190
f 531/980/182 532/979/182 536/986/182
f 530/982/171 534/5062/171 533/988/171
f 539/989/176 540/995/176 538/990/176
f 541/992/917 545/357/917 548/359/917
f 539/989/178 541/5063/178 544/994/178
f 537/996/179 538/5064/179 543/997/179
f 540/999/180 544/5065/180 543/1000/180
f 539/1002/181 537/5066/181 542/1003/181
f 547/1005/7 548/5067/7 545/1006/7
f 543/997/200 547/5068/200 546/1008/200
f 543/1000/182 544/5065/182 548/1009/182
f 542/1003/171 546/5069/171 545/1011/171
f 551/1012/176 552/1019/176 550/1013/176
f 555/1015/182 556/5070/182 560/1016/182
f 551/1012/178 553/5071/178 556/1018/178
f 549/1020/179 550/5072/179 555/1021/179
f 552/1023/180 556/5070/180 555/1015/180
f 551/1025/181 549/5073/181 554/1026/181
f 559/1028/7 560/5074/7 557/1029/7
f 553/1027/171 554/1026/171 558/1031/171
f 553/1033/189 557/358/189 560/1034/189
f 555/1021/184 559/5075/184 558/1035/184
f 563/1036/176 564/1043/176 562/1037/176
f 567/1039/182 568/1048/182 572/1040/182
f 563/1036/178 565/5076/178 568/1042/178
f 562/1044/179 567/1060/179 566/1045/179
f 562/1047/180 564/5077/180 568/1048/180
f 563/1049/181 561/5078/181 566/1050/181
f 571/1052/7 572/5079/7 569/1053/7
f 565/1051/171 566/1050/171 570/1055/171
f 565/1057/189 569/5080/189 572/1058/189
f 567/1060/184 571/5081/184 570/1061/184
f 573/1062/176 575/1068/176 576/1063/176
f 579/1065/182 580/1074/182 584/1066/182
f 575/1068/178 577/5082/178 580/1069/178
f 573/1070/179 574/5083/179 579/1071/179
f 574/1073/180 576/5084/180 580/1074/180
f 573/1075/181 578/5085/181 577/1076/181
f 583/1078/7 584/5086/7 581/1079/7
f 577/1076/171 578/5085/171 582/1081/171
f 577/1083/189 581/5087/189 584/1084/189
f 579/1071/184 583/5088/184 582/1086/184
f 587/1087/176 588/1094/176 586/1088/176
f 591/1090/182 592/5089/182 596/1091/182
f 587/1087/178 589/5090/178 592/1093/178
f 586/1095/179 591/1111/179 590/1096/179
f 588/1098/180 592/5089/180 591/1090/180
f 587/1100/181 585/5091/181 590/1101/181
f 595/1103/7 596/5092/7 593/1104/7
f 589/1102/171 590/1101/171 594/1106/171
f 589/1108/189 593/5093/189 596/1109/189
f 591/1111/184 595/4038/184 594/1112/184
f 599/1113/176 600/1120/176 598/1114/176
f 603/1116/182 604/5094/182 608/1117/182
f 599/1113/178 601/5095/178 604/1119/178
f 597/1121/179 598/5096/179 603/1122/179
f 600/1124/180 604/5094/180 603/1116/180
f 599/1126/181 597/5097/181 602/1127/181
f 607/1129/7 608/5098/7 605/326/7
f 601/1128/171 602/1127/171 606/1131/171
f 601/1133/183 605/5099/183 608/1134/183
f 603/1122/184 607/5100/184 606/1136/184
f 611/1137/176 612/1143/176 610/1138/176
f 613/1135/202 617/5101/202 620/1140/202
f 611/1137/178 613/5102/178 616/1142/178
f 610/1144/179 615/1155/179 614/1145/179
f 610/1147/180 612/5103/180 616/1148/180
f 609/1150/181 614/1158/181 613/1151/181
f 618/1153/7 619/5104/7 620/1154/7
f 615/1155/184 619/5105/184 618/1156/184
f 616/1148/182 620/5106/182 619/1157/182
f 614/1158/171 618/5107/171 617/1159/171
f 621/1160/176 623/1166/176 624/1161/176
f 625/1163/202 629/718/202 632/1164/202
f 623/1166/194 625/5108/194 628/1167/194
f 622/1168/179 627/1179/179 626/1169/179
f 624/1171/180 628/1181/180 627/1172/180
f 623/1174/181 621/5109/181 626/1175/181
f 630/1177/7 631/5110/7 632/1178/7
f 627/1179/184 631/5111/184 630/1180/184
f 628/1181/182 632/5112/182 631/1182/182
f 626/1175/171 630/5113/171 629/1183/171
f 633/1184/176 635/1190/176 636/1185/176
f 637/1187/202 641/5114/202 644/1188/202
f 635/1190/194 637/5115/194 640/1191/194
f 633/1192/179 634/5116/179 639/1193/179
f 634/1195/180 636/5117/180 640/1196/180
f 633/1198/181 638/1206/181 637/1199/181
f 643/1201/7 644/5118/7 641/1202/7
f 639/1193/177 643/5119/177 642/1204/177
f 640/1196/182 644/5120/182 643/1205/182
f 638/1206/171 642/5121/171 641/1207/171
f 647/1210/176 646/5122/176 651/1208/176
f 646/5122/176 645/5123/176 651/1208/176
f 645/5123/176 652/5124/176 651/1208/176
f 651/1208/176 650/5125/176 649/1209/176
f 649/1209/176 648/5126/176 647/1210/176
f 94/1211/203 652/5127/203 645/1212/203
f 34/1214/204 22/1220/204 646/1215/204
f 94/1217/205 82/1223/205 651/1218/205
f 22/1220/206 11/5128/206 645/1221/206
f 70/1222/207 650/5129/207 651/1218/207
f 58/1224/208 649/1227/208 650/1225/208
f 46/22/209 648/24/209 649/1227/209
f 739/13/6 654/13/6 763/13/6
f 762/1229/210 751/1365/210 799/1230/210
f 751/1365/210 775/1391/210 799/1230/210
f 775/1391/210 787/1405/210 799/1230/210
f 799/1230/210 811/1434/210 823/1449/210
f 823/1449/210 835/1228/210 799/1230/210
f 715/13/6 725/13/6 821/13/6
f 691/13/6 701/13/6 797/13/6
f 714/1231/211 1294/2430/211 1295/1232/211
f 667/13/6 677/13/6 773/13/6
f 727/13/6 737/13/6 833/13/6
f 703/13/6 713/13/6 809/13/6
f 679/13/6 689/13/6 785/13/6
f 656/1234/918 658/1238/918 657/1235/918
f 656/1234/213 660/1240/213 661/1237/213
f 659/1239/919 661/1237/919 660/1240/919
f 663/1242/920 664/1246/920 661/1243/920
f 655/1245/921 662/1247/921 664/1246/921
f 662/1247/922 657/5130/922 658/1248/922
f 668/1250/923 670/1263/923 669/1251/923
f 672/1253/924 673/1257/924 670/1254/924
f 666/1256/925 671/1258/925 673/1257/925
f 671/1258/926 675/1469/926 676/1259/926
f 674/1260/927 676/1264/927 675/1261/927
f 674/1260/224 669/1251/224 670/1263/224
f 680/1265/928 682/1278/928 681/1266/928
f 684/1268/929 685/1272/929 682/1269/929
f 678/1271/930 683/1273/930 685/1272/930
f 683/1273/931 687/5131/931 688/1274/931
f 686/1275/932 688/1279/932 687/1276/932
f 686/1275/933 681/1266/933 682/1278/933
f 692/1280/934 694/1284/934 693/1281/934
f 696/1283/935 697/1286/935 694/1284/935
f 690/1285/936 695/1287/936 697/1286/936
f 695/1287/937 699/1290/937 700/1288/937
f 698/1289/938 700/1288/938 699/1290/938
f 698/1292/939 693/5132/939 694/1293/939
f 704/1295/940 706/1299/940 705/1296/940
f 708/1298/941 709/1301/941 706/1299/941
f 702/1300/942 707/1302/942 709/1301/942
f 707/1302/943 711/1305/943 712/1303/943
f 710/1304/944 712/1303/944 711/1305/944
f 710/1307/245 705/5133/245 706/1308/245
f 716/1310/945 718/1323/945 717/1311/945
f 720/1313/946 721/1317/946 718/1314/946
f 714/1316/947 719/1318/947 721/1317/947
f 719/1318/948 723/1472/948 724/1319/948
f 722/1320/949 724/1324/949 723/1321/949
f 722/1320/950 717/1311/950 718/1323/950
f 728/1325/951 730/5134/951 729/1326/951
f 732/1328/952 733/1332/952 730/1329/952
f 726/1331/953 731/1333/953 733/1332/953
f 731/1333/954 735/5135/954 736/1334/954
f 734/1335/955 736/1338/955 735/1336/955
f 729/1326/956 730/5134/956 736/1338/956
f 740/1339/957 742/1352/957 741/1340/957
f 744/1342/958 745/1346/958 742/1343/958
f 738/1345/959 743/1347/959 745/1346/959
f 743/1347/960 747/1474/960 748/1348/960
f 746/1349/961 748/1353/961 747/1350/961
f 746/1349/266 741/1340/266 742/1352/266
f 752/1355/962 754/1359/962 753/1356/962
f 756/1358/963 757/5136/963 754/1359/963
f 755/1360/964 757/5136/964 756/1358/964
f 759/1362/965 760/1366/965 757/1363/965
f 751/1365/966 758/1367/966 760/1366/966
f 758/1367/967 753/1475/967 754/1368/967
f 764/1369/968 766/1373/968 765/1370/968
f 768/1372/276 769/1374/276 766/1373/276
f 762/1229/969 767/1375/969 769/1374/969
f 767/1375/970 771/1378/970 772/1376/970
f 770/1377/971 772/1376/971 771/1378/971
f 770/1377/972 765/1370/972 766/1373/972
f 776/1380/973 778/1394/973 777/1381/973
f 776/1383/974 780/5137/974 781/1384/974
f 779/1386/975 781/1390/975 780/1387/975
f 783/1389/285 784/1392/285 781/1390/285
f 775/1391/976 782/1393/976 784/1392/976
f 782/1393/287 777/1381/287 778/1394/287
f 788/1395/977 790/1399/977 789/1396/977
f 792/1398/978 793/5138/978 790/1399/978
f 791/1400/979 793/5138/979 792/1398/979
f 795/1402/980 796/1406/980 793/1403/980
f 787/1405/981 794/1407/981 796/1406/981
f 794/1407/982 789/1479/982 790/1408/982
f 800/1409/983 802/1413/983 801/1410/983
f 800/1409/297 804/1415/297 805/1412/297
f 803/1414/984 805/1412/984 804/1415/984
f 807/1417/985 808/1420/985 805/1418/985
f 799/1230/986 806/1421/986 808/1420/986
f 806/1421/987 801/1481/987 802/1422/987
f 812/1423/988 814/1427/988 813/1424/988
f 812/1423/304 816/1429/304 817/1426/304
f 815/1428/989 817/1426/989 816/1429/989
f 819/1431/990 820/1435/990 817/1432/990
f 811/1434/991 818/1436/991 820/1435/991
f 818/1436/992 813/1482/992 814/1437/992
f 824/1438/993 826/1442/993 825/1439/993
f 824/1438/994 828/1444/994 829/1441/994
f 827/1443/995 829/1441/995 828/1444/995
f 831/1446/996 832/1450/996 829/1447/996
f 823/1449/997 830/1451/997 832/1450/997
f 830/1451/998 825/1485/998 826/1452/998
f 836/1453/999 838/1466/999 837/1454/999
f 836/1456/1000 840/184/1000 841/1457/1000
f 839/1459/1001 841/1463/1001 840/1460/1001
f 843/1462/1002 844/1464/1002 841/1463/1002
f 835/1228/1003 842/1465/1003 844/1464/1003
f 842/1465/1004 837/1454/1004 838/1466/1004
f 653/1236/324 657/1235/324 668/1467/324
f 668/1255/1005 657/5130/1005 662/1247/1005
f 672/1253/326 662/1247/326 655/1245/326
f 677/1267/1006 667/1262/1006 675/1261/1006
f 675/1469/328 671/1258/328 684/1268/328
f 671/1258/1007 666/1256/1007 678/1271/1007
f 679/1470/1008 687/5131/1008 692/1280/1008
f 692/1280/1009 687/5131/1009 683/1273/1009
f 696/1283/332 683/1273/332 678/1271/332
f 691/1291/333 699/1290/333 704/1295/333
f 699/1290/334 695/1287/334 708/1298/334
f 695/1287/335 690/1285/335 702/1300/335
f 713/1471/336 703/1306/336 711/1305/336
f 711/1305/1010 707/1302/1010 720/1313/1010
f 720/1313/338 707/1302/338 702/1300/338
f 715/1322/1011 723/1321/1011 728/1325/1011
f 723/1472/1012 719/1318/1012 732/1328/1012
f 719/1318/1013 714/1316/1013 726/1331/1013
f 727/1473/342 735/5139/342 740/1339/342
f 740/1344/1014 735/5135/1014 731/1333/1014
f 731/1333/344 726/1331/344 738/1345/344
f 739/1351/1015 747/1350/1015 659/1239/1015
f 747/1474/346 743/1347/346 663/1242/346
f 663/1242/347 743/1347/347 738/1345/347
f 751/1365/1016 762/1229/1016 768/1372/1016
f 758/1367/1017 768/1372/1017 764/1369/1017
f 764/1369/1018 761/1371/1018 749/1476/1018
f 751/1365/1019 759/1362/1019 782/1393/1019
f 759/1362/1020 755/1364/1020 777/1381/1020
f 777/1477/1021 755/1360/1021 750/1361/1021
f 787/1405/1022 775/1391/1022 783/1389/1022
f 794/1407/1023 783/1389/1023 779/1386/1023
f 779/1480/1024 774/5140/1024 785/1397/1024
f 787/1405/357 795/1402/357 806/1421/357
f 795/1402/358 791/1404/358 801/1481/358
f 801/1410/359 791/1400/359 786/1401/359
f 811/1434/360 799/1230/360 807/1417/360
f 818/1436/1025 807/1417/1025 803/1419/1025
f 803/1414/362 798/1416/362 809/1483/362
f 811/1434/363 819/1431/363 830/1451/363
f 830/1451/364 819/1431/364 815/1433/364
f 815/1428/365 810/1430/365 821/1440/365
f 823/1449/366 831/1446/366 842/1465/366
f 831/1446/367 827/1448/367 837/1454/367
f 827/1448/1026 822/5141/1026 833/1455/1026
f 835/1228/1027 843/1462/1027 767/1375/1027
f 843/1462/1028 839/1459/1028 771/1378/1028
f 771/1378/1029 839/1459/1029 834/1461/1029
f 739/13/6 834/13/6 840/13/6
f 746/1460/6 840/1460/6 836/1453/6
f 741/1453/6 836/1453/6 833/1455/6
f 821/1486/6 725/1486/6 729/1487/6
f 824/1488/584 729/1487/584 734/1489/584
f 828/13/6 734/13/6 727/13/6
f 715/13/6 810/13/6 816/13/6
f 722/1490/6 816/1490/6 812/1491/6
f 717/1491/579 812/1491/579 809/1492/579
f 797/1297/6 701/1297/6 705/1296/6
f 800/1296/1030 705/1296/1030 710/1304/1030
f 804/13/6 710/13/6 703/13/6
f 691/13/6 786/13/6 792/13/6
f 698/1493/6 792/1493/6 788/1494/6
f 693/1495/6 788/1494/6 785/1496/6
f 773/1497/6 677/1497/6 681/1498/6
f 681/1498/1031 686/5142/1031 780/1500/1031
f 780/1500/377 686/5142/377 679/1501/377
f 667/13/6 750/13/6 756/13/6
f 674/1502/6 756/1502/6 752/1503/6
f 669/1502/6 752/1502/6 749/1502/6
f 763/1504/6 654/1504/6 660/1505/6
f 660/1505/377 656/5143/377 765/1507/377
f 765/1507/379 656/5143/379 653/1508/379
f 653/1502/6 665/1502/6 749/1502/6
f 847/1509/377 848/5144/377 846/1510/377
f 851/1512/386 855/5145/386 854/1513/386
f 847/1515/389 849/1531/389 852/1516/389
f 846/1510/387 851/5146/387 850/1518/387
f 848/1519/388 852/1528/388 851/1520/388
f 847/1522/384 845/5147/384 850/1523/384
f 855/1525/210 856/5148/210 853/1526/210
f 852/1528/182 856/5149/182 855/1529/182
f 850/1523/171 854/5150/171 853/1530/171
f 849/1531/395 853/5151/395 856/1532/395
f 859/1533/377 860/5152/377 858/1534/377
f 863/1536/386 867/5153/386 866/1537/386
f 859/1539/389 861/1555/389 864/1540/389
f 858/1534/387 863/5154/387 862/1542/387
f 858/1543/388 860/5155/388 864/1544/388
f 857/1546/384 862/5156/384 861/1547/384
f 867/1549/210 868/5157/210 865/1550/210
f 864/1544/182 868/5158/182 867/1552/182
f 861/1547/171 862/5156/171 866/1553/171
f 861/1555/395 865/5159/395 868/1556/395
f 869/1557/377 871/5160/377 872/1558/377
f 875/1560/392 879/5161/392 878/1561/392
f 871/1563/389 873/1581/389 876/1564/389
f 869/1557/387 870/1559/387 875/1566/387
f 872/1568/388 876/1577/388 875/1569/388
f 871/1571/1032 869/5162/1032 874/1572/1032
f 878/1574/210 879/5163/210 880/1575/210
f 876/1577/182 880/5164/182 879/1578/182
f 873/1573/171 874/1572/171 878/1579/171
f 873/1581/385 877/4013/385 880/1582/385
f 883/1583/377 884/5165/377 882/1584/377
f 887/1586/386 891/5166/386 890/1587/386
f 883/1589/389 885/1607/389 888/1590/389
f 881/1585/387 882/1584/387 887/1592/387
f 884/1594/388 888/5167/388 887/1595/388
f 883/1597/1032 881/5168/1032 886/1598/1032
f 890/1600/210 891/5169/210 892/1601/210
f 887/1595/182 888/5167/182 892/1603/182
f 885/1599/171 886/1598/171 890/1605/171
f 885/1607/390 889/5170/390 892/1608/390
f 893/1609/377 895/5171/377 896/1610/377
f 899/1612/386 903/5172/386 902/1613/386
f 895/1615/389 897/1633/389 900/1616/389
f 893/1609/387 894/1611/387 899/1618/387
f 896/1620/388 900/1629/388 899/1621/388
f 895/1623/1032 893/5173/1032 898/1624/1032
f 903/1626/210 904/5174/210 901/1627/210
f 900/1629/182 904/5175/182 903/1630/182
f 897/1625/171 898/1624/171 902/1631/171
f 897/1633/390 901/5176/390 904/1634/390
f 907/1635/377 908/5177/377 906/1636/377
f 911/1638/386 915/5178/386 914/1639/386
f 907/1641/389 909/1658/389 912/1642/389
f 906/1636/387 911/5179/387 910/1644/387
f 908/1645/388 912/5180/388 911/1646/388
f 907/1648/1032 905/5181/1032 910/1649/1032
f 915/1651/210 916/5182/210 913/1652/210
f 911/1646/182 912/5180/182 916/1654/182
f 909/1650/171 910/1649/171 914/1656/171
f 909/1658/390 913/5183/390 916/1659/390
f 919/1660/377 920/5184/377 918/1661/377
f 923/1663/392 927/5185/392 926/1664/392
f 919/1666/389 921/1682/389 924/1667/389
f 918/1661/387 923/5186/387 922/1669/387
f 918/1670/383 920/5187/383 924/1671/383
f 919/1673/1032 917/5188/1032 922/1674/1032
f 927/1676/210 928/5189/210 925/1677/210
f 923/1672/182 924/1671/182 928/1679/182
f 922/1674/193 926/5190/193 925/1681/193
f 921/1682/390 925/3592/390 928/1683/390
f 931/1684/377 932/5191/377 930/1685/377
f 936/1687/188 940/5192/188 939/1688/188
f 932/1690/381 931/5193/381 933/1691/381
f 930/1685/382 935/5194/382 934/1693/382
f 932/1694/388 936/1687/388 935/1689/388
f 929/1696/384 934/1702/384 933/1697/384
f 939/1699/210 940/5195/210 937/1700/210
f 934/1702/171 938/5196/171 937/1703/171
f 933/1691/395 937/5197/395 940/1704/395
f 935/1705/394 939/5198/394 938/1706/394
f 943/1708/377 944/5199/377 942/1709/377
f 948/1711/182 952/5200/182 951/1712/182
f 944/1714/381 943/926/381 945/1715/381
f 942/1709/382 947/5201/382 946/1717/382
f 944/1718/388 948/1711/388 947/1713/388
f 941/1720/384 946/1726/384 945/1721/384
f 951/1723/210 952/5202/210 949/1724/210
f 946/1726/171 950/5203/171 949/1727/171
f 945/1715/395 949/5204/395 952/1728/395
f 947/1729/394 951/5205/394 950/1730/394
f 955/1732/377 956/5206/377 954/1733/377
f 959/1735/182 960/5207/182 964/1736/182
f 956/1738/389 955/5208/389 957/1739/389
f 953/1734/382 954/1733/382 959/1741/382
f 956/1743/388 960/5207/388 959/1735/388
f 953/1745/384 958/5209/384 957/1746/384
f 963/1748/210 964/5210/210 961/1749/210
f 957/1746/171 958/5209/171 962/1751/171
f 957/1739/393 961/5211/393 964/1753/393
f 959/1754/386 963/5212/386 962/1755/386
f 967/1757/377 968/5213/377 966/1758/377
f 971/1760/182 972/1769/182 976/1761/182
f 967/1763/389 969/1777/389 972/1764/389
f 965/1759/382 966/1758/382 971/1766/382
f 966/1768/388 968/5214/388 972/1769/388
f 967/1770/384 965/5215/384 970/1771/384
f 975/1773/210 976/5216/210 973/1774/210
f 970/1771/171 974/5217/171 973/1776/171
f 969/1777/393 973/5218/393 976/1778/393
f 971/1779/386 975/5219/386 974/1780/386
f 979/1782/377 980/5220/377 978/1783/377
f 983/1785/182 984/5221/182 988/1786/182
f 979/1788/389 981/1802/389 984/1789/389
f 978/1783/382 983/5222/382 982/1791/382
f 980/1792/388 984/5221/388 983/1785/388
f 977/1794/384 982/1800/384 981/1795/384
f 987/1797/210 988/5223/210 985/1798/210
f 982/1800/171 986/5224/171 985/1801/171
f 981/1802/395 985/5225/395 988/1803/395
f 982/1804/394 983/5226/394 987/1805/394
f 991/1807/377 992/5227/377 990/1808/377
f 995/1810/182 996/5228/182 1000/1811/182
f 991/1813/389 993/1826/389 996/1814/389
f 990/1808/382 995/5229/382 994/1816/382
f 992/1817/388 996/5228/388 995/1810/388
f 991/1819/384 989/5230/384 994/1820/384
f 999/1822/210 1000/5231/210 997/1823/210
f 994/1820/171 998/5232/171 997/1825/171
f 993/1826/393 997/5233/393 1000/1827/393
f 995/1828/394 999/5234/394 998/1829/394
f 1003/1831/377 1004/5235/377 1002/1832/377
f 1007/1834/192 1008/1842/192 1012/1835/192
f 1004/1837/389 1003/5236/389 1005/1838/389
f 1002/1832/382 1007/5237/382 1006/1840/382
f 1002/1841/388 1004/5238/388 1008/1842/388
f 1003/1843/384 1001/5239/384 1006/1844/384
f 1011/1846/210 1012/5240/210 1009/1847/210
f 1006/1844/171 1010/5241/171 1009/1849/171
f 1005/1838/385 1009/5242/385 1012/1850/385
f 1007/1851/386 1011/5243/386 1010/1852/386
f 1015/1854/377 1016/5244/377 1014/1855/377
f 1017/1857/396 1021/5245/396 1024/1858/396
f 1015/293/381 1017/1857/381 1020/1859/381
f 1014/1855/382 1019/5246/382 1018/1860/382
f 1016/1861/388 1020/1873/388 1019/1862/388
f 1015/1864/384 1013/5247/384 1018/1865/384
f 1023/1867/210 1024/5248/210 1021/1868/210
f 1019/1870/394 1023/5249/394 1022/1871/394
f 1020/1873/182 1024/5250/182 1023/1874/182
f 1018/1865/171 1022/5251/171 1021/1875/171
f 1025/1876/377 1027/5252/377 1028/1877/377
f 1029/1879/393 1033/314/393 1036/1880/393
f 1028/1882/381 1027/5253/381 1029/1879/381
f 1026/1878/382 1031/5254/382 1030/1883/382
f 1028/1884/388 1032/5255/388 1031/1885/388
f 1027/1887/384 1025/5256/384 1030/1888/384
f 1035/1890/210 1036/5257/210 1033/1891/210
f 1031/1893/394 1035/5258/394 1034/1894/394
f 1031/1885/182 1032/5255/182 1036/1896/182
f 1029/1889/171 1030/1888/171 1034/1898/171
f 1037/1900/377 1039/5259/377 1040/1901/377
f 1041/1903/393 1045/5260/393 1048/1904/393
f 1039/1906/389 1041/1903/389 1044/1905/389
f 1037/1900/382 1038/1902/382 1043/1908/382
f 1040/1910/388 1044/5261/388 1043/1911/388
f 1039/1913/384 1037/5262/384 1042/1914/384
f 1046/1916/210 1047/5263/210 1048/1628/210
f 1043/1918/394 1047/5264/394 1046/1919/394
f 1043/1911/182 1044/5261/182 1048/1921/182
f 1041/1915/171 1042/1914/171 1046/1923/171
f 1051/1925/377 1052/5265/377 1050/1926/377
f 1053/1928/391 1057/5266/391 1060/1929/391
f 1052/1931/381 1051/5267/381 1053/1928/381
f 1049/1927/382 1050/1926/382 1055/1932/382
f 1050/1934/388 1052/5268/388 1056/1935/388
f 1051/1937/384 1049/5269/384 1054/1938/384
f 1059/1940/210 1060/5270/210 1057/1941/210
f 1055/1943/394 1059/5271/394 1058/1944/394
f 1056/1935/182 1060/5272/182 1059/1946/182
f 1053/1939/171 1054/1938/171 1058/1947/171
f 1063/1949/377 1064/5273/377 1062/1950/377
f 1065/1952/393 1069/5274/393 1072/1953/393
f 1063/1955/381 1065/1952/381 1068/1954/381
f 1061/1951/382 1062/1950/382 1067/1957/382
f 1062/1959/388 1064/5275/388 1068/1960/388
f 1061/1962/384 1066/5276/384 1065/1963/384
f 1071/1965/210 1072/5277/210 1069/1966/210
f 1067/1968/394 1071/5278/394 1070/1969/394
f 1068/1960/182 1072/5279/182 1071/1971/182
f 1065/1963/171 1066/5276/171 1070/1972/171
f 1073/1974/377 1075/5280/377 1076/1975/377
f 1077/1977/393 1081/5281/393 1084/1978/393
f 1075/1980/389 1077/1977/389 1080/1979/389
f 1074/1976/382 1079/5282/382 1078/1982/382
f 1076/1983/388 1080/5283/388 1079/1984/388
f 1075/1986/384 1073/5284/384 1078/1987/384
f 1083/1989/210 1084/5285/210 1081/1990/210
f 1079/1992/394 1083/5286/394 1082/1993/394
f 1079/1984/182 1080/5283/182 1084/1995/182
f 1077/1988/171 1078/1987/171 1082/1997/171
f 1087/1999/377 1088/5287/377 1086/2000/377
f 1089/2002/393 1093/5288/393 1096/2003/393
f 1087/2005/389 1089/2002/389 1092/2004/389
f 1086/2000/382 1091/5289/382 1090/2007/382
f 1088/2008/388 1092/5290/388 1091/2009/388
f 1085/2011/384 1090/5291/384 1089/2012/384
f 1095/2014/210 1096/5292/210 1093/2015/210
f 1091/2017/394 1095/5293/394 1094/2018/394
f 1091/2009/192 1092/5290/192 1096/2020/192
f 1089/2012/171 1090/5291/171 1094/2022/171
f 1099/2024/377 1100/5294/377 1098/2025/377
f 1103/2027/182 1104/5295/182 1108/2028/182
f 1099/2030/389 1101/2045/389 1104/2031/389
f 1097/2026/382 1098/2025/382 1103/2033/382
f 1100/2035/388 1104/5295/388 1103/2027/388
f 1097/2037/384 1102/2043/384 1101/2038/384
f 1107/2040/210 1108/5296/210 1105/2041/210
f 1102/2043/193 1106/5297/193 1105/2044/193
f 1101/2045/393 1105/5298/393 1108/2046/393
f 1103/2047/386 1107/5299/386 1106/2048/386
f 1111/2050/377 1112/5300/377 1110/2051/377
f 1115/2053/182 1116/2061/182 1120/2054/182
f 1112/2056/389 1111/5301/389 1113/2057/389
f 1110/2051/382 1115/1883/382 1114/2059/382
f 1110/2060/388 1112/5302/388 1116/2061/388
f 1109/2062/384 1114/2068/384 1113/2063/384
f 1119/2065/210 1120/5303/210 1117/2066/210
f 1114/2068/171 1118/5304/171 1117/2069/171
f 1113/2057/393 1117/5305/393 1120/609/393
f 1115/2070/394 1119/5306/394 1118/2071/394
f 1121/2073/377 1123/5307/377 1124/2074/377
f 1127/2076/182 1128/2085/182 1132/2077/182
f 1123/2079/381 1125/1692/381 1128/2080/381
f 1121/2073/382 1122/2075/382 1127/2082/382
f 1122/2084/388 1124/5308/388 1128/2085/388
f 1121/2086/384 1126/2092/384 1125/2087/384
f 1131/2089/210 1132/5309/210 1129/2090/210
f 1126/2092/171 1130/5310/171 1129/2093/171
f 1125/1692/393 1129/1704/393 1132/2094/393
f 1127/2095/386 1131/5311/386 1130/2096/386
f 1135/2098/377 1136/5312/377 1134/2099/377
f 1139/2101/182 1140/5313/182 1144/2102/182
f 1135/2104/381 1137/2118/381 1140/2105/381
f 1133/2100/382 1134/2099/382 1139/2107/382
f 1136/2109/388 1140/5313/388 1139/2101/388
f 1135/2111/384 1133/5314/384 1138/2112/384
f 1143/2114/210 1144/5315/210 1141/2115/210
f 1138/2112/171 1142/5316/171 1141/2117/171
f 1137/2118/393 1141/5317/393 1144/2119/393
f 1139/2120/386 1143/5318/386 1142/2121/386
f 1147/2123/377 1148/5319/377 1146/2124/377
f 1151/2126/182 1152/2135/182 1156/2127/182
f 1147/2129/381 1149/1716/381 1152/2130/381
f 1145/2125/382 1146/2124/382 1151/2132/382
f 1146/2134/388 1148/5320/388 1152/2135/388
f 1145/2136/384 1150/5321/384 1149/2137/384
f 1155/2139/210 1156/5322/210 1153/2140/210
f 1149/2137/171 1150/5321/171 1154/2142/171
f 1149/1716/393 1153/1728/393 1156/2144/393
f 1151/2145/386 1155/5323/386 1154/2146/386
f 1157/2148/377 1159/5324/377 1160/2149/377
f 1161/2151/393 1165/5325/393 1168/2152/393
f 1159/2154/389 1161/2151/389 1164/2153/389
f 1158/2150/382 1163/5326/382 1162/2156/382
f 1160/2157/388 1164/5327/388 1163/2158/388
f 1157/2160/384 1162/5328/384 1161/2161/384
f 1167/2163/210 1168/5329/210 1165/2164/210
f 1163/2166/1033 1167/5330/1033 1166/2167/1033
f 1163/2158/182 1164/5327/182 1168/2169/182
f 1161/2161/171 1162/5328/171 1166/2171/171
f 1169/2173/377 1171/5331/377 1172/2174/377
f 1173/2176/391 1177/5332/391 1180/2177/391
f 1171/2179/389 1173/2176/389 1176/2178/389
f 1170/2175/382 1175/5333/382 1174/2181/382
f 1170/2182/388 1172/5334/388 1176/2183/388
f 1171/2185/384 1169/5335/384 1174/2186/384
f 1179/2188/210 1180/5336/210 1177/2189/210
f 1175/2191/386 1179/5337/386 1178/2192/386
f 1175/2184/182 1176/2183/182 1180/2194/182
f 1173/2187/171 1174/2186/171 1178/2196/171
f 1183/2198/377 1184/5338/377 1182/2199/377
f 1185/2201/393 1189/5339/393 1192/2202/393
f 1183/2204/389 1185/2201/389 1188/2203/389
f 1182/2199/382 1187/5340/382 1186/2206/382
f 1184/2207/388 1188/5341/388 1187/2208/388
f 1181/2210/384 1186/5342/384 1185/2211/384
f 1191/2213/210 1192/5343/210 1189/2214/210
f 1187/2216/1033 1191/5344/1033 1190/2217/1033
f 1187/2208/182 1188/5341/182 1192/2219/182
f 1185/2211/171 1186/5342/171 1190/2221/171
f 1195/2223/377 1196/5345/377 1194/2224/377
f 1200/2226/182 1204/5346/182 1203/2227/182
f 1195/2229/389 1197/2243/389 1200/2230/389
f 1193/2225/382 1194/2224/382 1199/2232/382
f 1194/2234/388 1196/5347/388 1200/2226/388
f 1195/2235/384 1193/5348/384 1198/2236/384
f 1203/2238/210 1204/5349/210 1201/2239/210
f 1197/2237/171 1198/2236/171 1202/2241/171
f 1197/2243/385 1201/5350/385 1204/2244/385
f 1199/2245/386 1203/5351/386 1202/2246/386
f 1207/2248/377 1208/5352/377 1206/2249/377
f 1212/2251/182 1216/5353/182 1215/2252/182
f 1207/2254/389 1209/2268/389 1212/2255/389
f 1206/2249/387 1211/5354/387 1210/2257/387
f 1208/2258/388 1212/2251/388 1211/2253/388
f 1207/2260/384 1205/5355/384 1210/2261/384
f 1215/2263/210 1216/5356/210 1213/2264/210
f 1209/2262/171 1210/2261/171 1214/2266/171
f 1209/2268/395 1213/5357/395 1216/2269/395
f 1211/2270/386 1215/5358/386 1214/2271/386
f 1217/2273/377 1219/5359/377 1220/2274/377
f 1224/2276/182 1228/5360/182 1227/2277/182
f 1219/2279/397 1221/2294/397 1224/2280/397
f 1217/2273/382 1218/2275/382 1223/2282/382
f 1220/2284/388 1224/2276/388 1223/2278/388
f 1219/2286/384 1217/5361/384 1222/2287/384
f 1227/2289/210 1228/5362/210 1225/2290/210
f 1221/2288/171 1222/2287/171 1226/2292/171
f 1221/2294/385 1225/5363/385 1228/2295/385
f 1223/2296/386 1227/5364/386 1226/2297/386
f 1231/2299/377 1232/5365/377 1230/2300/377
f 1236/2302/182 1240/5366/182 1239/660/182
f 1231/2304/389 1233/2318/389 1236/2305/389
f 1229/2301/382 1230/2300/382 1235/2307/382
f 1230/2309/388 1232/5367/388 1236/2302/388
f 1231/2310/384 1229/5368/384 1234/2311/384
f 1239/2313/210 1240/5369/210 1237/2314/210
f 1233/2312/171 1234/2311/171 1238/2316/171
f 1233/2318/385 1237/5370/385 1240/2319/385
f 1235/2320/386 1239/5371/386 1238/2321/386
f 1243/2323/377 1244/5372/377 1242/2324/377
f 1248/2326/182 1252/5373/182 1251/2327/182
f 1243/2329/389 1245/2344/389 1248/2330/389
f 1241/2325/382 1242/2324/382 1247/2332/382
f 1244/2334/388 1248/2326/388 1247/2328/388
f 1243/2336/384 1241/5374/384 1246/2337/384
f 1251/2339/210 1252/5375/210 1249/2340/210
f 1245/2338/171 1246/2337/171 1250/2342/171
f 1245/2344/395 1249/5376/395 1252/2345/395
f 1247/2346/386 1251/5377/386 1250/2347/386
f 1255/2349/377 1256/5378/377 1254/2350/377
f 1257/2352/396 1261/5379/396 1264/2353/396
f 1255/2355/389 1257/2352/389 1260/2354/389
f 1254/2350/382 1259/5380/382 1258/2357/382
f 1256/2358/388 1260/2370/388 1259/2359/388
f 1255/2361/1032 1253/5381/1032 1258/2362/1032
f 1263/2364/210 1264/5382/210 1261/2365/210
f 1259/2367/392 1263/5383/392 1262/2368/392
f 1260/2370/182 1264/5384/182 1263/2371/182
f 1257/2363/171 1258/2362/171 1262/2372/171
f 1267/2374/377 1268/5385/377 1266/2375/377
f 1269/2377/396 1273/5386/396 1276/2378/396
f 1267/2380/397 1269/2377/397 1272/2379/397
f 1265/2376/382 1266/2375/382 1271/2382/382
f 1268/2384/388 1272/2396/388 1271/2385/388
f 1267/2387/1032 1265/5387/1032 1270/2388/1032
f 1274/2390/210 1275/5388/210 1276/2391/210
f 1271/2393/392 1275/5389/392 1274/2394/392
f 1272/2396/182 1276/5390/182 1275/2397/182
f 1269/2389/171 1270/2388/171 1274/2398/171
f 1279/2400/377 1280/5391/377 1278/2401/377
f 1281/2403/1034 1285/5392/1034 1288/2404/1034
f 1279/2406/397 1281/2403/397 1284/2405/397
f 1277/2402/382 1278/2401/382 1283/2408/382
f 1280/2410/388 1284/2422/388 1283/2411/388
f 1279/2413/1032 1277/5393/1032 1282/2414/1032
f 1287/2416/210 1288/5394/210 1285/2417/210
f 1283/2419/1035 1287/5395/1035 1286/2420/1035
f 1284/2422/182 1288/5396/182 1287/2423/182
f 1281/2415/171 1282/2414/171 1286/2424/171
f 1291/2426/377 1290/5397/377 1289/2427/377
f 1289/2427/377 1296/5398/377 1295/2428/377
f 1295/2428/377 1294/5399/377 1293/5400/377
f 1293/5400/377 1292/5401/377 1295/2428/377
f 1292/5401/377 1291/2426/377 1295/2428/377
f 702/2429/1036 1293/5402/1036 1294/2430/1036
f 690/2431/400 1292/5403/400 1293/2432/400
f 690/2434/401 678/2440/401 1291/2435/401
f 738/2437/402 1296/2443/402 1289/2438/402
f 678/2440/403 666/5404/403 1290/2441/403
f 726/2442/404 1295/5405/404 1296/2443/404
f 655/2439/405 1289/2438/405 1290/2444/405
f 1383/1502/6 1298/1502/6 1407/1502/6
f 1406/2589/406 1395/2579/406 1419/2446/406
f 1419/2446/406 1431/2620/406 1443/2447/406
f 1443/2447/406 1455/2647/406 1467/2448/406
f 1467/2448/406 1479/2675/406 1406/2589/406
f 1406/2589/406 1419/2446/406 1467/2448/406
f 1359/1502/6 1369/1502/6 1465/1502/6
f 1335/1502/6 1345/1502/6 1441/1502/6
f 1334/2449/407 1322/5406/407 1935/2450/407
f 1311/1502/6 1321/1502/6 1417/1502/6
f 1371/1502/6 1381/1502/6 1477/1502/6
f 1347/1502/6 1357/1502/6 1453/1502/6
f 1323/1502/6 1333/1502/6 1429/1502/6
f 1300/2452/1037 1302/2466/1037 1301/2453/1037
f 1304/2455/409 1305/5407/409 1302/2456/409
f 1303/2458/1038 1305/2462/1038 1304/2459/1038
f 1307/2461/1039 1308/2464/1039 1305/2462/1039
f 1299/2463/1040 1306/2465/1040 1308/2464/1040
f 1306/2465/1041 1301/2453/1041 1302/2466/1041
f 1312/2467/1042 1314/2480/1042 1313/2468/1042
f 1316/2470/1043 1317/2474/1043 1314/2471/1043
f 1310/2473/1044 1315/2475/1044 1317/2474/1044
f 1315/2475/1045 1319/2680/1045 1320/2476/1045
f 1318/2477/1046 1320/2481/1046 1319/2478/1046
f 1318/2477/1047 1313/2468/1047 1314/2480/1047
f 1324/2482/1048 1326/5408/1048 1325/2483/1048
f 1328/2485/1049 1329/2489/1049 1326/2486/1049
f 1322/2488/1050 1327/2490/1050 1329/2489/1050
f 1327/2490/1051 1331/5409/1051 1332/2491/1051
f 1330/2492/1052 1332/2495/1052 1331/2493/1052
f 1325/2483/1053 1326/5408/1053 1332/2495/1053
f 1336/2496/1054 1338/2510/1054 1337/2497/1054
f 1340/2499/1055 1341/2503/1055 1338/2500/1055
f 1334/2502/1056 1339/2504/1056 1341/2503/1056
f 1339/2504/1057 1343/2682/1057 1344/2505/1057
f 1342/2506/1058 1344/2509/1058 1343/2507/1058
f 1337/2497/1059 1338/2510/1059 1344/2509/1059
f 1348/2512/1060 1350/2526/1060 1349/2513/1060
f 1352/2515/1061 1353/2519/1061 1350/2516/1061
f 1346/2518/1062 1351/2520/1062 1353/2519/1062
f 1351/2520/1063 1355/2685/1063 1356/2521/1063
f 1354/2522/1064 1356/2525/1064 1355/2523/1064
f 1349/2513/1065 1350/2526/1065 1356/2525/1065
f 1360/2528/1066 1362/5410/1066 1361/2529/1066
f 1364/2531/1067 1365/2535/1067 1362/2532/1067
f 1358/2534/1068 1363/2536/1068 1365/2535/1068
f 1363/2536/1069 1367/2686/1069 1368/2537/1069
f 1366/2538/1070 1368/2541/1070 1367/2539/1070
f 1361/2529/1071 1362/5410/1071 1368/2541/1071
f 1372/2542/1072 1374/2555/1072 1373/2543/1072
f 1376/2545/1073 1377/2549/1073 1374/2546/1073
f 1370/2548/1074 1375/2550/1074 1377/2549/1074
f 1375/2550/1075 1379/2687/1075 1380/2551/1075
f 1378/2552/1076 1380/2556/1076 1379/2553/1076
f 1378/2552/1077 1373/2543/1077 1374/2555/1077
f 1384/2557/1078 1386/2561/1078 1385/2558/1078
f 1388/2560/1079 1389/2563/1079 1386/2561/1079
f 1382/2562/1080 1387/2564/1080 1389/2563/1080
f 1387/2564/1081 1391/2567/1081 1392/2565/1081
f 1390/2566/1082 1392/2565/1082 1391/2567/1082
f 1390/2569/1083 1385/5411/1083 1386/2570/1083
f 1396/2572/1084 1398/2574/1084 1397/2573/1084
f 1400/2477/465 1401/5412/465 1398/2574/465
f 1399/2575/1085 1401/5412/1085 1400/2477/1085
f 1403/2576/1086 1404/2580/1086 1401/2577/1086
f 1395/2579/1087 1402/2581/1087 1404/2580/1087
f 1402/2581/1088 1397/2688/1088 1398/2582/1088
f 1408/2583/1089 1410/2596/1089 1409/2584/1089
f 1412/2586/472 1413/2590/472 1410/2587/472
f 1406/2589/1090 1411/2591/1090 1413/2590/1090
f 1411/2591/474 1415/2697/474 1416/2592/474
f 1414/2593/1091 1416/2597/1091 1415/2594/1091
f 1414/2593/476 1409/2584/476 1410/2596/476
f 1420/2598/1092 1422/2602/1092 1421/2599/1092
f 1420/2598/1093 1424/2604/1093 1425/2601/1093
f 1423/2603/1094 1425/2601/1094 1424/2604/1094
f 1427/2606/1095 1428/2607/1095 1425/2601/1095
f 1419/2446/1096 1426/2608/1096 1428/2607/1096
f 1426/2608/483 1421/2599/483 1422/2602/483
f 1432/2609/1097 1434/2623/1097 1433/2610/1097
f 1436/2612/1098 1437/5413/1098 1434/2613/1098
f 1435/2615/1099 1437/2619/1099 1436/2616/1099
f 1439/2618/1100 1440/2621/1100 1437/2619/1100
f 1431/2620/1101 1438/2622/1101 1440/2621/1101
f 1438/2622/1102 1433/2610/1102 1434/2623/1102
f 1444/2624/1103 1446/2636/1103 1445/2625/1103
f 1448/30/1104 1449/5414/1104 1446/2627/1104
f 1447/2629/1105 1449/2633/1105 1448/2630/1105
f 1451/2632/1106 1452/2634/1106 1449/2633/1106
f 1443/2447/1107 1450/2635/1107 1452/2634/1107
f 1450/2635/1108 1445/2625/1108 1446/2636/1108
f 1456/2637/1109 1458/2641/1109 1457/2638/1109
f 1460/2640/1110 1461/5415/1110 1458/2641/1110
f 1459/2642/1111 1461/5415/1111 1460/2640/1111
f 1463/2644/1112 1464/2648/1112 1461/2645/1112
f 1455/2647/1113 1462/2649/1113 1464/2648/1113
f 1462/2649/1114 1457/2692/1114 1458/2650/1114
f 1468/2651/1115 1470/2655/1115 1469/2652/1115
f 1468/2651/1116 1472/2657/1116 1473/2654/1116
f 1471/2656/1117 1473/2654/1117 1472/2657/1117
f 1475/2659/1118 1476/2662/1118 1473/2660/1118
f 1467/2448/1119 1474/2663/1119 1476/2662/1119
f 1474/2663/1120 1469/2694/1120 1470/2664/1120
f 1480/2665/1121 1482/2669/1121 1481/2666/1121
f 1484/2668/1122 1485/5416/1122 1482/2669/1122
f 1483/2670/1123 1485/5416/1123 1484/2668/1123
f 1487/2672/1124 1488/2676/1124 1485/2673/1124
f 1479/2675/1125 1486/2677/1125 1488/2676/1125
f 1486/2677/1126 1481/2695/1126 1482/2678/1126
f 1309/2679/520 1297/2454/520 1301/2453/520
f 1301/2453/521 1306/2465/521 1316/2470/521
f 1306/2465/522 1299/2463/522 1310/2473/522
f 1321/2484/523 1311/2479/523 1319/2478/523
f 1319/2680/524 1315/2475/524 1328/2485/524
f 1328/2485/525 1315/2475/525 1310/2473/525
f 1323/2681/1127 1331/5417/1127 1336/2496/1127
f 1336/2501/527 1331/5409/527 1327/2490/527
f 1327/2490/528 1322/2488/528 1334/2502/528
f 1345/2514/529 1335/2508/529 1343/2507/529
f 1343/2682/530 1339/2504/530 1352/2515/530
f 1352/2515/531 1339/2504/531 1334/2502/531
f 1347/2524/532 1355/2523/532 1360/2683/532
f 1355/2685/533 1351/2520/533 1364/2531/533
f 1364/2531/534 1351/2520/534 1346/2518/534
f 1369/2544/1128 1359/2540/1128 1367/2539/1128
f 1367/2686/536 1363/2536/536 1376/2545/536
f 1363/2536/537 1358/2534/537 1370/2548/537
f 1381/2559/1129 1371/5418/1129 1379/2687/1129
f 1379/2687/1130 1375/2550/1130 1388/2560/1130
f 1375/2550/540 1370/2548/540 1382/2562/540
f 1383/2568/541 1391/2567/541 1303/2458/541
f 1303/2458/542 1391/2567/542 1387/2564/542
f 1387/2564/543 1382/2562/543 1299/2463/543
f 1395/2579/1131 1406/2589/1131 1412/2586/1131
f 1402/2581/1132 1412/2586/1132 1408/2588/1132
f 1408/2583/1133 1405/2585/1133 1393/2689/1133
f 1395/2579/1134 1403/2576/1134 1426/2608/1134
f 1403/2576/1135 1399/2578/1135 1421/2599/1135
f 1421/2691/1136 1399/2575/1136 1394/2479/1136
f 1431/2620/1137 1419/2446/1137 1427/2606/1137
f 1438/2622/1138 1427/2606/1138 1423/2603/1138
f 1423/2603/1139 1418/2605/1139 1429/2611/1139
f 1431/2620/553 1439/2618/553 1450/2635/553
f 1450/2635/554 1439/2618/554 1435/2615/554
f 1445/2625/555 1435/2615/555 1430/2617/555
f 1443/2447/556 1451/2632/556 1462/2649/556
f 1462/2649/1140 1451/2632/1140 1447/2629/1140
f 1447/2629/558 1442/2631/558 1453/2693/558
f 1455/2647/559 1463/2644/559 1474/2663/559
f 1463/2644/560 1459/2646/560 1469/2694/560
f 1469/2652/561 1459/2642/561 1454/2643/561
f 1479/2675/562 1467/2448/562 1475/2659/562
f 1486/2677/1141 1475/2659/1141 1471/2661/1141
f 1471/2696/1142 1466/5419/1142 1477/2667/1142
f 1479/2675/1143 1487/2672/1143 1411/2591/1143
f 1487/2672/1144 1483/2674/1144 1415/2697/1144
f 1415/2594/1145 1483/2670/1145 1478/2671/1145
f 1383/1502/6 1478/1502/6 1484/1502/6
f 1390/2698/6 1484/2698/6 1480/2699/6
f 1385/2699/5 1480/2699/5 1477/2700/5
f 1465/2701/6 1369/2701/6 1373/2702/6
f 1468/2702/1146 1373/2702/1146 1378/2703/1146
f 1472/1502/6 1378/1502/6 1371/1502/6
f 1359/1502/6 1454/1502/6 1460/1502/6
f 1366/1502/6 1460/1502/6 1456/1502/6
f 1361/2704/182 1456/2704/182 1453/2705/182
f 1441/2706/6 1345/2706/6 1349/2707/6
f 1444/2707/1147 1349/2707/1147 1354/2708/1147
f 1448/1502/6 1354/1502/6 1347/1502/6
f 1335/1502/6 1430/1502/6 1436/1502/6
f 1342/2616/6 1436/2616/6 1432/2609/6
f 1337/2609/182 1432/2609/182 1429/2611/182
f 1417/2709/6 1321/2709/6 1325/2710/6
f 1325/2710/573 1330/5420/573 1424/2712/573
f 1424/2712/571 1330/5420/571 1323/2713/571
f 1311/1502/6 1394/1502/6 1400/1502/6
f 1318/2477/6 1400/2477/6 1396/2572/6
f 1313/2468/584 1396/2572/584 1393/2469/584
f 1407/2460/6 1298/2460/6 1304/2459/6
f 1304/2459/571 1300/2452/571 1409/2715/571
f 1409/2715/571 1300/2452/571 1297/2454/571
f 1297/1502/6 1309/1502/6 1393/1502/6
f 1491/2716/571 1492/2722/571 1490/2717/571
f 1495/2719/589 1499/5421/589 1498/2720/589
f 1492/2722/583 1491/2716/583 1493/2723/583
f 1490/2725/576 1495/2719/576 1494/2721/576
f 1490/2727/577 1492/5422/577 1496/2728/577
f 1489/2730/578 1494/5423/578 1493/2731/578
f 1499/2733/406 1500/5424/406 1497/2734/406
f 1495/2729/593 1496/2728/593 1500/2736/593
f 1493/2731/1148 1494/5423/1148 1498/2738/1148
f 1493/2740/585 1497/5425/585 1500/2741/585
f 1501/2743/571 1503/5426/571 1504/2744/571
f 1507/2746/574 1511/5427/574 1510/2747/574
f 1504/2744/583 1503/5426/583 1505/2749/583
f 1502/2751/576 1507/2746/576 1506/2748/576
f 1504/2753/577 1508/2762/577 1507/2754/577
f 1501/2756/578 1506/2764/578 1505/2757/578
f 1511/2759/406 1512/5428/406 1509/2760/406
f 1508/2762/579 1512/5429/579 1511/2763/579
f 1506/2764/584 1510/5430/584 1509/2765/584
f 1505/2766/585 1509/5431/585 1512/2767/585
f 1513/2769/571 1515/2775/571 1516/2770/571
f 1519/2772/589 1523/5432/589 1522/2773/589
f 1515/2775/575 1517/5433/575 1520/2776/575
f 1513/2777/576 1514/5434/576 1519/2772/576
f 1516/2778/577 1520/5435/577 1519/2779/577
f 1513/2781/578 1518/2789/578 1517/2782/578
f 1522/2784/406 1523/5436/406 1524/2785/406
f 1519/2779/579 1520/5435/579 1524/2787/579
f 1518/2789/584 1522/5437/584 1521/2790/584
f 1520/2791/581 1517/5438/581 1521/2792/581
f 1525/2794/571 1527/2800/571 1528/2795/571
f 1531/2797/589 1535/5439/589 1534/2798/589
f 1527/2800/575 1529/5440/575 1532/2801/575
f 1525/2802/576 1526/5441/576 1531/2797/576
f 1526/2803/577 1528/5442/577 1532/2804/577
f 1527/2806/578 1525/5443/578 1530/2807/578
f 1535/2809/406 1536/5444/406 1533/2810/406
f 1531/2805/579 1532/2804/579 1536/2812/579
f 1529/2808/584 1530/2807/584 1534/2814/584
f 1529/2816/585 1533/5445/585 1536/2817/585
f 1537/2819/571 1539/2825/571 1540/2820/571
f 1543/2822/574 1547/5446/574 1546/2823/574
f 1539/2825/575 1541/5447/575 1544/2826/575
f 1537/2827/576 1538/5448/576 1543/2822/576
f 1540/2828/577 1544/5449/577 1543/2829/577
f 1537/2831/578 1542/5450/578 1541/2832/578
f 1547/2834/406 1548/5451/406 1545/2835/406
f 1543/2829/588 1544/5449/588 1548/2837/588
f 1541/2832/584 1542/5450/584 1546/2839/584
f 1541/2841/585 1545/5452/585 1548/2842/585
f 1551/2844/571 1552/2851/571 1550/2845/571
f 1555/2847/574 1559/4428/574 1558/2848/574
f 1551/2844/575 1553/5453/575 1556/2850/575
f 1550/2852/586 1555/2847/586 1554/2849/586
f 1550/2854/577 1552/5454/577 1556/2855/577
f 1549/2857/578 1554/5455/578 1553/2858/578
f 1559/2860/406 1560/5456/406 1557/2861/406
f 1556/2855/579 1560/5457/579 1559/2863/579
f 1553/2858/584 1554/5455/584 1558/2864/584
f 1553/2866/585 1557/5458/585 1560/2867/585
f 1563/2869/571 1564/2876/571 1562/2870/571
f 1567/2872/574 1571/5459/574 1570/2873/574
f 1563/2869/575 1565/5460/575 1568/2875/575
f 1562/2877/586 1567/2872/586 1566/2874/586
f 1562/2879/577 1564/5461/577 1568/2880/577
f 1563/2882/578 1561/5462/578 1566/2883/578
f 1571/2885/406 1572/5463/406 1569/2886/406
f 1568/2880/579 1572/5464/579 1571/2888/579
f 1566/2883/584 1570/5465/584 1569/2889/584
f 1565/2890/585 1569/4042/585 1572/2891/585
f 1573/2893/571 1575/5466/571 1576/2894/571
f 1579/2896/593 1580/2905/593 1584/2897/593
f 1576/2894/575 1575/5466/575 1577/2899/575
f 1574/2901/576 1579/2917/576 1578/2902/576
f 1574/2904/577 1576/5467/577 1580/2905/577
f 1573/2906/578 1578/5468/578 1577/2907/578
f 1582/2909/406 1583/5469/406 1584/2910/406
f 1577/2907/587 1578/5468/587 1582/2912/587
f 1577/2914/581 1581/5470/581 1584/2915/581
f 1579/2917/589 1583/5471/589 1582/2918/589
f 1585/2919/571 1587/5472/571 1588/2920/571
f 1591/2922/579 1592/5473/579 1596/2923/579
f 1588/2920/575 1587/5472/575 1589/2925/575
f 1586/2927/586 1591/2943/586 1590/2928/586
f 1588/2930/577 1592/5473/577 1591/2922/577
f 1585/2932/595 1590/5474/595 1589/2933/595
f 1595/2935/406 1596/5475/406 1593/2936/406
f 1589/2933/582 1590/5474/582 1594/2938/582
f 1589/2940/581 1593/5476/581 1596/2941/581
f 1591/2943/574 1595/5477/574 1594/2944/574
f 1597/2945/571 1599/2951/571 1600/2946/571
f 1604/2948/579 1608/5478/579 1607/2949/579
f 1599/2951/583 1601/5479/583 1604/2952/583
f 1597/2953/576 1598/5480/576 1603/2954/576
f 1600/2956/577 1604/2948/577 1603/2950/577
f 1599/2958/578 1597/5481/578 1602/2959/578
f 1607/2961/406 1608/5482/406 1605/2962/406
f 1602/2959/584 1606/5483/584 1605/2964/584
f 1601/2965/581 1605/5484/581 1608/2966/581
f 1603/2954/589 1607/5485/589 1606/2968/589
f 1611/2969/571 1612/2976/571 1610/2970/571
f 1616/2972/579 1620/5486/579 1619/2973/579
f 1611/2969/583 1613/5487/583 1616/2975/583
f 1610/2977/576 1615/2992/576 1614/2978/576
f 1610/2980/577 1612/5488/577 1616/2972/577
f 1609/2981/578 1614/5489/578 1613/2982/578
f 1619/2984/406 1620/5490/406 1617/2985/406
f 1613/2982/584 1614/5489/584 1618/2987/584
f 1613/2989/581 1617/2892/581 1620/2990/581
f 1615/2992/574 1619/4823/574 1618/2993/574
f 1621/2994/571 1623/3000/571 1624/2995/571
f 1628/2997/588 1632/5491/588 1631/2998/588
f 1623/3000/575 1625/5492/575 1628/3001/575
f 1621/801/591 1622/5493/591 1627/3002/591
f 1622/3004/577 1624/5494/577 1628/2997/577
f 1621/3005/578 1626/5495/578 1625/3006/578
f 1631/3008/406 1632/5496/406 1629/3009/406
f 1625/3006/584 1626/5495/584 1630/3011/584
f 1625/3013/581 1629/5497/581 1632/3014/581
f 1627/3002/574 1631/5498/574 1630/3016/574
f 1635/3017/571 1636/3024/571 1634/3018/571
f 1640/3020/1149 1644/5499/1149 1643/3021/1149
f 1635/3017/575 1637/5500/575 1640/3023/575
f 1634/3025/576 1639/3041/576 1638/3026/576
f 1636/3028/577 1640/3020/577 1639/3022/577
f 1635/3030/578 1633/5501/578 1638/3031/578
f 1643/3033/406 1644/5502/406 1641/3034/406
f 1637/3032/582 1638/3031/582 1642/3036/582
f 1637/3038/585 1641/5503/585 1644/3039/585
f 1639/3041/599 1643/5504/599 1642/3042/599
f 1645/3043/571 1647/3049/571 1648/3044/571
f 1652/3046/791 1656/5505/791 1655/3047/791
f 1647/3049/575 1649/5506/575 1652/3050/575
f 1646/3051/576 1651/3067/576 1650/3052/576
f 1648/3054/577 1652/3046/577 1651/3048/577
f 1647/3056/578 1645/5507/578 1650/3057/578
f 1655/3059/406 1656/5508/406 1653/3060/406
f 1649/3058/587 1650/3057/587 1654/3062/587
f 1649/3064/585 1653/5509/585 1656/3065/585
f 1651/3067/574 1655/5510/574 1654/3068/574
f 1659/3069/571 1660/3075/571 1658/3070/571
f 1661/3072/585 1665/5511/585 1668/3073/585
f 1660/3075/583 1659/3069/583 1661/3076/583
f 1658/3078/591 1663/3090/591 1662/3079/591
f 1660/3081/577 1664/5512/577 1663/3082/577
f 1657/3084/578 1662/3094/578 1661/3085/578
f 1667/3087/406 1668/5513/406 1665/3088/406
f 1663/3090/589 1667/5514/589 1666/3091/589
f 1663/3082/593 1664/5512/593 1668/3092/593
f 1662/3094/584 1666/5515/584 1665/3095/584
f 1669/3096/571 1671/5516/571 1672/3097/571
f 1673/3099/585 1677/5517/585 1680/3100/585
f 1672/3097/583 1671/5516/583 1673/3102/583
f 1670/3104/576 1675/3116/576 1674/3105/576
f 1670/3107/577 1672/5518/577 1676/3108/577
f 1669/3110/578 1674/3120/578 1673/3111/578
f 1679/3113/406 1680/5519/406 1677/3114/406
f 1675/3116/592 1679/5520/592 1678/3117/592
f 1675/3109/593 1676/3108/593 1680/3118/593
f 1674/3120/584 1678/5521/584 1677/3121/584
f 1681/3122/571 1683/3128/571 1684/3123/571
f 1685/3125/585 1689/5522/585 1692/3126/585
f 1683/3128/583 1685/5523/583 1688/3129/583
f 1682/3130/576 1687/3142/576 1686/3131/576
f 1682/3133/577 1684/5524/577 1688/3134/577
f 1683/3136/578 1681/5525/578 1686/3137/578
f 1691/3139/406 1692/5526/406 1689/3140/406
f 1687/3142/592 1691/5527/592 1690/3143/592
f 1687/3135/579 1688/3134/579 1692/3144/579
f 1685/3138/582 1686/3137/582 1690/3146/582
f 1695/3148/571 1696/3155/571 1694/3149/571
f 1697/3151/585 1701/5528/585 1704/3152/585
f 1695/3148/575 1697/5529/575 1700/3154/575
f 1693/3156/576 1694/5530/576 1699/3157/576
f 1696/3159/577 1700/5531/577 1699/3160/577
f 1693/3162/578 1698/3171/578 1697/3163/578
f 1702/3165/406 1703/5532/406 1704/3166/406
f 1699/3157/592 1703/4038/592 1702/3168/592
f 1699/3160/579 1700/5531/579 1704/3169/579
f 1698/3171/584 1702/5533/584 1701/3172/584
f 1705/3173/571 1707/3179/571 1708/3174/571
f 1709/3176/581 1713/5534/581 1716/3177/581
f 1707/3179/583 1709/5535/583 1712/3180/583
f 1706/3181/576 1711/3193/576 1710/3182/576
f 1706/3184/577 1708/5536/577 1712/3185/577
f 1705/3187/578 1710/3196/578 1709/3188/578
f 1715/3190/406 1716/5537/406 1713/3191/406
f 1711/3193/592 1715/5538/592 1714/3194/592
f 1712/3185/579 1716/5539/579 1715/3195/579
f 1710/3196/584 1714/5540/584 1713/3197/584
f 1719/3198/571 1720/3204/571 1718/3199/571
f 1721/3201/581 1725/5541/581 1728/3202/581
f 1720/3204/583 1719/3198/583 1721/3205/583
f 1718/3207/576 1723/3219/576 1722/3208/576
f 1720/3210/577 1724/5542/577 1723/3211/577
f 1717/3213/578 1722/3223/578 1721/3214/578
f 1726/3216/406 1727/5543/406 1728/3217/406
f 1723/3219/592 1727/5544/592 1726/3220/592
f 1723/3211/593 1724/5542/593 1728/3221/593
f 1722/3223/584 1726/5545/584 1725/3224/584
f 1731/3225/571 1732/3231/571 1730/3226/571
f 1733/3228/585 1737/5546/585 1740/3229/585
f 1732/3231/583 1731/3225/583 1733/3232/583
f 1730/3234/576 1735/3246/576 1734/3235/576
f 1730/3237/577 1732/5547/577 1736/3238/577
f 1729/3240/578 1734/3250/578 1733/3241/578
f 1739/3243/406 1740/5548/406 1737/3244/406
f 1735/3246/592 1739/3639/592 1738/3247/592
f 1735/3239/579 1736/3238/579 1740/3248/579
f 1734/3250/584 1738/5549/584 1737/3251/584
f 1743/3252/571 1744/3259/571 1742/3253/571
f 1747/3255/579 1748/3264/579 1752/3256/579
f 1743/3252/575 1745/5550/575 1748/3258/575
f 1741/3260/586 1742/5551/586 1747/3261/586
f 1742/3263/577 1744/5552/577 1748/3264/577
f 1741/3265/578 1746/3271/578 1745/3266/578
f 1751/3268/406 1752/5553/406 1749/3269/406
f 1746/3271/584 1750/5554/584 1749/3272/584
f 1745/3273/597 1749/5555/597 1752/3274/597
f 1747/3261/600 1751/5556/600 1750/3276/600
f 1755/3277/571 1756/3283/571 1754/3278/571
f 1759/3280/579 1760/3290/579 1764/3281/579
f 1756/3283/575 1755/3277/575 1757/3284/575
f 1754/3286/586 1759/3302/586 1758/3287/586
f 1754/3289/577 1756/5557/577 1760/3290/577
f 1753/3291/578 1758/3297/578 1757/3292/578
f 1763/3294/406 1764/5558/406 1761/3295/406
f 1758/3297/584 1762/5559/584 1761/3298/584
f 1757/3299/581 1761/5560/581 1764/3300/581
f 1759/3302/600 1763/5561/600 1762/3303/600
f 1765/3304/571 1767/3310/571 1768/3305/571
f 1771/3307/579 1772/3316/579 1776/3308/579
f 1767/3310/575 1769/5562/575 1772/3311/575
f 1765/3312/576 1766/5563/576 1771/3313/576
f 1766/3315/577 1768/5564/577 1772/3316/577
f 1765/3317/578 1770/3323/578 1769/3318/578
f 1774/3320/406 1775/5565/406 1776/3321/406
f 1770/3323/584 1774/5566/584 1773/3324/584
f 1769/3325/581 1773/5567/581 1776/3326/581
f 1771/3313/600 1775/5568/600 1774/3328/600
f 1777/3329/571 1779/3335/571 1780/3330/571
f 1784/3332/579 1788/5569/579 1787/3333/579
f 1779/3335/575 1781/5570/575 1784/2811/575
f 1777/3336/591 1778/5571/591 1783/3337/591
f 1780/3339/577 1784/3332/577 1783/3334/577
f 1779/3341/578 1777/5572/578 1782/3342/578
f 1786/3344/406 1787/5573/406 1788/3345/406
f 1782/3342/582 1786/5574/582 1785/3347/582
f 1781/3348/581 1785/5575/581 1788/3349/581
f 1783/3337/600 1787/5576/600 1786/3351/600
f 1791/3352/571 1792/3359/571 1790/3353/571
f 1796/3355/579 1800/5577/579 1799/3356/579
f 1791/3352/575 1793/5578/575 1796/3358/575
f 1789/3360/576 1790/5579/576 1795/3361/576
f 1792/3363/577 1796/3355/577 1795/3357/577
f 1789/3365/578 1794/3371/578 1793/3366/578
f 1799/3368/406 1800/5580/406 1797/3369/406
f 1794/3371/587 1798/5581/587 1797/3372/587
f 1793/3373/581 1797/5582/581 1800/3374/581
f 1795/3361/599 1799/4154/599 1798/3376/599
f 1803/3377/571 1804/3384/571 1802/3378/571
f 1805/3380/598 1809/5583/598 1812/3381/598
f 1803/3377/583 1805/5584/583 1808/3383/583
f 1801/3385/576 1802/5585/576 1807/3386/576
f 1802/3388/577 1804/5586/577 1808/3389/577
f 1801/3391/578 1806/3400/578 1805/3392/578
f 1811/3394/406 1812/5587/406 1809/3395/406
f 1807/3386/574 1811/5588/574 1810/3397/574
f 1807/3390/579 1808/3389/579 1812/3398/579
f 1806/3400/584 1810/5589/584 1809/3401/584
f 1813/3402/571 1815/3408/571 1816/3403/571
f 1817/3405/598 1821/5590/598 1824/3406/598
f 1815/3408/583 1817/5591/583 1820/3409/583
f 1813/3410/576 1814/5592/576 1819/3411/576
f 1814/3413/577 1816/5593/577 1820/3414/577
f 1815/3416/578 1813/5594/578 1818/3417/578
f 1823/3419/406 1824/5595/406 1821/3420/406
f 1819/3411/574 1823/5596/574 1822/3422/574
f 1819/3415/579 1820/3414/579 1824/3423/579
f 1818/3417/584 1822/5597/584 1821/3425/584
f 1825/3426/571 1827/3432/571 1828/3427/571
f 1829/3429/598 1833/5598/598 1836/3430/598
f 1827/3432/575 1829/5599/575 1832/3433/575
f 1825/3434/576 1826/5600/576 1831/3435/576
f 1828/3437/577 1832/5601/577 1831/3438/577
f 1827/3440/578 1825/5602/578 1830/3441/578
f 1835/3443/406 1836/5603/406 1833/3444/406
f 1831/3435/574 1835/5604/574 1834/3446/574
f 1831/3438/593 1832/5601/593 1836/3447/593
f 1830/3441/587 1834/5605/587 1833/3449/587
f 1839/3450/571 1840/3457/571 1838/3451/571
f 1843/3453/579 1844/5606/579 1848/3454/579
f 1839/3450/575 1841/5607/575 1844/3456/575
f 1837/3458/586 1838/5608/586 1843/3459/586
f 1840/3461/577 1844/5606/577 1843/3453/577
f 1839/3463/578 1837/5609/578 1842/3464/578
f 1847/3466/406 1848/5610/406 1845/3467/406
f 1841/3465/1150 1842/3464/1150 1846/3469/1150
f 1841/3471/581 1845/5611/581 1848/3472/581
f 1843/3459/589 1847/5612/589 1846/3474/589
f 1849/3475/571 1851/3481/571 1852/3476/571
f 1855/3478/579 1856/3487/579 1860/3479/579
f 1851/3481/575 1853/5613/575 1856/3482/575
f 1850/3483/576 1855/3499/576 1854/3484/576
f 1850/3486/577 1852/5614/577 1856/3487/577
f 1849/3488/578 1854/5615/578 1853/3489/578
f 1858/3491/406 1859/5616/406 1860/3492/406
f 1853/3489/582 1854/5615/582 1858/3494/582
f 1853/3496/585 1857/5617/585 1860/3497/585
f 1855/3499/589 1859/5047/589 1858/3500/589
f 1861/3501/571 1863/3507/571 1864/3502/571
f 1867/3504/579 1868/3513/579 1872/3505/579
f 1863/3507/575 1865/5618/575 1868/3508/575
f 1861/3509/576 1862/5619/576 1867/3510/576
f 1862/3512/577 1864/5620/577 1868/3513/577
f 1861/3514/578 1866/5621/578 1865/3515/578
f 1871/3517/406 1872/5622/406 1869/3518/406
f 1865/3515/584 1866/5621/584 1870/3520/584
f 1865/3522/581 1869/5623/581 1872/3523/581
f 1867/3510/589 1871/5624/589 1870/3525/589
f 1875/3526/571 1876/3533/571 1874/3527/571
f 1879/3529/579 1880/3537/579 1884/3530/579
f 1875/3526/575 1877/5625/575 1880/3532/575
f 1873/3534/576 1874/5626/576 1879/1740/576
f 1874/3536/577 1876/5627/577 1880/3537/577
f 1875/3538/578 1873/5628/578 1878/3539/578
f 1883/3541/406 1884/5629/406 1881/3542/406
f 1877/3540/584 1878/3539/584 1882/3544/584
f 1877/3546/581 1881/5630/581 1884/3547/581
f 1879/1740/589 1883/1753/589 1882/438/589
f 1887/3549/571 1888/3555/571 1886/3550/571
f 1891/3552/579 1892/5631/579 1896/3553/579
f 1887/3549/575 1889/5632/575 1892/2761/575
f 1885/3556/576 1886/5633/576 1891/3557/576
f 1888/3559/577 1892/5631/577 1891/3552/577
f 1887/3561/578 1885/5634/578 1890/3562/578
f 1895/3564/406 1896/5635/406 1893/3565/406
f 1889/3563/582 1890/3562/582 1894/3567/582
f 1889/3569/585 1893/5636/585 1896/2146/585
f 1891/3557/589 1895/4230/589 1894/3571/589
f 1899/3572/571 1900/3579/571 1898/3573/571
f 1901/3575/581 1905/5637/581 1908/3576/581
f 1899/3572/575 1901/5638/575 1904/3578/575
f 1898/3580/586 1903/3591/586 1902/1682/586
f 1898/3582/577 1900/5639/577 1904/3583/577
f 1899/3585/578 1897/5640/578 1902/3586/578
f 1906/3588/406 1907/5641/406 1908/3589/406
f 1903/3591/589 1907/5642/589 1906/3592/589
f 1904/3583/588 1908/5643/588 1907/3593/588
f 1902/3586/584 1906/5644/584 1905/3594/584
f 1909/3595/571 1911/3601/571 1912/3596/571
f 1913/3598/581 1917/5645/581 1920/3599/581
f 1911/3601/575 1913/5646/575 1916/3602/575
f 1910/3603/576 1915/3615/576 1914/3604/576
f 1910/3606/577 1912/5647/577 1916/3607/577
f 1911/3609/578 1909/5648/578 1914/3610/578
f 1918/3612/406 1919/5649/406 1920/3613/406
f 1915/3615/589 1919/5650/589 1918/3616/589
f 1916/3607/579 1920/5651/579 1919/3617/579
f 1914/3610/587 1918/5652/587 1917/3618/587
f 1921/3619/571 1923/3625/571 1924/3620/571
f 1925/3622/581 1929/5653/581 1932/3623/581
f 1923/3625/575 1925/5654/575 1928/3626/575
f 1921/3627/576 1922/5655/576 1927/3628/576
f 1922/3630/577 1924/5656/577 1928/3631/577
f 1921/3633/578 1926/3641/578 1925/3634/578
f 1931/3636/406 1932/5657/406 1929/3637/406
f 1927/3628/589 1931/5658/589 1930/3639/589
f 1928/3631/579 1932/5659/579 1931/3640/579
f 1926/3641/584 1930/5660/584 1929/3642/584
f 1935/3645/571 1934/5661/571 1933/5662/571
f 1933/5662/571 1940/5663/571 1935/3645/571
f 1940/5663/571 1939/3643/571 1935/3645/571
f 1939/3643/571 1938/5664/571 1937/3644/571
f 1937/3644/571 1936/5665/571 1935/3645/571
f 1382/3646/601 1940/5666/601 1933/3647/601
f 1322/3649/602 1310/3655/602 1934/3650/602
f 1382/3652/603 1370/3658/603 1939/3653/603
f 1310/3655/1151 1299/5667/1151 1933/3656/1151
f 1358/3657/605 1938/5668/605 1939/3653/605
f 1346/3659/606 1937/3662/606 1938/3660/606
f 1334/2449/607 1936/2451/607 1937/3662/607
f 2027/1502/6 1942/1502/6 2051/1502/6
f 2050/3664/608 2039/3799/608 2063/3825/608
f 2063/3825/608 2075/3839/608 2050/3664/608
f 2075/3839/608 2087/3665/608 2050/3664/608
f 2087/3665/608 2099/3867/608 2111/3882/608
f 2111/3882/608 2123/3663/608 2087/3665/608
f 2003/1502/6 2013/1502/6 2109/1502/6
f 1979/1502/6 1989/1502/6 2085/1502/6
f 2002/3666/609 2582/4849/609 2583/3667/609
f 1955/1502/6 1965/1502/6 2061/1502/6
f 2015/1502/6 2025/1502/6 2121/1502/6
f 1991/1502/6 2001/1502/6 2097/1502/6
f 1967/1502/6 1977/1502/6 2073/1502/6
f 1944/3669/1152 1946/3673/1152 1945/3670/1152
f 1944/3669/611 1948/3675/611 1949/3672/611
f 1947/3674/1153 1949/3672/1153 1948/3675/1153
f 1951/3677/1154 1952/3681/1154 1949/3678/1154
f 1943/3680/1155 1950/3682/1155 1952/3681/1155
f 1950/3682/1156 1945/3902/1156 1946/3683/1156
f 1956/3685/1157 1958/3698/1157 1957/3686/1157
f 1960/3688/1158 1961/3692/1158 1958/3689/1158
f 1954/3691/1159 1959/3693/1159 1961/3692/1159
f 1959/3693/1160 1963/3903/1160 1964/3694/1160
f 1962/3695/1161 1964/3699/1161 1963/3696/1161
f 1962/3695/1162 1957/3686/1162 1958/3698/1162
f 1968/3700/1163 1970/3713/1163 1969/3701/1163
f 1972/3703/1164 1973/3707/1164 1970/3704/1164
f 1966/3706/1165 1971/3708/1165 1973/3707/1165
f 1971/3708/1166 1975/3904/1166 1976/3709/1166
f 1974/3710/1167 1976/3714/1167 1975/3711/1167
f 1974/3710/629 1969/3701/629 1970/3713/629
f 1980/3715/1168 1982/3719/1168 1981/3716/1168
f 1984/3718/1169 1985/3721/1169 1982/3719/1169
f 1978/3720/1170 1983/3722/1170 1985/3721/1170
f 1983/3722/1171 1987/3725/1171 1988/3723/1171
f 1986/3724/1172 1988/3723/1172 1987/3725/1172
f 1986/3727/1173 1981/5669/1173 1982/3728/1173
f 1992/3730/1174 1994/3734/1174 1993/3731/1174
f 1996/3733/1175 1997/3736/1175 1994/3734/1175
f 1990/3735/1176 1995/3737/1176 1997/3736/1176
f 1995/3737/1177 1999/3740/1177 2000/3738/1177
f 1998/3739/1178 2000/3738/1178 1999/3740/1178
f 1993/3742/643 1994/5670/643 2000/3743/643
f 2004/3745/1179 2006/5671/1179 2005/3746/1179
f 2008/3748/1180 2009/3752/1180 2006/3749/1180
f 2002/3751/1181 2007/3753/1181 2009/3752/1181
f 2007/3753/1182 2011/5672/1182 2012/3754/1182
f 2010/3755/1183 2012/3758/1183 2011/3756/1183
f 2005/3746/650 2006/5671/650 2012/3758/650
f 2016/3759/1184 2018/5673/1184 2017/3760/1184
f 2020/3762/1185 2021/3766/1185 2018/3763/1185
f 2014/3765/1186 2019/3767/1186 2021/3766/1186
f 2019/3767/1187 2023/3907/1187 2024/3768/1187
f 2022/3769/1188 2024/3772/1188 2023/3770/1188
f 2017/3760/657 2018/5673/657 2024/3772/657
f 2028/3773/1189 2030/3786/1189 2029/3774/1189
f 2032/3776/1190 2033/3780/1190 2030/3777/1190
f 2026/3779/1191 2031/3781/1191 2033/3780/1191
f 2031/3781/1192 2035/3908/1192 2036/3782/1192
f 2034/3783/1193 2036/3787/1193 2035/3784/1193
f 2034/3783/1194 2029/3774/1194 2030/3786/1194
f 2040/3789/1195 2042/3793/1195 2041/3790/1195
f 2044/3792/1196 2045/5674/1196 2042/3793/1196
f 2043/3794/1197 2045/5674/1197 2044/3792/1197
f 2047/3796/1198 2048/3800/1198 2045/3797/1198
f 2039/3799/1199 2046/3801/1199 2048/3800/1199
f 2046/3801/1200 2041/3909/1200 2042/3802/1200
f 2052/3803/1201 2054/3807/1201 2053/3804/1201
f 2056/3806/674 2057/3808/674 2054/3807/674
f 2050/3664/1202 2055/3809/1202 2057/3808/1202
f 2055/3809/676 2059/3812/676 2060/3810/676
f 2058/3811/1203 2060/3810/1203 2059/3812/1203
f 2058/3811/1204 2053/3804/1204 2054/3807/1204
f 2064/3814/1205 2066/3828/1205 2065/3815/1205
f 2068/3817/681 2069/5675/681 2066/3818/681
f 2067/3820/1206 2069/3824/1206 2068/3821/1206
f 2071/3823/1207 2072/3826/1207 2069/3824/1207
f 2063/3825/1208 2070/3827/1208 2072/3826/1208
f 2070/3827/685 2065/3815/685 2066/3828/685
f 2076/3829/1209 2078/3833/1209 2077/3830/1209
f 2080/3832/688 2081/5676/688 2078/3833/688
f 2079/3834/1210 2081/5676/1210 2080/3832/1210
f 2083/3836/1211 2084/3840/1211 2081/3837/1211
f 2075/3839/1212 2082/3841/1212 2084/3840/1212
f 2082/3841/1213 2077/3913/1213 2078/3842/1213
f 2088/3843/1214 2090/3847/1214 2089/3844/1214
f 2088/3843/695 2092/3849/695 2093/3846/695
f 2091/3848/1215 2093/3846/1215 2092/3849/1215
f 2095/3851/1216 2096/3854/1216 2093/3852/1216
f 2087/3665/1217 2094/3855/1217 2096/3854/1217
f 2094/3855/1218 2089/3915/1218 2090/3856/1218
f 2100/3857/1219 2102/3861/1219 2101/3858/1219
f 2104/3860/702 2105/5677/702 2102/3861/702
f 2103/3862/1220 2105/5677/1220 2104/3860/1220
f 2107/3864/1221 2108/3868/1221 2105/3865/1221
f 2099/3867/1222 2106/3869/1222 2108/3868/1222
f 2106/3869/1223 2101/3916/1223 2102/3870/1223
f 2112/3871/1224 2114/3875/1224 2113/3872/1224
f 2112/3871/1225 2116/3877/1225 2117/3874/1225
f 2115/3876/1226 2117/3874/1226 2116/3877/1226
f 2119/3879/1227 2120/3883/1227 2117/3880/1227
f 2111/3882/1228 2118/3884/1228 2120/3883/1228
f 2118/3884/1229 2113/3919/1229 2114/3885/1229
f 2124/3886/1230 2126/3899/1230 2125/3887/1230
f 2128/3889/1231 2129/5678/1231 2126/3890/1231
f 2127/3892/1232 2129/3896/1232 2128/3893/1232
f 2131/3895/1233 2132/3897/1233 2129/3896/1233
f 2123/3663/1234 2130/3898/1234 2132/3897/1234
f 2130/3898/1235 2125/3887/1235 2126/3899/1235
f 1941/3671/722 1945/3670/722 1956/3900/722
f 1945/3902/1236 1950/3682/1236 1960/3688/1236
f 1960/3688/724 1950/3682/724 1943/3680/724
f 1965/3702/1237 1955/3697/1237 1963/3696/1237
f 1963/3903/726 1959/3693/726 1972/3703/726
f 1959/3693/727 1954/3691/727 1966/3706/727
f 1977/3717/1238 1967/5679/1238 1975/3904/1238
f 1980/3715/729 1975/3904/729 1971/3708/729
f 1984/3718/730 1971/3708/730 1966/3706/730
f 1979/3726/731 1987/3725/731 1992/3730/731
f 1987/3725/732 1983/3722/732 1996/3733/732
f 1983/3722/733 1978/3720/733 1990/3735/733
f 2001/3905/734 1991/3741/734 1999/3740/734
f 1999/3740/735 1995/3737/735 2008/3748/735
f 2008/3748/736 1995/3737/736 1990/3735/736
f 2013/3761/737 2003/3757/737 2011/3756/737
f 2016/3764/738 2011/5672/738 2007/3753/738
f 2007/3753/739 2002/3751/739 2014/3765/739
f 2025/3775/1239 2015/5680/1239 2023/3906/1239
f 2023/3907/1240 2019/3767/1240 2032/3776/1240
f 2019/3767/742 2014/3765/742 2026/3779/742
f 2027/3785/743 2035/3784/743 1947/3674/743
f 2035/3908/744 2031/3781/744 1951/3677/744
f 1951/3677/745 2031/3781/745 2026/3779/745
f 2039/3799/1241 2050/3664/1241 2056/3806/1241
f 2046/3801/1242 2056/3806/1242 2052/3803/1242
f 2052/3803/1243 2049/3805/1243 2037/3910/1243
f 2039/3799/1244 2047/3796/1244 2070/3827/1244
f 2047/3796/1245 2043/3798/1245 2065/3815/1245
f 2065/3911/1246 2043/3794/1246 2038/3795/1246
f 2075/3839/1247 2063/3825/1247 2071/3823/1247
f 2082/3841/1248 2071/3823/1248 2067/3820/1248
f 2067/3914/1249 2062/5681/1249 2073/3831/1249
f 2075/3839/1250 2083/3836/1250 2094/3855/1250
f 2083/3836/756 2079/3838/756 2089/3915/756
f 2089/3844/1251 2079/3834/1251 2074/3835/1251
f 2099/3867/758 2087/3665/758 2095/3851/758
f 2106/3869/1252 2095/3851/1252 2091/3853/1252
f 2101/3917/760 2091/3848/760 2086/3850/760
f 2099/3867/761 2107/3864/761 2118/3884/761
f 2118/3884/762 2107/3864/762 2103/3866/762
f 2103/3862/1253 2098/3863/1253 2109/3873/1253
f 2111/3882/764 2119/3879/764 2130/3898/764
f 2119/3879/765 2115/3881/765 2125/3887/765
f 2125/3887/1254 2115/3881/1254 2110/3920/1254
f 2123/3663/1255 2131/3895/1255 2055/3809/1255
f 2131/3895/1256 2127/3892/1256 2059/3812/1256
f 2059/3812/1257 2127/3892/1257 2122/3894/1257
f 2027/1502/6 2122/1502/6 2128/1502/6
f 2034/3893/6 2128/3893/6 2124/3886/6
f 2029/3886/171 2124/3886/171 2121/3888/171
f 2109/3921/6 2013/3921/6 2017/3922/6
f 2112/3922/1258 2017/3922/1258 2022/3923/1258
f 2116/1502/6 2022/1502/6 2015/1502/6
f 2003/1502/6 2098/1502/6 2104/1502/6
f 2010/3924/6 2104/3924/6 2100/3925/6
f 2005/3925/584 2100/3925/584 2097/1493/584
f 2085/3732/6 1989/3732/6 1993/3731/6
f 2088/3731/1259 1993/3731/1259 1998/3739/1259
f 2092/1502/6 1998/1502/6 1991/1502/6
f 1979/1502/6 2074/1502/6 2080/1502/6
f 1986/1502/6 2080/1502/6 2076/1502/6
f 1981/1502/6 2076/1502/6 2073/1502/6
f 2061/3926/6 1965/3926/6 1969/3927/6
f 1969/3927/774 1974/5682/774 2068/3929/774
f 2068/3929/774 1974/5682/774 1967/3930/774
f 1955/1502/6 2038/1502/6 2044/1502/6
f 1962/3931/6 2044/3931/6 2040/3932/6
f 1957/3933/171 2040/3932/171 2037/3934/171
f 2051/3935/6 1942/3935/6 1948/3936/6
f 1948/3936/774 1944/5683/774 2053/3938/774
f 2053/3938/774 1944/5683/774 1941/3939/774
f 1941/1502/6 1953/1502/6 2037/1502/6
f 2135/3940/774 2136/5684/774 2134/3941/774
f 2139/3943/787 2143/5685/787 2142/3944/787
f 2135/3946/793 2137/3963/793 2140/3947/793
f 2134/3941/785 2139/5686/785 2138/3949/785
f 2136/3950/781 2140/3959/781 2139/3951/781
f 2133/3953/782 2138/3961/782 2137/3954/782
f 2143/3956/608 2144/5687/608 2141/3957/608
f 2140/3959/579 2144/5688/579 2143/3960/579
f 2138/3961/584 2142/5689/584 2141/3962/584
f 2137/3963/798 2141/5690/798 2144/3964/798
f 2147/3965/774 2148/5691/774 2146/3966/774
f 2151/3968/787 2155/5692/787 2154/3969/787
f 2147/3971/793 2149/3987/793 2152/3972/793
f 2146/3966/785 2151/5693/785 2150/3974/785
f 2146/3975/781 2148/5694/781 2152/3976/781
f 2145/3978/795 2150/5695/795 2149/3979/795
f 2155/3981/608 2156/5696/608 2153/3982/608
f 2152/3976/579 2156/5697/579 2155/3984/579
f 2149/3979/587 2150/5695/587 2154/3985/587
f 2149/3987/797 2153/5698/797 2156/3988/797
f 2157/3989/774 2159/5699/774 2160/3990/774
f 2163/3992/787 2167/5700/787 2166/3993/787
f 2159/3995/793 2161/4012/793 2164/3996/793
f 2157/3989/785 2158/3991/785 2163/3998/785
f 2158/4000/781 2160/5701/781 2164/4001/781
f 2159/4003/782 2157/5702/782 2162/4004/782
f 2167/4006/608 2168/5703/608 2165/4007/608
f 2164/4001/579 2168/5704/579 2167/4009/579
f 2161/4005/584 2162/4004/584 2166/4010/584
f 2161/4012/798 2165/5705/798 2168/4013/798
f 2171/4014/774 2172/5706/774 2170/4015/774
f 2175/4017/787 2179/5707/787 2178/4018/787
f 2171/4020/788 2173/4037/788 2176/1111/788
f 2169/4016/780 2170/4015/780 2175/4022/780
f 2170/4024/781 2172/5708/781 2176/4025/781
f 2171/4027/782 2169/5709/782 2174/4028/782
f 2178/4030/608 2179/5710/608 2180/4031/608
f 2175/4026/579 2176/4025/579 2180/4033/579
f 2173/4029/584 2174/4028/584 2178/4035/584
f 2173/4037/783 2177/3168/783 2180/4038/783
f 2181/4039/774 2183/5711/774 2184/4040/774
f 2187/4042/787 2191/5712/787 2190/4043/787
f 2183/4045/793 2185/4063/793 2188/4046/793
f 2181/4039/780 2182/4041/780 2187/4048/780
f 2184/4050/781 2188/4059/781 2187/4051/781
f 2183/4053/782 2181/5713/782 2186/4054/782
f 2191/4056/608 2192/5714/608 2189/4057/608
f 2188/4059/579 2192/5715/579 2191/4060/579
f 2185/4055/584 2186/4054/584 2190/4061/584
f 2185/4063/783 2189/5716/783 2192/4064/783
f 2195/4065/774 2196/5717/774 2194/4066/774
f 2199/4068/792 2203/5718/792 2202/4069/792
f 2195/4071/788 2197/4088/788 2200/4072/788
f 2194/4066/785 2199/5719/785 2198/4074/785
f 2196/4075/781 2200/5720/781 2199/4076/781
f 2195/4078/782 2193/5721/782 2198/4079/782
f 2203/4081/608 2204/5722/608 2201/4082/608
f 2199/4076/1149 2200/5720/1149 2204/4084/1149
f 2197/4080/584 2198/4079/584 2202/4086/584
f 2197/4088/783 2201/5723/783 2204/4089/783
f 2207/4090/774 2208/5724/774 2206/4091/774
f 2211/4093/784 2215/5725/784 2214/4094/784
f 2207/4096/788 2209/4111/788 2212/313/788
f 2206/4091/785 2211/5726/785 2210/4098/785
f 2208/4099/781 2212/5727/781 2211/4100/781
f 2207/4102/782 2205/5728/782 2210/4103/782
f 2215/4105/608 2216/5729/608 2213/4106/608
f 2211/4100/588 2212/5727/588 2216/4108/588
f 2210/4103/584 2214/5730/584 2213/4110/584
f 2209/4111/783 2213/5731/783 2216/1880/783
f 2219/4112/774 2220/5732/774 2218/4113/774
f 2224/4115/579 2228/5733/579 2227/4116/579
f 2220/4118/788 2219/5734/788 2221/4119/788
f 2218/4113/780 2223/5735/780 2222/4121/780
f 2220/4122/781 2224/4115/781 2223/4117/781
f 2219/4124/782 2217/5736/782 2222/4125/782
f 2227/4127/608 2228/5737/608 2225/4128/608
f 2222/4125/1260 2226/5738/1260 2225/4130/1260
f 2221/4119/798 2225/5739/798 2228/4131/798
f 2223/4132/784 2227/5740/784 2226/4133/784
f 2229/4134/774 2231/5741/774 2232/4135/774
f 2236/4137/588 2240/5742/588 2239/4138/588
f 2232/4140/793 2231/5743/793 2233/4141/793
f 2230/4136/785 2235/5744/785 2234/4143/785
f 2232/4144/781 2236/4137/781 2235/4139/781
f 2229/4146/782 2234/5745/782 2233/4147/782
f 2239/4149/608 2240/5746/608 2237/4150/608
f 2233/4147/587 2234/5745/587 2238/4152/587
f 2233/4141/797 2237/3376/797 2240/4154/797
f 2235/4155/784 2239/5747/784 2238/4156/784
f 2241/4158/774 2243/5748/774 2244/4159/774
f 2247/4161/579 2248/5749/579 2252/4162/579
f 2243/4164/793 2245/4178/793 2248/4165/793
f 2242/4160/785 2247/5750/785 2246/4167/785
f 2244/4168/781 2248/5749/781 2247/4161/781
f 2241/4170/782 2246/5751/782 2245/4171/782
f 2250/4173/608 2251/5752/608 2252/4174/608
f 2245/4171/584 2246/5751/584 2250/4176/584
f 2245/4178/797 2249/5753/797 2252/4179/797
f 2247/4180/784 2251/5754/784 2250/4181/784
f 2255/4183/774 2256/5755/774 2254/4184/774
f 2259/4186/579 2260/5756/579 2264/4187/579
f 2255/4189/793 2257/4203/793 2260/4190/793
f 2253/4185/785 2254/4184/785 2259/4192/785
f 2256/4194/781 2260/5756/781 2259/4186/781
f 2255/4196/782 2253/5757/782 2258/4197/782
f 2263/4199/608 2264/5758/608 2261/4200/608
f 2258/4197/584 2262/5759/584 2261/4202/584
f 2257/4203/798 2261/5760/798 2264/4204/798
f 2259/4205/784 2263/5761/784 2262/4206/784
f 2267/4208/774 2268/5762/774 2266/4209/774
f 2271/4211/579 2272/5763/579 2276/4212/579
f 2267/4214/788 2269/4229/788 2272/4215/788
f 2265/4210/785 2266/4209/785 2271/4217/785
f 2268/4219/781 2272/5763/781 2271/4211/781
f 2265/4221/782 2270/4227/782 2269/4222/782
f 2275/4224/608 2276/5764/608 2273/4225/608
f 2270/4227/582 2274/5765/582 2273/4228/582
f 2269/4229/798 2273/5766/798 2276/4230/798
f 2271/4231/784 2275/5767/784 2274/4232/784
f 2279/4234/774 2280/5768/774 2278/4235/774
f 2283/4237/588 2284/4245/588 2288/4238/588
f 2279/4240/788 2281/4254/788 2284/4241/788
f 2278/4235/785 2283/5769/785 2282/4243/785
f 2278/4244/781 2280/5770/781 2284/4245/781
f 2277/4246/782 2282/4252/782 2281/4247/782
f 2287/4249/608 2288/4496/608 2285/4250/608
f 2282/4252/584 2286/5771/584 2285/4253/584
f 2281/4254/798 2285/5772/798 2288/4255/798
f 2283/4256/784 2287/5773/784 2286/4257/784
f 2291/4259/774 2292/5774/774 2290/4260/774
f 2295/4262/579 2296/4270/579 2300/4263/579
f 2292/4265/788 2291/5775/788 2293/4266/788
f 2290/4260/785 2295/5776/785 2294/4268/785
f 2290/4269/781 2292/5777/781 2296/4270/781
f 2291/4271/782 2289/5778/782 2294/4272/782
f 2299/4274/608 2300/5779/608 2297/4275/608
f 2294/4272/1150 2298/5780/1150 2297/4277/1150
f 2293/4266/798 2297/5781/798 2300/4278/798
f 2295/4279/784 2299/5782/784 2298/4280/784
f 2303/4282/774 2304/5783/774 2302/4283/774
f 2305/4285/798 2309/5784/798 2312/4286/798
f 2304/4288/788 2303/5785/788 2305/4285/788
f 2302/4283/785 2307/5786/785 2306/4289/785
f 2302/4290/781 2304/5787/781 2308/4291/781
f 2303/4293/782 2301/5788/782 2306/4294/782
f 2311/4296/608 2312/4030/608 2309/4297/608
f 2307/4299/784 2311/5789/784 2310/4300/784
f 2308/4291/579 2312/5790/579 2311/4302/579
f 2306/4294/584 2310/5791/584 2309/4303/584
f 2313/4304/774 2315/5792/774 2316/4305/774
f 2317/4307/797 2321/5793/797 2324/4308/797
f 2316/4310/788 2315/5794/788 2317/4307/788
f 2314/4306/785 2319/5795/785 2318/4311/785
f 2316/4312/781 2320/5796/781 2319/4313/781
f 2313/4315/782 2318/5797/782 2317/4316/782
f 2323/4318/608 2324/4151/608 2321/4319/608
f 2319/3569/784 2323/4133/784 2322/4321/784
f 2319/4313/579 2320/5796/579 2324/4323/579
f 2317/4316/582 2318/5797/582 2322/4325/582
f 2325/4327/774 2327/5798/774 2328/4328/774
f 2329/4330/797 2333/5799/797 2336/4331/797
f 2327/4333/788 2329/4330/788 2332/4332/788
f 2326/4329/785 2331/5800/785 2330/4335/785
f 2328/4336/781 2332/5801/781 2331/4337/781
f 2325/4339/782 2330/5802/782 2329/4340/782
f 2334/4342/608 2335/5803/608 2336/4343/608
f 2331/4345/784 2335/5804/784 2334/4346/784
f 2331/4337/579 2332/5801/579 2336/4348/579
f 2329/4340/584 2330/5802/584 2334/4350/584
f 2339/4352/774 2340/5805/774 2338/4353/774
f 2341/4355/797 2345/5806/797 2348/4356/797
f 2340/4358/779 2339/5807/779 2341/4355/779
f 2337/4354/785 2338/4353/785 2343/4359/785
f 2338/4361/781 2340/5808/781 2344/4362/781
f 2339/4364/782 2337/5809/782 2342/4365/782
f 2347/4367/608 2348/4107/608 2345/4368/608
f 2343/4370/784 2347/5810/784 2346/2916/784
f 2344/4362/579 2348/5811/579 2347/4372/579
f 2341/4366/584 2342/4365/584 2346/4373/584
f 2351/4375/774 2352/5812/774 2350/4376/774
f 2353/4378/797 2357/5813/797 2360/4379/797
f 2351/4381/793 2353/4378/793 2356/4380/793
f 2349/4377/785 2350/4376/785 2355/4383/785
f 2350/4384/781 2352/5814/781 2356/4385/781
f 2349/4387/782 2354/5815/782 2353/4388/782
f 2359/4390/608 2360/5816/608 2357/4391/608
f 2355/4393/784 2359/5817/784 2358/4394/784
f 2356/4385/579 2360/5818/579 2359/4396/579
f 2353/4388/584 2354/5815/584 2358/4397/584
f 2361/4399/774 2363/5819/774 2364/4400/774
f 2365/4402/797 2369/5820/797 2372/4403/797
f 2363/4405/793 2365/4402/793 2368/4404/793
f 2362/4401/785 2367/5821/785 2366/4407/785
f 2364/4408/786 2368/5822/786 2367/4409/786
f 2361/4411/782 2366/5823/782 2365/4412/782
f 2371/4414/608 2372/5824/608 2369/4415/608
f 2367/4417/784 2371/5825/784 2370/4418/784
f 2367/4409/593 2368/5822/593 2372/4420/593
f 2365/4412/582 2366/5823/582 2370/4422/582
f 2375/4424/774 2376/5826/774 2374/4425/774
f 2377/4427/797 2381/2848/797 2384/4428/797
f 2376/4430/788 2375/5827/788 2377/4427/788
f 2374/4425/785 2379/5828/785 2378/4431/785
f 2374/4432/781 2376/5829/781 2380/4433/781
f 2373/4435/782 2378/5830/782 2377/4436/782
f 2383/4438/608 2384/5831/608 2381/4439/608
f 2379/4441/784 2383/5832/784 2382/4442/784
f 2379/4434/579 2380/4433/579 2384/4444/579
f 2377/4436/587 2378/5830/587 2382/4446/587
f 2387/4448/774 2388/5833/774 2386/4449/774
f 2391/4451/588 2392/5834/588 2396/4452/588
f 2387/4454/788 2389/4468/788 2392/4455/788
f 2385/4450/785 2386/4449/785 2391/4457/785
f 2388/4459/781 2392/5834/781 2391/4451/781
f 2387/4461/782 2385/5835/782 2390/4462/782
f 2395/4464/608 2396/5836/608 2393/4465/608
f 2390/4462/584 2394/5837/584 2393/4467/584
f 2389/4468/797 2393/5838/797 2396/4469/797
f 2391/4470/784 2395/5839/784 2394/4471/784
f 2399/4473/774 2400/5840/774 2398/4474/774
f 2403/4476/579 2404/4484/579 2408/4477/579
f 2399/4479/788 2401/4493/788 2404/4480/788
f 2398/4474/785 2403/5841/785 2402/4482/785
f 2398/4483/781 2400/5842/781 2404/4484/781
f 2397/4485/782 2402/4491/782 2401/4486/782
f 2407/4488/608 2408/5843/608 2405/4489/608
f 2402/4491/582 2406/5844/582 2405/4492/582
f 2401/4493/797 2405/5845/797 2408/4494/797
f 2403/4495/784 2407/5846/784 2406/4496/784
f 2409/4498/774 2411/5847/774 2412/4499/774
f 2415/4501/579 2416/4510/579 2420/4502/579
f 2411/4504/793 2413/4518/793 2416/4505/793
f 2409/4498/780 2410/4500/780 2415/4507/780
f 2410/4509/781 2412/5848/781 2416/4510/781
f 2411/4511/782 2409/5849/782 2414/4512/782
f 2419/4514/608 2420/5850/608 2417/4515/608
f 2414/4512/584 2418/5851/584 2417/4517/584
f 2413/4518/797 2417/5852/797 2420/4519/797
f 2415/4520/784 2419/5853/784 2418/4521/784
f 2423/4523/774 2424/5854/774 2422/4524/774
f 2427/4526/579 2428/4535/579 2432/4527/579
f 2423/4529/788 2425/4543/788 2428/4530/788
f 2421/4525/785 2422/4524/785 2427/4532/785
f 2422/4534/781 2424/5855/781 2428/4535/781
f 2423/4536/782 2421/5856/782 2426/4537/782
f 2431/4539/608 2432/4369/608 2429/4540/608
f 2426/4537/584 2430/5857/584 2429/4542/584
f 2425/4543/797 2429/5858/797 2432/4544/797
f 2427/4545/784 2431/5859/784 2430/4546/784
f 2435/4548/774 2436/5860/774 2434/4549/774
f 2439/4551/1149 2440/4560/1149 2444/4552/1149
f 2435/4554/793 2437/4569/793 2440/4555/793
f 2433/4550/785 2434/4549/785 2439/4557/785
f 2434/4559/781 2436/5861/781 2440/4560/781
f 2433/4561/782 2438/5862/782 2437/4562/782
f 2443/4564/608 2444/5863/608 2441/4565/608
f 2437/4562/584 2438/5862/584 2442/4567/584
f 2437/4569/797 2441/5864/797 2444/4570/797
f 2439/4571/784 2443/5865/784 2442/4572/784
f 2445/4574/774 2447/5866/774 2448/4575/774
f 2449/4577/797 2453/5867/797 2456/4578/797
f 2447/4580/788 2449/4577/788 2452/4579/788
f 2446/4576/785 2451/4777/785 2450/4383/785
f 2448/4582/781 2452/5868/781 2451/4583/781
f 2447/4585/782 2445/5869/782 2450/4586/782
f 2455/4588/608 2456/5870/608 2453/4589/608
f 2451/4591/787 2455/5871/787 2454/4592/787
f 2451/4583/579 2452/5868/579 2456/4594/579
f 2449/4587/584 2450/4586/584 2454/4596/584
f 2457/4598/774 2459/5872/774 2460/4599/774
f 2461/593/797 2465/609/797 2468/4601/797
f 2459/4603/788 2461/593/788 2464/4602/788
f 2458/4600/785 2463/5873/785 2462/4605/785
f 2458/4606/781 2460/5874/781 2464/4607/781
f 2459/4609/782 2457/5875/782 2462/4610/782
f 2467/4612/608 2468/4276/608 2465/4613/608
f 2463/4615/799 2467/5876/799 2466/4616/799
f 2463/4608/579 2464/4607/579 2468/4618/579
f 2461/4611/584 2462/4610/584 2466/4620/584
f 2471/4622/774 2472/5877/774 2470/4623/774
f 2473/4625/797 2477/5878/797 2480/4626/797
f 2471/4628/788 2473/4625/788 2476/4627/788
f 2469/4624/785 2470/4623/785 2475/4121/785
f 2470/4631/781 2472/5879/781 2476/4632/781
f 2469/4634/782 2474/5880/782 2473/4635/782
f 2479/4637/608 2480/5881/608 2477/4638/608
f 2475/4640/787 2479/5882/787 2478/4641/787
f 2475/4633/579 2476/4632/579 2480/4642/579
f 2473/4635/584 2474/5880/584 2478/4644/584
f 2483/4646/774 2484/5883/774 2482/4647/774
f 2488/4649/579 2492/5884/579 2491/4650/579
f 2483/4652/788 2485/4666/788 2488/4653/788
f 2481/4648/780 2482/4647/780 2487/4655/780
f 2482/4657/781 2484/5885/781 2488/4649/781
f 2483/4658/782 2481/5886/782 2486/4659/782
f 2491/4661/608 2492/5887/608 2489/4662/608
f 2485/4660/584 2486/4659/584 2490/4664/584
f 2485/4666/783 2489/5888/783 2492/4667/783
f 2487/4668/784 2491/5889/784 2490/4669/784
f 2495/4671/774 2496/5890/774 2494/4672/774
f 2500/4674/579 2504/5891/579 2503/4675/579
f 2495/4677/788 2497/4691/788 2500/4678/788
f 2494/4672/785 2499/5892/785 2498/4680/785
f 2496/4681/781 2500/4674/781 2499/4676/781
f 2495/4683/782 2493/5893/782 2498/4684/782
f 2503/4686/608 2504/5894/608 2501/4687/608
f 2497/4685/584 2498/4684/584 2502/4689/584
f 2497/4691/783 2501/5895/783 2504/4692/783
f 2499/4693/784 2503/5896/784 2502/4694/784
f 2505/4696/774 2507/5897/774 2508/4697/774
f 2512/4699/588 2516/5898/588 2515/4700/588
f 2507/4702/788 2509/1045/788 2512/4703/788
f 2505/4696/780 2506/4698/780 2511/4705/780
f 2508/4707/781 2512/4699/781 2511/4701/781
f 2507/4709/782 2505/5899/782 2510/4710/782
f 2515/4712/608 2516/5900/608 2513/4713/608
f 2509/4711/584 2510/4710/584 2514/4714/584
f 2509/1045/783 2513/5901/783 2516/4716/783
f 2511/4717/784 2515/5902/784 2514/4718/784
f 2519/4720/774 2520/5903/774 2518/4721/774
f 2524/4723/588 2528/5904/588 2527/4724/588
f 2519/4726/788 2521/4740/788 2524/4727/788
f 2517/4722/785 2518/4721/785 2523/4729/785
f 2518/4731/781 2520/5905/781 2524/4723/781
f 2519/4732/782 2517/5906/782 2522/4733/782
f 2527/4735/608 2528/5907/608 2525/4736/608
f 2521/4734/584 2522/4733/584 2526/4738/584
f 2521/4740/783 2525/5908/783 2528/4741/783
f 2523/4742/784 2527/5909/784 2526/4743/784
f 2531/4745/774 2532/5910/774 2530/4746/774
f 2536/4748/579 2540/5911/579 2539/4749/579
f 2531/4751/788 2533/4766/788 2536/4752/788
f 2529/4747/785 2530/4746/785 2535/4754/785
f 2532/4756/781 2536/4748/781 2535/4750/781
f 2529/4758/782 2534/5912/782 2533/4759/782
f 2539/4761/608 2540/5913/608 2537/4762/608
f 2533/4759/584 2534/5912/584 2538/4764/584
f 2533/4766/783 2537/5914/783 2540/4767/783
f 2535/4768/784 2539/5915/784 2538/4769/784
f 2543/4771/774 2544/5916/774 2542/4772/774
f 2545/4774/783 2549/5917/783 2552/4775/783
f 2543/3236/788 2545/4774/788 2548/4776/788
f 2542/4772/790 2547/5918/790 2546/4777/790
f 2544/4778/781 2548/4790/781 2547/4779/781
f 2543/4781/782 2541/5919/782 2546/4782/782
f 2551/4784/608 2552/5920/608 2549/4785/608
f 2547/4787/784 2551/5921/784 2550/4788/784
f 2548/4790/579 2552/5922/579 2551/4791/579
f 2545/4783/582 2546/4782/582 2550/4792/582
f 2555/4794/774 2556/5923/774 2554/4795/774
f 2557/4797/783 2561/5924/783 2564/4798/783
f 2555/4799/779 2557/4797/779 2560/4355/779
f 2553/4796/785 2554/4795/785 2559/4801/785
f 2556/4803/781 2560/4815/781 2559/4804/781
f 2555/4806/782 2553/5925/782 2558/4807/782
f 2562/4809/608 2563/5926/608 2564/4810/608
f 2559/4812/784 2563/5927/784 2562/4813/784
f 2560/4815/593 2564/5928/593 2563/4816/593
f 2557/4808/584 2558/4807/584 2562/4817/584
f 2567/4819/774 2568/5929/774 2566/4820/774
f 2569/4822/783 2573/5930/783 2576/4823/783
f 2567/4825/788 2569/4822/788 2572/4824/788
f 2565/4821/785 2566/4820/785 2571/4827/785
f 2568/4829/781 2572/4841/781 2571/4830/781
f 2567/4832/782 2565/5931/782 2570/4833/782
f 2575/4835/608 2576/5932/608 2573/4836/608
f 2571/4838/784 2575/5933/784 2574/4839/784
f 2572/4841/579 2576/5934/579 2575/4842/579
f 2569/4834/584 2570/4833/584 2574/4843/584
f 2579/4845/774 2578/5935/774 2577/4846/774
f 2577/4846/774 2584/5936/774 2583/4847/774
f 2583/4847/774 2582/5937/774 2581/5938/774
f 2581/5938/774 2580/5939/774 2583/4847/774
f 2580/5939/774 2579/4845/774 2583/4847/774
f 2002/3666/1261 1990/5940/1261 2581/4848/1261
f 1978/4850/801 2580/5941/801 2581/4851/801
f 1966/4853/802 2579/4860/802 2580/4854/802
f 2026/4856/803 2584/4862/803 2577/4857/803
f 1966/4853/804 1954/5942/804 2578/4859/804
f 2014/4861/805 2583/5943/805 2584/4862/805
f 1954/4863/806 1943/4858/806 2577/4857/806
