# Blender 5.0.1
# www.blender.org
mtllib sm6_booster.mtl
o sm6_booster
v -0.203200 11.840166 -147.504013
v -0.203200 11.840168 -101.372169
v 0.374244 11.825992 -147.504013
v 0.374244 11.825994 -101.372169
v 0.950298 11.783498 -147.504013
v 0.950298 11.783500 -101.372169
v 1.523572 11.712791 -147.504013
v 1.523572 11.712793 -101.372169
v 2.092686 11.614040 -147.504013
v 2.092686 11.614042 -101.372169
v 2.656271 11.487484 -147.504013
v 2.656271 11.487486 -101.372169
v 3.212965 11.333426 -147.504013
v 3.212965 11.333427 -101.372169
v 3.761429 11.152238 -147.504013
v 3.761429 11.152240 -101.372169
v 4.300344 10.944355 -147.504013
v 4.300344 10.944357 -101.372169
v 4.828408 10.710280 -147.504013
v 4.828408 10.710282 -101.372169
v 5.344351 10.450576 -147.504013
v 5.344351 10.450578 -101.372169
v 5.846929 10.165871 -147.504013
v 5.846929 10.165872 -101.372169
v 6.334932 9.856846 -147.504013
v 6.334932 9.856848 -101.372169
v 6.807185 9.524248 -147.504013
v 6.807185 9.524250 -101.372169
v 7.262548 9.168879 -147.504013
v 7.262548 9.168880 -101.372169
v 7.699926 8.791595 -147.504013
v 7.699926 8.791596 -101.372169
v 8.118263 8.393303 -147.504013
v 8.118263 8.393305 -101.372169
v 8.516556 7.974965 -147.504013
v 8.516556 7.974967 -101.372169
v 8.893839 7.537587 -147.504013
v 8.893839 7.537589 -101.372169
v 9.249208 7.082225 -147.504013
v 9.249208 7.082226 -101.372169
v 9.581806 6.609973 -147.504013
v 9.581806 6.609974 -101.372169
v 9.890831 6.121969 -147.504013
v 9.890831 6.121971 -101.372169
v 10.175537 5.619391 -147.504013
v 10.175537 5.619392 -101.372169
v 10.435242 5.103449 -147.504013
v 10.435242 5.103450 -101.372169
v 10.669315 4.575384 -147.504013
v 10.669315 4.575386 -101.372169
v 10.877199 4.036470 -147.504013
v 10.877199 4.036471 -101.372169
v 11.058386 3.488005 -147.504013
v 11.058386 3.488007 -101.372169
v 11.212444 2.931310 -147.504013
v 11.212444 2.931312 -101.372169
v 11.339001 2.367727 -147.504013
v 11.339001 2.367728 -101.372169
v 11.437752 1.798613 -147.504013
v 11.437752 1.798614 -101.372169
v 11.508459 1.225338 -147.504013
v 11.508459 1.225339 -101.372169
v 11.550951 0.649284 -147.504013
v 11.550951 0.649286 -101.372169
v 11.565126 0.071840 -147.504013
v 11.565126 0.071841 -101.372169
v 11.550951 -0.505605 -147.504013
v 11.550951 -0.505603 -101.372169
v 11.508459 -1.081658 -147.504013
v 11.508459 -1.081656 -101.372169
v 11.437752 -1.654932 -147.504013
v 11.437752 -1.654931 -101.372169
v 11.339001 -2.224046 -147.504013
v 11.339001 -2.224045 -101.372169
v 11.212444 -2.787630 -147.504013
v 11.212444 -2.787629 -101.372169
v 11.058386 -3.344325 -147.504013
v 11.058386 -3.344324 -101.372169
v 10.877199 -3.892790 -147.504013
v 10.877199 -3.892789 -101.372169
v 10.669315 -4.431704 -147.504013
v 10.669315 -4.431703 -101.372169
v 10.435242 -4.959768 -147.504013
v 10.435242 -4.959766 -101.372169
v 10.175537 -5.475711 -147.504013
v 10.175537 -5.475710 -101.372169
v 9.890831 -5.978290 -147.504013
v 9.890831 -5.978288 -101.372169
v 9.581806 -6.466292 -147.504013
v 9.581806 -6.466291 -101.372169
v 9.249208 -6.938544 -147.504013
v 9.249208 -6.938543 -101.372169
v 8.893839 -7.393908 -147.504013
v 8.893839 -7.393907 -101.372169
v 8.516556 -7.831285 -147.504013
v 8.516556 -7.831285 -101.372169
v 8.118263 -8.249624 -147.504013
v 8.118263 -8.249622 -101.372169
v 7.699926 -8.647917 -147.504013
v 7.699926 -8.647915 -101.372169
v 7.262548 -9.025200 -147.504013
v 7.262548 -9.025198 -101.372169
v 6.807185 -9.380570 -147.504013
v 6.807185 -9.380569 -101.372169
v 6.334932 -9.713168 -147.504013
v 6.334932 -9.713166 -101.372169
v 5.846929 -10.022192 -147.504013
v 5.846929 -10.022190 -101.372169
v 5.344351 -10.306898 -147.504013
v 5.344351 -10.306896 -101.372169
v 4.828408 -10.566603 -147.504013
v 4.828408 -10.566601 -101.372169
v 4.300344 -10.800677 -147.504013
v 4.300344 -10.800675 -101.372169
v 3.761429 -11.008560 -147.504013
v 3.761429 -11.008558 -101.372169
v 3.212965 -11.189748 -147.504013
v 3.212965 -11.189746 -101.372169
v 2.656271 -11.343806 -147.504013
v 2.656271 -11.343804 -101.372169
v 2.092686 -11.470363 -147.504013
v 2.092686 -11.470361 -101.372169
v 1.523572 -11.569114 -147.504013
v 1.523572 -11.569112 -101.372169
v 0.950298 -11.639820 -147.504013
v 0.950298 -11.639818 -101.372169
v 0.374244 -11.682314 -147.504013
v 0.374244 -11.682312 -101.372169
v -0.203200 -11.696488 -147.504013
v -0.203200 -11.696486 -101.372169
v -0.780645 -11.682314 -147.504013
v -0.780645 -11.682312 -101.372169
v -1.356698 -11.639820 -147.504013
v -1.356698 -11.639818 -101.372169
v -1.929972 -11.569114 -147.504013
v -1.929972 -11.569112 -101.372169
v -2.499087 -11.470363 -147.504013
v -2.499087 -11.470361 -101.372169
v -3.062671 -11.343806 -147.504013
v -3.062671 -11.343804 -101.372169
v -3.619365 -11.189748 -147.504013
v -3.619365 -11.189746 -101.372169
v -4.167830 -11.008560 -147.504013
v -4.167830 -11.008558 -101.372169
v -4.706744 -10.800677 -147.504013
v -4.706744 -10.800675 -101.372169
v -5.234809 -10.566603 -147.504013
v -5.234809 -10.566601 -101.372169
v -5.750751 -10.306898 -147.504013
v -5.750751 -10.306896 -101.372169
v -6.253330 -10.022192 -147.504013
v -6.253330 -10.022190 -101.372169
v -6.741333 -9.713168 -147.504013
v -6.741333 -9.713166 -101.372169
v -7.213585 -9.380570 -147.504013
v -7.213585 -9.380569 -101.372169
v -7.668948 -9.025200 -147.504013
v -7.668948 -9.025198 -101.372169
v -8.106326 -8.647917 -147.504013
v -8.106326 -8.647915 -101.372169
v -8.524664 -8.249624 -147.504013
v -8.524664 -8.249622 -101.372169
v -8.922956 -7.831285 -147.504013
v -8.922956 -7.831285 -101.372169
v -9.300240 -7.393908 -147.504013
v -9.300240 -7.393907 -101.372169
v -9.655609 -6.938544 -147.504013
v -9.655609 -6.938543 -101.372169
v -9.988207 -6.466292 -147.504013
v -9.988207 -6.466291 -101.372169
v -10.297232 -5.978290 -147.504013
v -10.297232 -5.978288 -101.372169
v -10.581938 -5.475711 -147.504013
v -10.581938 -5.475710 -101.372169
v -10.841642 -4.959768 -147.504013
v -10.841642 -4.959766 -101.372169
v -11.075716 -4.431704 -147.504013
v -11.075716 -4.431703 -101.372169
v -11.283599 -3.892790 -147.504013
v -11.283599 -3.892789 -101.372169
v -11.464787 -3.344325 -147.504013
v -11.464787 -3.344324 -101.372169
v -11.618845 -2.787630 -147.504013
v -11.618845 -2.787629 -101.372169
v -11.745401 -2.224046 -147.504013
v -11.745401 -2.224045 -101.372169
v -11.844152 -1.654932 -147.504013
v -11.844152 -1.654931 -101.372169
v -11.914860 -1.081658 -147.504013
v -11.914860 -1.081656 -101.372169
v -11.957353 -0.505605 -147.504013
v -11.957353 -0.505603 -101.372169
v -11.971527 0.071840 -147.504013
v -11.971527 0.071841 -101.372169
v -11.957353 0.649284 -147.504013
v -11.957353 0.649286 -101.372169
v -11.914860 1.225338 -147.504013
v -11.914860 1.225339 -101.372169
v -11.844152 1.798613 -147.504013
v -11.844152 1.798614 -101.372169
v -11.745401 2.367727 -147.504013
v -11.745401 2.367728 -101.372169
v -11.618845 2.931310 -147.504013
v -11.618845 2.931312 -101.372169
v -11.464787 3.488005 -147.504013
v -11.464787 3.488007 -101.372169
v -11.283599 4.036470 -147.504013
v -11.283599 4.036471 -101.372169
v -11.075716 4.575384 -147.504013
v -11.075716 4.575386 -101.372169
v -10.841642 5.103449 -147.504013
v -10.841642 5.103450 -101.372169
v -10.581938 5.619391 -147.504013
v -10.581938 5.619392 -101.372169
v -10.297232 6.121969 -147.504013
v -10.297232 6.121971 -101.372169
v -9.988207 6.609973 -147.504013
v -9.988207 6.609974 -101.372169
v -9.655609 7.082225 -147.504013
v -9.655609 7.082226 -101.372169
v -9.300240 7.537587 -147.504013
v -9.300240 7.537589 -101.372169
v -8.922956 7.974965 -147.504013
v -8.922956 7.974967 -101.372169
v -8.524664 8.393303 -147.504013
v -8.524664 8.393305 -101.372169
v -8.106326 8.791595 -147.504013
v -8.106326 8.791596 -101.372169
v -7.668948 9.168879 -147.504013
v -7.668948 9.168880 -101.372169
v -7.213585 9.524248 -147.504013
v -7.213585 9.524250 -101.372169
v -6.741333 9.856846 -147.504013
v -6.741333 9.856848 -101.372169
v -6.253330 10.165871 -147.504013
v -6.253330 10.165872 -101.372169
v -5.750751 10.450576 -147.504013
v -5.750751 10.450578 -101.372169
v -5.234809 10.710280 -147.504013
v -5.234809 10.710282 -101.372169
v -4.706744 10.944355 -147.504013
v -4.706744 10.944357 -101.372169
v -4.167830 11.152238 -147.504013
v -4.167830 11.152240 -101.372169
v -3.619365 11.333426 -147.504013
v -3.619365 11.333427 -101.372169
v -3.062671 11.487484 -147.504013
v -3.062671 11.487486 -101.372169
v -2.499087 11.614040 -147.504013
v -2.499087 11.614042 -101.372169
v -1.929972 11.712791 -147.504013
v -1.929972 11.712793 -101.372169
v -1.356698 11.783498 -147.504013
v -1.356698 11.783500 -101.372169
v -0.780645 11.825992 -147.504013
v -0.780645 11.825994 -101.372169
v -0.203200 11.840167 -124.438095
v -0.203200 8.898087 -104.667297
v 0.374244 11.825993 -124.438095
v 0.229883 8.887455 -104.667297
v 0.950298 11.783499 -124.438095
v 0.661923 8.855584 -104.667297
v 1.523572 11.712792 -124.438095
v 1.091878 8.802556 -104.667297
v 2.092686 11.614041 -124.438095
v 1.518715 8.728492 -104.667297
v 2.656271 11.487485 -124.438095
v 1.941402 8.633574 -104.667297
v 3.212965 11.333426 -124.438095
v 2.358923 8.518031 -104.667297
v 3.761429 11.152239 -124.438095
v 2.770273 8.382139 -104.667297
v 4.300344 10.944356 -124.438095
v 3.174458 8.226228 -104.667297
v 4.828408 10.710281 -124.438095
v 3.570506 8.050673 -104.667297
v 5.344351 10.450577 -124.438095
v 3.957464 7.855894 -104.667297
v 5.846929 10.165871 -124.438095
v 4.334397 7.642364 -104.667297
v 6.334932 9.856847 -124.438095
v 4.700399 7.410596 -104.667297
v 6.807185 9.524249 -124.438095
v 5.054588 7.161148 -104.667297
v 7.262548 9.168880 -124.438095
v 5.396112 6.894621 -104.667297
v 7.699926 8.791595 -124.438095
v 5.724144 6.611658 -104.667297
v 8.118263 8.393304 -124.438095
v 6.037898 6.312940 -104.667297
v 8.516556 7.974966 -124.438095
v 6.336617 5.999186 -104.667297
v 8.893839 7.537588 -124.438095
v 6.619580 5.671153 -104.667297
v 9.249208 7.082226 -124.438095
v 6.886107 5.329629 -104.667297
v 9.581806 6.609974 -124.438095
v 7.135555 4.975441 -104.667297
v 9.890831 6.121970 -124.438095
v 7.367322 4.609439 -104.667297
v 10.175537 5.619392 -124.438095
v 7.580852 4.232505 -104.667297
v 10.435242 5.103450 -124.438095
v 7.775630 3.845547 -104.667297
v 10.669315 4.575385 -124.438095
v 7.951187 3.449499 -104.667297
v 10.877199 4.036470 -124.438095
v 8.107098 3.045314 -104.667297
v 11.058386 3.488006 -124.438095
v 8.242990 2.633965 -104.667297
v 11.212444 2.931311 -124.438095
v 8.358532 2.216444 -104.667297
v 11.339001 2.367727 -124.438095
v 8.453451 1.793756 -104.667297
v 11.437752 1.798613 -124.438095
v 8.527515 1.366920 -104.667297
v 11.508459 1.225339 -124.438095
v 8.580544 0.936965 -104.667297
v 11.550951 0.649285 -124.438095
v 8.612413 0.504925 -104.667297
v 11.565126 0.071841 -124.438095
v 8.623045 0.071841 -104.667297
v 11.550951 -0.505604 -124.438095
v 8.612413 -0.361242 -104.667297
v 11.508459 -1.081657 -124.438095
v 8.580544 -0.793282 -104.667297
v 11.437752 -1.654931 -124.438095
v 8.527515 -1.223238 -104.667297
v 11.339001 -2.224046 -124.438095
v 8.453451 -1.650074 -104.667297
v 11.212444 -2.787630 -124.438095
v 8.358532 -2.072762 -104.667297
v 11.058386 -3.344324 -124.438095
v 8.242990 -2.490282 -104.667297
v 10.877199 -3.892789 -124.438095
v 8.107098 -2.901631 -104.667297
v 10.669315 -4.431704 -124.438095
v 7.951187 -3.305816 -104.667297
v 10.435242 -4.959767 -124.438095
v 7.775630 -3.701865 -104.667297
v 10.175537 -5.475710 -124.438095
v 7.580852 -4.088821 -104.667297
v 9.890831 -5.978289 -124.438095
v 7.367322 -4.465755 -104.667297
v 9.581806 -6.466291 -124.438095
v 7.135555 -4.831758 -104.667297
v 9.249208 -6.938543 -124.438095
v 6.886107 -5.185946 -104.667297
v 8.893839 -7.393907 -124.438095
v 6.619580 -5.527470 -104.667297
v 8.516556 -7.831285 -124.438095
v 6.336617 -5.855503 -104.667297
v 8.118263 -8.249623 -124.438095
v 6.037898 -6.169256 -104.667297
v 7.699926 -8.647916 -124.438095
v 5.724144 -6.467975 -104.667297
v 7.262548 -9.025199 -124.438095
v 5.396112 -6.750938 -104.667297
v 6.807185 -9.380569 -124.438095
v 5.054588 -7.017465 -104.667297
v 6.334932 -9.713167 -124.438095
v 4.700399 -7.266913 -104.667297
v 5.846929 -10.022191 -124.438095
v 4.334397 -7.498681 -104.667297
v 5.344351 -10.306897 -124.438095
v 3.957464 -7.712211 -104.667297
v 4.828408 -10.566602 -124.438095
v 3.570506 -7.906990 -104.667297
v 4.300344 -10.800676 -124.438095
v 3.174458 -8.082545 -104.667297
v 3.761429 -11.008559 -124.438095
v 2.770273 -8.238457 -104.667297
v 3.212965 -11.189747 -124.438095
v 2.358923 -8.374349 -104.667297
v 2.656271 -11.343805 -124.438095
v 1.941402 -8.489892 -104.667297
v 2.092686 -11.470362 -124.438095
v 1.518715 -8.584809 -104.667297
v 1.523572 -11.569113 -124.438095
v 1.091878 -8.658874 -104.667297
v 0.950298 -11.639819 -124.438095
v 0.661923 -8.711903 -104.667297
v 0.374244 -11.682313 -124.438095
v 0.229883 -8.743773 -104.667297
v -0.203200 -11.696487 -124.438095
v -0.203200 -8.754404 -104.667297
v -0.780645 -11.682313 -124.438095
v -0.636283 -8.743773 -104.667297
v -1.356698 -11.639819 -124.438095
v -1.068323 -8.711903 -104.667297
v -1.929972 -11.569113 -124.438095
v -1.498279 -8.658874 -104.667297
v -2.499087 -11.470362 -124.438095
v -1.925116 -8.584809 -104.667297
v -3.062671 -11.343805 -124.438095
v -2.347803 -8.489892 -104.667297
v -3.619365 -11.189747 -124.438095
v -2.765324 -8.374349 -104.667297
v -4.167830 -11.008559 -124.438095
v -3.176673 -8.238457 -104.667297
v -4.706744 -10.800676 -124.438095
v -3.580858 -8.082545 -104.667297
v -5.234809 -10.566602 -124.438095
v -3.976906 -7.906990 -104.667297
v -5.750751 -10.306897 -124.438095
v -4.363864 -7.712211 -104.667297
v -6.253330 -10.022191 -124.438095
v -4.740798 -7.498681 -104.667297
v -6.741333 -9.713167 -124.438095
v -5.106800 -7.266913 -104.667297
v -7.213585 -9.380569 -124.438095
v -5.460988 -7.017465 -104.667297
v -7.668948 -9.025199 -124.438095
v -5.802512 -6.750938 -104.667297
v -8.106326 -8.647916 -124.438095
v -6.130545 -6.467975 -104.667297
v -8.524664 -8.249623 -124.438095
v -6.444298 -6.169256 -104.667297
v -8.922956 -7.831285 -124.438095
v -6.743017 -5.855503 -104.667297
v -9.300240 -7.393907 -124.438095
v -7.025980 -5.527470 -104.667297
v -9.655609 -6.938543 -124.438095
v -7.292507 -5.185946 -104.667297
v -9.988207 -6.466291 -124.438095
v -7.541955 -4.831758 -104.667297
v -10.297232 -5.978289 -124.438095
v -7.773723 -4.465755 -104.667297
v -10.581938 -5.475710 -124.438095
v -7.987253 -4.088821 -104.667297
v -10.841642 -4.959767 -124.438095
v -8.182032 -3.701865 -104.667297
v -11.075716 -4.431704 -124.438095
v -8.357587 -3.305816 -104.667297
v -11.283599 -3.892789 -124.438095
v -8.513498 -2.901631 -104.667297
v -11.464787 -3.344324 -124.438095
v -8.649390 -2.490282 -104.667297
v -11.618845 -2.787630 -124.438095
v -8.764934 -2.072762 -104.667297
v -11.745401 -2.224046 -124.438095
v -8.859851 -1.650074 -104.667297
v -11.844152 -1.654931 -124.438095
v -8.933915 -1.223238 -104.667297
v -11.914860 -1.081657 -124.438095
v -8.986944 -0.793282 -104.667297
v -11.957353 -0.505604 -124.438095
v -9.018814 -0.361242 -104.667297
v -11.971527 0.071841 -124.438095
v -9.029446 0.071841 -104.667297
v -11.957353 0.649285 -124.438095
v -9.018814 0.504925 -104.667297
v -11.914860 1.225339 -124.438095
v -8.986944 0.936965 -104.667297
v -11.844152 1.798613 -124.438095
v -8.933915 1.366920 -104.667297
v -11.745401 2.367727 -124.438095
v -8.859851 1.793756 -104.667297
v -11.618845 2.931311 -124.438095
v -8.764934 2.216444 -104.667297
v -11.464787 3.488006 -124.438095
v -8.649390 2.633965 -104.667297
v -11.283599 4.036470 -124.438095
v -8.513498 3.045314 -104.667297
v -11.075716 4.575385 -124.438095
v -8.357587 3.449499 -104.667297
v -10.841642 5.103450 -124.438095
v -8.182032 3.845547 -104.667297
v -10.581938 5.619392 -124.438095
v -7.987253 4.232505 -104.667297
v -10.297232 6.121970 -124.438095
v -7.773723 4.609439 -104.667297
v -9.988207 6.609974 -124.438095
v -7.541955 4.975441 -104.667297
v -9.655609 7.082226 -124.438095
v -7.292507 5.329629 -104.667297
v -9.300240 7.537588 -124.438095
v -7.025980 5.671153 -104.667297
v -8.922956 7.974966 -124.438095
v -6.743017 5.999186 -104.667297
v -8.524664 8.393304 -124.438095
v -6.444298 6.312940 -104.667297
v -8.106326 8.791595 -124.438095
v -6.130545 6.611658 -104.667297
v -7.668948 9.168880 -124.438095
v -5.802512 6.894621 -104.667297
v -7.213585 9.524249 -124.438095
v -5.460988 7.161148 -104.667297
v -6.741333 9.856847 -124.438095
v -5.106800 7.410596 -104.667297
v -6.253330 10.165871 -124.438095
v -4.740798 7.642364 -104.667297
v -5.750751 10.450577 -124.438095
v -4.363864 7.855894 -104.667297
v -5.234809 10.710281 -124.438095
v -3.976906 8.050673 -104.667297
v -4.706744 10.944356 -124.438095
v -3.580858 8.226228 -104.667297
v -4.167830 11.152239 -124.438095
v -3.176673 8.382139 -104.667297
v -3.619365 11.333426 -124.438095
v -2.765324 8.518031 -104.667297
v -3.062671 11.487485 -124.438095
v -2.347803 8.633574 -104.667297
v -2.499087 11.614041 -124.438095
v -1.925116 8.728492 -104.667297
v -1.929972 11.712792 -124.438095
v -1.498279 8.802556 -104.667297
v -1.356698 11.783499 -124.438095
v -1.068323 8.855584 -104.667297
v -0.780645 11.825993 -124.438095
v -0.636283 8.887455 -104.667297
v 0.085522 5.948918 -98.128922
v -0.203200 5.956005 -98.128922
v 0.373549 5.927671 -98.128922
v 0.660186 5.892319 -98.128922
v 0.944743 5.842943 -98.128922
v 1.226535 5.779665 -98.128922
v 1.504882 5.702636 -98.128922
v 1.779115 5.612041 -98.128922
v 2.048572 5.508101 -98.128922
v 2.312604 5.391063 -98.128922
v 2.570575 5.261210 -98.128922
v 2.821865 5.118857 -98.128922
v 3.065866 4.964345 -98.128922
v 3.301992 4.798046 -98.128922
v 3.529674 4.620361 -98.128922
v 3.748362 4.431720 -98.128922
v 3.957532 4.232574 -98.128922
v 4.156678 4.023404 -98.128922
v 4.345319 3.804716 -98.128922
v 4.523004 3.577034 -98.128922
v 4.689303 3.340907 -98.128922
v 4.843816 3.096906 -98.128922
v 4.986167 2.845617 -98.128922
v 5.116020 2.587645 -98.128922
v 5.233057 2.323614 -98.128922
v 5.336999 2.054157 -98.128922
v 5.427594 1.779924 -98.128922
v 5.504623 1.501577 -98.128922
v 5.567900 1.219785 -98.128922
v 5.617277 0.935228 -98.128922
v 5.652629 0.648590 -98.128922
v 5.673875 0.360564 -98.128922
v 5.680964 0.071842 -98.128922
v 5.673875 -0.216881 -98.128922
v 5.652629 -0.504907 -98.128922
v 5.617277 -0.791545 -98.128922
v 5.567900 -1.076102 -98.128922
v 5.504623 -1.357894 -98.128922
v 5.427594 -1.636241 -98.128922
v 5.336999 -1.910473 -98.128922
v 5.233057 -2.179931 -98.128922
v 5.116020 -2.443963 -98.128922
v 4.986167 -2.701934 -98.128922
v 4.843816 -2.953223 -98.128922
v 4.689303 -3.197225 -98.128922
v 4.523004 -3.433351 -98.128922
v 4.345319 -3.661033 -98.128922
v 4.156678 -3.879721 -98.128922
v 3.957532 -4.088891 -98.128922
v 3.748362 -4.288036 -98.128922
v 3.529674 -4.476678 -98.128922
v 3.301992 -4.654364 -98.128922
v 3.065866 -4.820662 -98.128922
v 2.821865 -4.975174 -98.128922
v 2.570575 -5.117527 -98.128922
v 2.312604 -5.247378 -98.128922
v 2.048572 -5.364416 -98.128922
v 1.779115 -5.468357 -98.128922
v 1.504882 -5.558951 -98.128922
v 1.226535 -5.635981 -98.128922
v 0.944743 -5.699259 -98.128922
v 0.660186 -5.748634 -98.128922
v 0.373549 -5.783988 -98.128922
v 0.085522 -5.805234 -98.128922
v -0.203200 -5.812322 -98.128922
v -0.491922 -5.805234 -98.128922
v -0.779949 -5.783988 -98.128922
v -1.066586 -5.748634 -98.128922
v -1.351144 -5.699259 -98.128922
v -1.632936 -5.635981 -98.128922
v -1.911283 -5.558951 -98.128922
v -2.185515 -5.468357 -98.128922
v -2.454973 -5.364416 -98.128922
v -2.719004 -5.247378 -98.128922
v -2.976976 -5.117527 -98.128922
v -3.228265 -4.975174 -98.128922
v -3.472267 -4.820662 -98.128922
v -3.708392 -4.654364 -98.128922
v -3.936074 -4.476678 -98.128922
v -4.154763 -4.288036 -98.128922
v -4.363933 -4.088891 -98.128922
v -4.563078 -3.879721 -98.128922
v -4.751720 -3.661033 -98.128922
v -4.929405 -3.433351 -98.128922
v -5.095704 -3.197225 -98.128922
v -5.250216 -2.953223 -98.128922
v -5.392569 -2.701934 -98.128922
v -5.522421 -2.443963 -98.128922
v -5.639458 -2.179931 -98.128922
v -5.743400 -1.910473 -98.128922
v -5.833994 -1.636241 -98.128922
v -5.911023 -1.357894 -98.128922
v -5.974301 -1.076102 -98.128922
v -6.023677 -0.791545 -98.128922
v -6.059030 -0.504907 -98.128922
v -6.080276 -0.216881 -98.128922
v -6.087364 0.071842 -98.128922
v -6.080276 0.360564 -98.128922
v -6.059030 0.648590 -98.128922
v -6.023677 0.935228 -98.128922
v -5.974301 1.219785 -98.128922
v -5.911023 1.501577 -98.128922
v -5.833994 1.779924 -98.128922
v -5.743400 2.054157 -98.128922
v -5.639458 2.323614 -98.128922
v -5.522421 2.587645 -98.128922
v -5.392569 2.845617 -98.128922
v -5.250216 3.096906 -98.128922
v -5.095704 3.340907 -98.128922
v -4.929405 3.577034 -98.128922
v -4.751720 3.804716 -98.128922
v -4.563078 4.023404 -98.128922
v -4.363933 4.232574 -98.128922
v -4.154763 4.431720 -98.128922
v -3.936074 4.620361 -98.128922
v -3.708392 4.798046 -98.128922
v -3.472267 4.964345 -98.128922
v -3.228265 5.118857 -98.128922
v -2.976976 5.261210 -98.128922
v -2.719004 5.391063 -98.128922
v -2.454973 5.508101 -98.128922
v -2.185515 5.612041 -98.128922
v -1.911283 5.702636 -98.128922
v -1.632936 5.779665 -98.128922
v -1.351144 5.842943 -98.128922
v -1.066586 5.892319 -98.128922
v -0.779949 5.927671 -98.128922
v -0.491922 5.948918 -98.128922
v -0.203200 11.067966 -148.671585
v -0.203200 11.067966 -147.590485
v 0.336354 11.054721 -148.671585
v 0.336354 11.054721 -147.590485
v 0.874609 11.015018 -148.671585
v 0.874609 11.015018 -147.590485
v 1.410266 10.948949 -148.671585
v 1.410266 10.948949 -147.590485
v 1.942038 10.856678 -148.671585
v 1.942038 10.856678 -147.590485
v 2.468641 10.738426 -148.671585
v 2.468641 10.738426 -147.590485
v 2.988807 10.594477 -148.671585
v 2.988807 10.594477 -147.590485
v 3.501283 10.425177 -148.671585
v 3.501283 10.425177 -147.590485
v 4.004836 10.230935 -148.671585
v 4.004836 10.230935 -147.590485
v 4.498250 10.012220 -148.671585
v 4.498250 10.012220 -147.590485
v 4.980339 9.769557 -148.671585
v 4.980339 9.769557 -147.590485
v 5.449938 9.503531 -148.671585
v 5.449938 9.503531 -147.590485
v 5.905921 9.214785 -148.671585
v 5.905921 9.214785 -147.590485
v 6.347185 8.904011 -148.671585
v 6.347185 8.904011 -147.590485
v 6.772670 8.571959 -148.671585
v 6.772670 8.571959 -147.590485
v 7.181347 8.219431 -148.671585
v 7.181347 8.219431 -147.590485
v 7.572236 7.847276 -148.671585
v 7.572236 7.847276 -147.590485
v 7.944392 7.456388 -148.671585
v 7.944392 7.456388 -147.590485
v 8.296921 7.047710 -148.671585
v 8.296921 7.047710 -147.590485
v 8.628971 6.622225 -148.671585
v 8.628971 6.622225 -147.590485
v 8.939745 6.180961 -148.671585
v 8.939745 6.180961 -147.590485
v 9.228493 5.724979 -148.671585
v 9.228493 5.724979 -147.590485
v 9.494518 5.255379 -148.671585
v 9.494518 5.255379 -147.590485
v 9.737181 4.773291 -148.671585
v 9.737181 4.773291 -147.590485
v 9.955896 4.279876 -148.671585
v 9.955896 4.279876 -147.590485
v 10.150137 3.776324 -148.671585
v 10.150137 3.776324 -147.590485
v 10.319437 3.263847 -148.671585
v 10.319437 3.263847 -147.590485
v 10.463387 2.743681 -148.671585
v 10.463387 2.743681 -147.590485
v 10.581638 2.217078 -148.671585
v 10.581638 2.217078 -147.590485
v 10.673910 1.685307 -148.671585
v 10.673910 1.685307 -147.590485
v 10.739979 1.149649 -148.671585
v 10.739979 1.149649 -147.590485
v 10.779680 0.611395 -148.671585
v 10.779680 0.611395 -147.590485
v 10.792927 0.071840 -148.671585
v 10.792927 0.071840 -147.590485
v 10.779680 -0.467714 -148.671585
v 10.779680 -0.467714 -147.590485
v 10.739979 -1.005969 -148.671585
v 10.739979 -1.005969 -147.590485
v 10.673910 -1.541627 -148.671585
v 10.673910 -1.541627 -147.590485
v 10.581638 -2.073398 -148.671585
v 10.581638 -2.073398 -147.590485
v 10.463387 -2.600001 -148.671585
v 10.463387 -2.600001 -147.590485
v 10.319437 -3.120167 -148.671585
v 10.319437 -3.120167 -147.590485
v 10.150137 -3.632644 -148.671585
v 10.150137 -3.632644 -147.590485
v 9.955896 -4.136196 -148.671585
v 9.955896 -4.136196 -147.590485
v 9.737181 -4.629610 -148.671585
v 9.737181 -4.629610 -147.590485
v 9.494518 -5.111698 -148.671585
v 9.494518 -5.111698 -147.590485
v 9.228493 -5.581299 -148.671585
v 9.228493 -5.581299 -147.590485
v 8.939745 -6.037281 -148.671585
v 8.939745 -6.037281 -147.590485
v 8.628971 -6.478545 -148.671585
v 8.628971 -6.478545 -147.590485
v 8.296921 -6.904030 -148.671585
v 8.296921 -6.904030 -147.590485
v 7.944392 -7.312708 -148.671585
v 7.944392 -7.312708 -147.590485
v 7.572236 -7.703595 -148.671585
v 7.572236 -7.703595 -147.590485
v 7.181347 -8.075752 -148.671585
v 7.181347 -8.075752 -147.590485
v 6.772670 -8.428280 -148.671585
v 6.772670 -8.428280 -147.590485
v 6.347185 -8.760332 -148.671585
v 6.347185 -8.760332 -147.590485
v 5.905921 -9.071106 -148.671585
v 5.905921 -9.071106 -147.590485
v 5.449938 -9.359854 -148.671585
v 5.449938 -9.359854 -147.590485
v 4.980339 -9.625879 -148.671585
v 4.980339 -9.625879 -147.590485
v 4.498250 -9.868543 -148.671585
v 4.498250 -9.868543 -147.590485
v 4.004836 -10.087257 -148.671585
v 4.004836 -10.087257 -147.590485
v 3.501283 -10.281499 -148.671585
v 3.501283 -10.281499 -147.590485
v 2.988807 -10.450799 -148.671585
v 2.988807 -10.450799 -147.590485
v 2.468641 -10.594748 -148.671585
v 2.468641 -10.594748 -147.590485
v 1.942038 -10.713000 -148.671585
v 1.942038 -10.713000 -147.590485
v 1.410266 -10.805271 -148.671585
v 1.410266 -10.805271 -147.590485
v 0.874609 -10.871339 -148.671585
v 0.874609 -10.871339 -147.590485
v 0.336354 -10.911042 -148.671585
v 0.336354 -10.911042 -147.590485
v -0.203200 -10.924288 -148.671585
v -0.203200 -10.924288 -147.590485
v -0.742755 -10.911042 -148.671585
v -0.742755 -10.911042 -147.590485
v -1.281009 -10.871339 -148.671585
v -1.281009 -10.871339 -147.590485
v -1.816667 -10.805271 -148.671585
v -1.816667 -10.805271 -147.590485
v -2.348438 -10.713000 -148.671585
v -2.348438 -10.713000 -147.590485
v -2.875041 -10.594748 -148.671585
v -2.875041 -10.594748 -147.590485
v -3.395208 -10.450799 -148.671585
v -3.395208 -10.450799 -147.590485
v -3.907684 -10.281499 -148.671585
v -3.907684 -10.281499 -147.590485
v -4.411236 -10.087257 -148.671585
v -4.411236 -10.087257 -147.590485
v -4.904650 -9.868543 -148.671585
v -4.904650 -9.868543 -147.590485
v -5.386739 -9.625879 -148.671585
v -5.386739 -9.625879 -147.590485
v -5.856339 -9.359854 -148.671585
v -5.856339 -9.359854 -147.590485
v -6.312322 -9.071106 -148.671585
v -6.312322 -9.071106 -147.590485
v -6.753585 -8.760332 -148.671585
v -6.753585 -8.760332 -147.590485
v -7.179070 -8.428280 -148.671585
v -7.179070 -8.428280 -147.590485
v -7.587749 -8.075752 -148.671585
v -7.587749 -8.075752 -147.590485
v -7.978636 -7.703595 -148.671585
v -7.978636 -7.703595 -147.590485
v -8.350793 -7.312708 -148.671585
v -8.350793 -7.312708 -147.590485
v -8.703321 -6.904030 -148.671585
v -8.703321 -6.904030 -147.590485
v -9.035372 -6.478545 -148.671585
v -9.035372 -6.478545 -147.590485
v -9.346146 -6.037281 -148.671585
v -9.346146 -6.037281 -147.590485
v -9.634893 -5.581299 -148.671585
v -9.634893 -5.581299 -147.590485
v -9.900919 -5.111698 -148.671585
v -9.900919 -5.111698 -147.590485
v -10.143581 -4.629610 -148.671585
v -10.143581 -4.629610 -147.590485
v -10.362297 -4.136196 -148.671585
v -10.362297 -4.136196 -147.590485
v -10.556539 -3.632644 -148.671585
v -10.556539 -3.632644 -147.590485
v -10.725838 -3.120167 -148.671585
v -10.725838 -3.120167 -147.590485
v -10.869787 -2.600001 -148.671585
v -10.869787 -2.600001 -147.590485
v -10.988039 -2.073398 -148.671585
v -10.988039 -2.073398 -147.590485
v -11.080311 -1.541627 -148.671585
v -11.080311 -1.541627 -147.590485
v -11.146379 -1.005969 -148.671585
v -11.146379 -1.005969 -147.590485
v -11.186082 -0.467714 -148.671585
v -11.186082 -0.467714 -147.590485
v -11.199327 0.071840 -148.671585
v -11.199327 0.071840 -147.590485
v -11.186082 0.611395 -148.671585
v -11.186082 0.611395 -147.590485
v -11.146379 1.149649 -148.671585
v -11.146379 1.149649 -147.590485
v -11.080311 1.685307 -148.671585
v -11.080311 1.685307 -147.590485
v -10.988039 2.217078 -148.671585
v -10.988039 2.217078 -147.590485
v -10.869787 2.743681 -148.671585
v -10.869787 2.743681 -147.590485
v -10.725838 3.263847 -148.671585
v -10.725838 3.263847 -147.590485
v -10.556539 3.776324 -148.671585
v -10.556539 3.776324 -147.590485
v -10.362297 4.279876 -148.671585
v -10.362297 4.279876 -147.590485
v -10.143581 4.773291 -148.671585
v -10.143581 4.773291 -147.590485
v -9.900919 5.255379 -148.671585
v -9.900919 5.255379 -147.590485
v -9.634893 5.724979 -148.671585
v -9.634893 5.724979 -147.590485
v -9.346146 6.180961 -148.671585
v -9.346146 6.180961 -147.590485
v -9.035372 6.622225 -148.671585
v -9.035372 6.622225 -147.590485
v -8.703321 7.047710 -148.671585
v -8.703321 7.047710 -147.590485
v -8.350793 7.456388 -148.671585
v -8.350793 7.456388 -147.590485
v -7.978636 7.847276 -148.671585
v -7.978636 7.847276 -147.590485
v -7.587749 8.219431 -148.671585
v -7.587749 8.219431 -147.590485
v -7.179070 8.571959 -148.671585
v -7.179070 8.571959 -147.590485
v -6.753585 8.904011 -148.671585
v -6.753585 8.904011 -147.590485
v -6.312322 9.214785 -148.671585
v -6.312322 9.214785 -147.590485
v -5.856339 9.503531 -148.671585
v -5.856339 9.503531 -147.590485
v -5.386739 9.769557 -148.671585
v -5.386739 9.769557 -147.590485
v -4.904650 10.012220 -148.671585
v -4.904650 10.012220 -147.590485
v -4.411236 10.230935 -148.671585
v -4.411236 10.230935 -147.590485
v -3.907684 10.425177 -148.671585
v -3.907684 10.425177 -147.590485
v -3.395208 10.594477 -148.671585
v -3.395208 10.594477 -147.590485
v -2.875041 10.738426 -148.671585
v -2.875041 10.738426 -147.590485
v -2.348438 10.856678 -148.671585
v -2.348438 10.856678 -147.590485
v -1.816667 10.948949 -148.671585
v -1.816667 10.948949 -147.590485
v -1.281009 11.015018 -148.671585
v -1.281009 11.015018 -147.590485
v -0.742755 11.054721 -148.671585
v -0.742755 11.054721 -147.590485
v 2.499500 0.071840 -147.590485
v 2.512513 -0.193071 -147.590485
v 2.512513 0.336751 -147.590485
v 2.615877 -0.712712 -147.590485
v 2.551431 0.599111 -147.590485
v 2.551431 -0.455430 -147.590485
v 2.615877 0.856392 -147.590485
v 2.818631 -1.202204 -147.590485
v 2.705230 1.106119 -147.590485
v 3.112984 -1.642735 -147.590485
v 2.954987 1.573380 -147.590485
v 2.954987 -1.429699 -147.590485
v 2.818631 1.345884 -147.590485
v 2.705230 -0.962439 -147.590485
v 3.112984 1.786415 -147.590485
v 3.487625 -2.017375 -147.590485
v 3.291102 1.982937 -147.590485
v 3.928155 -2.311728 -147.590485
v 3.700660 2.319053 -147.590485
v 3.700660 -2.175373 -147.590485
v 3.487625 2.161055 -147.590485
v 4.417647 -2.514483 -147.590485
v 4.167921 2.568809 -147.590485
v 4.937289 2.761525 -147.590485
v 4.937289 -2.617846 -147.590485
v 4.674929 2.722608 -147.590485
v 4.674929 -2.578928 -147.590485
v 4.417647 2.658162 -147.590485
v 4.167921 -2.425129 -147.590485
v 3.928155 2.455409 -147.590485
v 3.291102 -1.839257 -147.590485
v 5.467109 -2.617846 -147.590485
v 5.467109 2.761525 -147.590485
v 5.986751 -2.514483 -147.590485
v 5.986751 2.658162 -147.590485
v 5.729469 -2.578928 -147.590485
v 5.729469 2.722608 -147.590485
v 6.476243 -2.311728 -147.590485
v 6.476243 2.455409 -147.590485
v 6.916774 -2.017375 -147.590485
v 6.916774 2.161055 -147.590485
v 6.703739 -2.175373 -147.590485
v 6.703739 2.319053 -147.590485
v 6.236478 -2.425129 -147.590485
v 6.236478 2.568809 -147.590485
v 7.291415 -1.642735 -147.590485
v 7.291415 1.786415 -147.590485
v 7.585768 -1.202204 -147.590485
v 7.585768 1.345884 -147.590485
v 7.449413 -1.429699 -147.590485
v 7.449413 1.573380 -147.590485
v 7.788521 -0.712712 -147.590485
v 7.788521 0.856392 -147.590485
v 7.904900 0.071840 -147.590485
v 7.891885 0.336751 -147.590485
v 7.891885 -0.193071 -147.590485
v 7.852967 0.599111 -147.590485
v 7.852967 -0.455430 -147.590485
v 7.699168 1.106119 -147.590485
v 7.699168 -0.962439 -147.590485
v 7.113297 1.982937 -147.590485
v 7.113297 -1.839257 -147.590485
v 5.202199 -2.630860 -147.590485
v 5.202199 2.774540 -147.590485
v 2.499500 0.071840 -148.671585
v 2.512513 -0.193071 -148.671585
v 2.512513 0.336751 -148.671585
v 2.551431 -0.455431 -148.671585
v 2.615877 0.856392 -148.671585
v 2.615877 -0.712712 -148.671585
v 2.551431 0.599111 -148.671585
v 2.705230 -0.962439 -148.671585
v 2.818631 1.345883 -148.671585
v 2.954987 -1.429700 -148.671585
v 3.112984 1.786415 -148.671585
v 2.818631 -1.202204 -148.671585
v 2.954987 1.573380 -148.671585
v 3.112984 -1.642735 -148.671585
v 2.705230 1.106119 -148.671585
v 3.291102 -1.839257 -148.671585
v 3.487625 2.161055 -148.671585
v 3.700660 -2.175373 -148.671585
v 3.928155 2.455409 -148.671585
v 3.487625 -2.017375 -148.671585
v 3.700660 2.319053 -148.671585
v 4.167921 -2.425129 -148.671585
v 4.417647 2.658162 -148.671585
v 4.937289 -2.617846 -148.671585
v 4.674929 -2.578928 -148.671585
v 4.937289 2.761525 -148.671585
v 4.417647 -2.514483 -148.671585
v 4.674929 2.722608 -148.671585
v 3.928155 -2.311728 -148.671585
v 4.167921 2.568809 -148.671585
v 3.291102 1.982937 -148.671585
v 5.467109 -2.617846 -148.671585
v 5.467109 2.761525 -148.671585
v 5.986751 -2.514483 -148.671585
v 5.986751 2.658162 -148.671585
v 5.729469 -2.578928 -148.671585
v 5.729469 2.722608 -148.671585
v 6.476243 -2.311728 -148.671585
v 6.476243 2.455409 -148.671585
v 6.916774 -2.017375 -148.671585
v 6.916774 2.161055 -148.671585
v 6.703739 -2.175373 -148.671585
v 6.703739 2.319053 -148.671585
v 6.236478 -2.425129 -148.671585
v 6.236478 2.568809 -148.671585
v 7.291415 -1.642735 -148.671585
v 7.291415 1.786415 -148.671585
v 7.585768 -1.202204 -148.671585
v 7.585768 1.345883 -148.671585
v 7.449413 -1.429700 -148.671585
v 7.449413 1.573380 -148.671585
v 7.788521 -0.712712 -148.671585
v 7.788521 0.856392 -148.671585
v 7.904900 0.071840 -148.671585
v 7.891885 0.336751 -148.671585
v 7.891885 -0.193071 -148.671585
v 7.852967 0.599111 -148.671585
v 7.852967 -0.455431 -148.671585
v 7.699168 1.106119 -148.671585
v 7.699168 -0.962439 -148.671585
v 7.113297 1.982937 -148.671585
v 7.113297 -1.839257 -148.671585
v 5.202199 -2.630860 -148.671585
v 5.202199 2.774540 -148.671585
v -8.311299 0.071840 -147.590485
v -8.298285 -0.193071 -147.590485
v -8.298285 0.336751 -147.590485
v -8.194922 -0.712712 -147.590485
v -8.194922 0.856392 -147.590485
v -8.259368 -0.455430 -147.590485
v -8.259368 0.599111 -147.590485
v -7.992168 -1.202204 -147.590485
v -7.992168 1.345884 -147.590485
v -7.697816 -1.642735 -147.590485
v -7.697816 1.786415 -147.590485
v -7.724149 1.750909 -147.590485
v -7.855813 -1.429699 -147.590485
v -7.855813 1.573380 -147.590485
v -8.105569 -0.962439 -147.590485
v -8.105569 1.106119 -147.590485
v -7.323175 -2.017375 -147.590485
v -7.323175 2.161055 -147.590485
v -6.882644 -2.311728 -147.590485
v -6.882644 2.455409 -147.590485
v -7.110140 -2.175373 -147.590485
v -7.110140 2.319053 -147.590485
v -6.393152 -2.514483 -147.590485
v -6.393152 2.658162 -147.590485
v -5.873510 -2.617846 -147.590485
v -5.873510 2.761525 -147.590485
v -6.135870 -2.578928 -147.590485
v -6.135870 2.722608 -147.590485
v -6.642879 -2.425129 -147.590485
v -6.642879 2.568809 -147.590485
v -7.519697 -1.839257 -147.590485
v -7.519697 1.982937 -147.590485
v -5.343689 -2.617846 -147.590485
v -5.343689 2.761525 -147.590485
v -4.824048 -2.514483 -147.590485
v -4.824048 2.658162 -147.590485
v -5.081329 -2.578928 -147.590485
v -5.081329 2.722608 -147.590485
v -4.334556 -2.311728 -147.590485
v -4.334556 2.455409 -147.590485
v -3.697503 -1.839257 -147.590485
v -3.894025 -2.017375 -147.590485
v -3.894025 2.161055 -147.590485
v -4.107060 -2.175373 -147.590485
v -4.107060 2.319053 -147.590485
v -4.574321 -2.425129 -147.590485
v -4.574321 2.568809 -147.590485
v -3.519384 -1.642735 -147.590485
v -3.519384 1.786415 -147.590485
v -3.225031 -1.202204 -147.590485
v -3.225031 1.345884 -147.590485
v -3.361387 -1.429699 -147.590485
v -3.361387 1.573380 -147.590485
v -3.022278 -0.712712 -147.590485
v -3.022278 0.856392 -147.590485
v -2.905900 0.071840 -147.590485
v -2.918914 0.336751 -147.590485
v -2.918914 -0.193071 -147.590485
v -2.957832 0.599111 -147.590485
v -2.957832 -0.455430 -147.590485
v -3.111631 1.106119 -147.590485
v -3.111631 -0.962439 -147.590485
v -3.697503 1.982937 -147.590485
v -5.608600 2.774540 -147.590485
v -5.608600 -2.630860 -147.590485
v -8.311299 0.071840 -148.671585
v -8.298285 -0.193071 -148.671585
v -8.298285 0.336751 -148.671585
v -8.194922 -0.712712 -148.671585
v -8.194922 0.856392 -148.671585
v -8.259368 -0.455431 -148.671585
v -8.259368 0.599111 -148.671585
v -7.992168 -1.202204 -148.671585
v -7.992168 1.345883 -148.671585
v -7.697816 -1.642735 -148.671585
v -7.697816 1.786415 -148.671585
v -7.855813 -1.429700 -148.671585
v -7.855813 1.573380 -148.671585
v -8.105569 -0.962439 -148.671585
v -8.105569 1.106119 -148.671585
v -7.323175 -2.017375 -148.671585
v -7.323175 2.161055 -148.671585
v -6.882644 -2.311728 -148.671585
v -6.882644 2.455409 -148.671585
v -7.110140 -2.175373 -148.671585
v -7.110140 2.319053 -148.671585
v -6.393152 -2.514483 -148.671585
v -6.393152 2.658162 -148.671585
v -5.873510 -2.617846 -148.671585
v -5.873510 2.761525 -148.671585
v -6.135870 -2.578928 -148.671585
v -6.135870 2.722608 -148.671585
v -6.642879 -2.425129 -148.671585
v -6.642879 2.568809 -148.671585
v -7.519697 -1.839257 -148.671585
v -7.519697 1.982937 -148.671585
v -5.343689 -2.617846 -148.671585
v -5.343689 2.761525 -148.671585
v -4.824048 -2.514483 -148.671585
v -4.824048 2.658162 -148.671585
v -5.081329 -2.578928 -148.671585
v -5.081329 2.722608 -148.671585
v -4.334556 -2.311728 -148.671585
v -4.334556 2.455409 -148.671585
v -3.894025 -2.017375 -148.671585
v -3.894025 2.161055 -148.671585
v -4.107060 -2.175373 -148.671585
v -4.107060 2.319053 -148.671585
v -4.574321 -2.425129 -148.671585
v -4.574321 2.568809 -148.671585
v -3.519384 -1.642735 -148.671585
v -3.519384 1.786415 -148.671585
v -3.225031 -1.202204 -148.671585
v -3.225031 1.345883 -148.671585
v -3.361387 -1.429700 -148.671585
v -3.361387 1.573380 -148.671585
v -3.022278 -0.712712 -148.671585
v -3.022278 0.856392 -148.671585
v -2.905900 0.071840 -148.671585
v -2.918914 -0.193071 -148.671585
v -2.918914 0.336751 -148.671585
v -2.957832 -0.455431 -148.671585
v -2.957832 0.599111 -148.671585
v -3.111631 -0.962439 -148.671585
v -3.111631 1.106119 -148.671585
v -3.697503 -1.839257 -148.671585
v -3.697503 1.982937 -148.671585
v -5.608600 2.774540 -148.671585
v -5.608600 -2.630860 -148.671585
v 2.180368 6.751284 -147.590485
v 2.044012 6.978780 -147.590485
v 2.447568 6.004510 -147.590485
v 2.383122 6.261792 -147.590485
v 2.293769 6.511518 -147.590485
v 1.070844 7.860807 -147.590485
v 1.707897 7.388337 -147.590485
v 1.511374 7.566455 -147.590485
v 1.298339 7.724452 -147.590485
v 2.499500 5.477240 -147.590485
v 2.486485 5.212329 -147.590485
v 2.486485 5.742150 -147.590485
v 1.886015 7.191814 -147.590485
v -2.905900 5.477240 -147.590485
v -2.892886 5.212329 -147.590485
v -2.892886 5.742150 -147.590485
v -2.853968 4.949969 -147.590485
v -2.853968 6.004510 -147.590485
v -2.789522 4.692687 -147.590485
v -2.700169 4.442962 -147.590485
v -2.586769 6.751284 -147.590485
v -2.586769 4.203197 -147.590485
v -2.700169 6.511518 -147.590485
v -2.450413 3.975700 -147.590485
v -2.789522 6.261792 -147.590485
v -2.292415 3.762666 -147.590485
v -2.292415 7.191814 -147.590485
v -1.917775 3.388024 -147.590485
v -2.114297 3.566142 -147.590485
v -2.114297 7.388337 -147.590485
v -1.704740 7.724452 -147.590485
v -1.237479 2.980271 -147.590485
v -1.237479 7.974208 -147.590485
v -1.477244 3.093671 -147.590485
v -1.477244 7.860807 -147.590485
v -1.704740 3.230027 -147.590485
v -1.917775 7.566455 -147.590485
v -0.987753 2.890918 -147.590485
v -2.450413 6.978780 -147.590485
v -0.730471 8.128007 -147.590485
v -0.987753 8.063562 -147.590485
v -0.468111 2.787554 -147.590485
v -0.468111 8.166924 -147.590485
v -0.730471 2.826471 -147.590485
v 0.061711 2.787554 -147.590485
v 0.061711 8.166924 -147.590485
v 0.581352 2.890918 -147.590485
v 0.324070 2.826471 -147.590485
v 0.324070 8.128007 -147.590485
v -0.203200 2.774540 -147.590485
v -0.203200 8.179939 -147.590485
v 0.581352 8.063562 -147.590485
v 0.831079 7.974208 -147.590485
v 1.298339 3.230027 -147.590485
v 1.707897 3.566142 -147.590485
v 1.511374 3.388024 -147.590485
v 1.070844 3.093671 -147.590485
v 2.180368 4.203197 -147.590485
v 2.044012 3.975700 -147.590485
v 2.383122 4.692687 -147.590485
v 2.447568 4.949969 -147.590485
v 1.886015 3.762666 -147.590485
v 2.293769 4.442962 -147.590485
v 0.831079 2.980271 -147.590485
v -2.853968 6.004510 -148.671585
v -2.586769 6.751284 -148.671585
v -2.700169 6.511518 -148.671585
v -2.789522 6.261792 -148.671585
v -2.114297 7.388337 -148.671585
v -2.292415 7.191814 -148.671585
v -1.477244 7.860807 -148.671585
v -1.704740 7.724452 -148.671585
v -1.917775 7.566455 -148.671585
v -2.450413 6.978780 -148.671585
v -0.730471 8.128007 -148.671585
v -0.987753 8.063562 -148.671585
v 0.061711 8.166924 -148.671585
v -0.203200 8.179939 -148.671585
v -0.468111 8.166924 -148.671585
v 0.831079 7.974208 -148.671585
v 0.581352 8.063562 -148.671585
v 1.298339 7.724452 -148.671585
v 1.070844 7.860807 -148.671585
v 0.324070 8.128007 -148.671585
v -1.237479 7.974208 -148.671585
v -2.905900 5.477240 -148.671585
v -2.892886 5.212329 -148.671585
v -2.892886 5.742150 -148.671585
v -2.853968 4.949969 -148.671585
v 1.707897 7.388337 -148.671585
v 1.511374 7.566455 -148.671585
v -2.789522 4.692687 -148.671585
v -2.700169 4.442962 -148.671585
v -2.586769 4.203197 -148.671585
v 1.886015 7.191814 -148.671585
v -2.450413 3.975700 -148.671585
v -2.292415 3.762666 -148.671585
v 2.044012 6.978780 -148.671585
v -2.249586 3.715410 -148.671585
v -2.114297 3.566142 -148.671585
v -2.110409 3.562618 -148.671585
v -1.917775 3.388024 -148.671585
v 2.180368 6.751284 -148.671585
v -1.704740 3.230027 -148.671585
v -1.477244 3.093671 -148.671585
v -1.237479 2.980271 -148.671585
v 2.293769 6.511518 -148.671585
v -0.987753 2.890918 -148.671585
v 2.383122 6.261792 -148.671585
v -0.730471 2.826471 -148.671585
v -0.468111 2.787554 -148.671585
v -0.203200 2.774540 -148.671585
v 0.324070 2.826471 -148.671585
v 0.061711 2.787554 -148.671585
v 1.070844 3.093671 -148.671585
v 0.831079 2.980271 -148.671585
v 1.707897 3.566142 -148.671585
v 1.511374 3.388024 -148.671585
v 1.298339 3.230027 -148.671585
v 0.581352 2.890918 -148.671585
v 2.044012 3.975700 -148.671585
v 2.293769 4.442962 -148.671585
v 2.383122 4.692687 -148.671585
v 2.180368 4.203197 -148.671585
v 2.499500 5.477240 -148.671585
v 2.486485 5.742150 -148.671585
v 2.447568 4.949969 -148.671585
v 2.486485 5.212329 -148.671585
v 2.447568 6.004510 -148.671585
v 1.886015 3.762666 -148.671585
v -2.892886 -5.598470 -147.590485
v -2.905900 -5.333560 -147.590485
v -2.892886 -5.068648 -147.590485
v -2.853968 -5.860829 -147.590485
v -2.853968 -4.806289 -147.590485
v -2.789522 -6.118112 -147.590485
v -2.789522 -4.549007 -147.590485
v -2.700169 -6.367838 -147.590485
v -2.700169 -4.299281 -147.590485
v -2.450413 -6.835099 -147.590485
v -2.450413 -3.832020 -147.590485
v -2.586769 -6.607603 -147.590485
v -2.586769 -4.059516 -147.590485
v -2.292415 -7.048134 -147.590485
v -2.114297 -7.244657 -147.590485
v -1.917775 -3.244344 -147.590485
v -1.477244 -2.949992 -147.590485
v -1.704740 -3.086347 -147.590485
v -2.114297 -3.422462 -147.590485
v -0.987753 -2.747237 -147.590485
v -0.468111 -2.643874 -147.590485
v -0.730471 -2.682791 -147.590485
v 0.061711 -2.643874 -147.590485
v 0.581352 -2.747237 -147.590485
v 0.324070 -2.682791 -147.590485
v -0.203200 -2.630860 -147.590485
v -1.237479 -2.836591 -147.590485
v -2.292415 -3.618985 -147.590485
v 0.831079 -2.836591 -147.590485
v 1.070844 -2.949992 -147.590485
v -1.917775 -7.422775 -147.590485
v 1.298339 -3.086347 -147.590485
v 1.511374 -3.244344 -147.590485
v -1.704740 -7.580772 -147.590485
v 1.707897 -3.422462 -147.590485
v 1.828047 -3.555027 -147.590485
v 1.886015 -3.618985 -147.590485
v -0.468111 -8.023245 -147.590485
v -0.730471 -7.984327 -147.590485
v 0.061711 -8.023245 -147.590485
v -0.203200 -8.036260 -147.590485
v 0.581352 -7.919882 -147.590485
v 1.298339 -7.580772 -147.590485
v 1.070844 -7.717128 -147.590485
v 0.831079 -7.830528 -147.590485
v 0.324070 -7.984327 -147.590485
v 1.707897 -7.244657 -147.590485
v 2.180368 -6.607603 -147.590485
v 2.044012 -6.835099 -147.590485
v 1.886015 -7.048134 -147.590485
v 2.383122 -6.118112 -147.590485
v 2.486485 -5.598470 -147.590485
v 2.293769 -6.367838 -147.590485
v 2.447568 -5.860829 -147.590485
v 1.511374 -7.422775 -147.590485
v 2.044012 -3.832020 -147.590485
v -1.477244 -7.717128 -147.590485
v 2.180368 -4.059516 -147.590485
v 2.499500 -5.333560 -147.590485
v 2.293769 -4.299281 -147.590485
v -0.987753 -7.919882 -147.590485
v 2.486485 -5.068648 -147.590485
v -1.237479 -7.830528 -147.590485
v 2.383122 -4.549007 -147.590485
v 2.447568 -4.806289 -147.590485
v 2.044012 -6.835099 -148.671585
v 2.180368 -6.607603 -148.671585
v 2.293769 -6.367838 -148.671585
v 2.383122 -6.118112 -148.671585
v 2.447568 -5.860829 -148.671585
v 1.886015 -7.048134 -148.671585
v 2.486485 -5.598470 -148.671585
v 2.499500 -5.333560 -148.671585
v 1.707897 -7.244657 -148.671585
v 2.486485 -5.068648 -148.671585
v -2.905900 -5.333560 -148.671585
v -2.892886 -5.598470 -148.671585
v -2.700169 -6.367838 -148.671585
v -2.789522 -6.118112 -148.671585
v -2.853968 -5.860829 -148.671585
v -2.450413 -6.835099 -148.671585
v -2.292415 -7.048134 -148.671585
v -1.917775 -7.422775 -148.671585
v -1.704740 -7.580772 -148.671585
v -2.114297 -7.244657 -148.671585
v -2.586769 -6.607603 -148.671585
v -2.892886 -5.068648 -148.671585
v -1.477244 -7.717128 -148.671585
v 1.511374 -7.422775 -148.671585
v 2.447568 -4.806289 -148.671585
v 2.383122 -4.549007 -148.671585
v -2.853968 -4.806289 -148.671585
v -1.237479 -7.830528 -148.671585
v -2.789522 -4.549007 -148.671585
v 1.298339 -7.580772 -148.671585
v 2.293769 -4.299281 -148.671585
v 2.180368 -4.059516 -148.671585
v -2.700169 -4.299281 -148.671585
v -2.586769 -4.059516 -148.671585
v -0.987753 -7.919882 -148.671585
v -2.543797 -3.987822 -148.671585
v 2.044012 -3.832020 -148.671585
v 1.070844 -7.717128 -148.671585
v -2.450413 -3.832020 -148.671585
v -2.433416 -3.809102 -148.671585
v 1.886015 -3.618985 -148.671585
v -2.292415 -3.618985 -148.671585
v -0.730471 -7.984327 -148.671585
v -2.114297 -3.422462 -148.671585
v -1.917775 -3.244344 -148.671585
v -1.704740 -3.086347 -148.671585
v -0.987753 -2.747237 -148.671585
v -1.237479 -2.836591 -148.671585
v -1.477244 -2.949992 -148.671585
v -0.203200 -8.036260 -148.671585
v -0.203200 -2.630860 -148.671585
v -0.468111 -8.023245 -148.671585
v -0.468111 -2.643874 -148.671585
v -0.730471 -2.682791 -148.671585
v 0.324070 -7.984327 -148.671585
v 0.581352 -7.919882 -148.671585
v 0.581352 -2.747237 -148.671585
v 0.831079 -7.830528 -148.671585
v 0.324070 -2.682791 -148.671585
v 1.070844 -2.949992 -148.671585
v 1.511374 -3.244344 -148.671585
v 1.707897 -3.422462 -148.671585
v 1.298339 -3.086347 -148.671585
v 0.831079 -2.836591 -148.671585
v 0.061711 -2.643874 -148.671585
v 0.061711 -8.023245 -148.671585
v 5.202199 3.546739 -150.833740
v 5.202199 3.546740 -148.671585
v 5.542799 3.530006 -150.833740
v 5.542799 3.530007 -148.671585
v 5.880118 3.479970 -150.833740
v 5.880118 3.479970 -148.671585
v 6.210909 3.397112 -150.833740
v 6.210909 3.397112 -148.671585
v 6.531987 3.282228 -150.833740
v 6.531987 3.282228 -148.671585
v 6.840255 3.136428 -150.833740
v 6.840255 3.136428 -148.671585
v 7.132750 2.961113 -150.833740
v 7.132750 2.961114 -148.671585
v 7.406653 2.757974 -150.833740
v 7.406653 2.757974 -148.671585
v 7.659324 2.528965 -150.833740
v 7.659324 2.528965 -148.671585
v 7.888334 2.276293 -150.833740
v 7.888334 2.276293 -148.671585
v 8.091473 2.002391 -150.833740
v 8.091473 2.002391 -148.671585
v 8.266787 1.709896 -150.833740
v 8.266787 1.709897 -148.671585
v 8.412588 1.401626 -150.833740
v 8.412588 1.401627 -148.671585
v 8.527472 1.080550 -150.833740
v 8.527472 1.080550 -148.671585
v 8.610331 0.749759 -150.833740
v 8.610331 0.749759 -148.671585
v 8.660368 0.412439 -150.833740
v 8.660368 0.412440 -148.671585
v 8.677099 0.071840 -150.833740
v 8.677099 0.071840 -148.671585
v 8.660368 -0.268760 -150.833740
v 8.660368 -0.268760 -148.671585
v 8.610331 -0.606079 -150.833740
v 8.610331 -0.606079 -148.671585
v 8.527472 -0.936870 -150.833740
v 8.527472 -0.936870 -148.671585
v 8.412588 -1.257947 -150.833740
v 8.412588 -1.257947 -148.671585
v 8.266787 -1.566217 -150.833740
v 8.266787 -1.566216 -148.671585
v 8.091473 -1.858711 -150.833740
v 8.091473 -1.858711 -148.671585
v 7.888334 -2.132613 -150.833740
v 7.888334 -2.132613 -148.671585
v 7.659324 -2.385286 -150.833740
v 7.659324 -2.385286 -148.671585
v 7.406653 -2.614294 -150.833740
v 7.406653 -2.614294 -148.671585
v 7.132750 -2.817434 -150.833740
v 7.132750 -2.817434 -148.671585
v 6.840255 -2.992748 -150.833740
v 6.840255 -2.992748 -148.671585
v 6.531987 -3.138549 -150.833740
v 6.531987 -3.138549 -148.671585
v 6.210909 -3.253433 -150.833740
v 6.210909 -3.253432 -148.671585
v 5.880118 -3.336291 -150.833740
v 5.880118 -3.336291 -148.671585
v 5.542799 -3.386328 -150.833740
v 5.542799 -3.386327 -148.671585
v 5.202199 -3.403060 -150.833740
v 5.202199 -3.403060 -148.671585
v 4.861599 -3.386328 -150.833740
v 4.861599 -3.386327 -148.671585
v 4.524281 -3.336291 -150.833740
v 4.524281 -3.336291 -148.671585
v 4.193490 -3.253433 -150.833740
v 4.193490 -3.253432 -148.671585
v 3.872413 -3.138549 -150.833740
v 3.872413 -3.138549 -148.671585
v 3.564144 -2.992748 -150.833740
v 3.564144 -2.992748 -148.671585
v 3.271649 -2.817434 -150.833740
v 3.271649 -2.817434 -148.671585
v 2.997746 -2.614294 -150.833740
v 2.997746 -2.614294 -148.671585
v 2.745074 -2.385286 -150.833740
v 2.745074 -2.385286 -148.671585
v 2.516065 -2.132613 -150.833740
v 2.516065 -2.132613 -148.671585
v 2.312925 -1.858711 -150.833740
v 2.312925 -1.858711 -148.671585
v 2.137611 -1.566217 -150.833740
v 2.137611 -1.566216 -148.671585
v 1.991810 -1.257947 -150.833740
v 1.991810 -1.257947 -148.671585
v 1.876927 -0.936870 -150.833740
v 1.876927 -0.936870 -148.671585
v 1.794069 -0.606079 -150.833740
v 1.794069 -0.606079 -148.671585
v 1.744032 -0.268760 -150.833740
v 1.744032 -0.268760 -148.671585
v 1.727300 0.071840 -150.833740
v 1.727300 0.071840 -148.671585
v 1.744032 0.412439 -150.833740
v 1.744032 0.412440 -148.671585
v 1.794069 0.749759 -150.833740
v 1.794069 0.749759 -148.671585
v 1.876927 1.080550 -150.833740
v 1.876927 1.080550 -148.671585
v 1.991810 1.401626 -150.833740
v 1.991810 1.401627 -148.671585
v 2.137611 1.709896 -150.833740
v 2.137611 1.709897 -148.671585
v 2.312925 2.002391 -150.833740
v 2.312925 2.002391 -148.671585
v 2.516065 2.276293 -150.833740
v 2.516065 2.276293 -148.671585
v 2.745074 2.528965 -150.833740
v 2.745074 2.528965 -148.671585
v 2.997746 2.757974 -150.833740
v 2.997746 2.757974 -148.671585
v 3.271649 2.961113 -150.833740
v 3.271649 2.961114 -148.671585
v 3.564144 3.136428 -150.833740
v 3.564144 3.136428 -148.671585
v 3.872413 3.282228 -150.833740
v 3.872413 3.282228 -148.671585
v 4.193490 3.397112 -150.833740
v 4.193490 3.397112 -148.671585
v 4.524281 3.479970 -150.833740
v 4.524281 3.479970 -148.671585
v 4.861599 3.530006 -150.833740
v 4.861599 3.530007 -148.671585
v 2.954987 1.573380 -148.671585
v 3.112984 1.786415 -148.671585
v 3.291102 1.982937 -148.671585
v 3.487625 2.161055 -148.671585
v 3.700660 2.319053 -148.671585
v 3.928155 2.455409 -148.671585
v 4.417647 2.658162 -148.671585
v 4.674929 2.722608 -148.671585
v 4.167921 2.568809 -148.671585
v 2.551431 -0.455431 -148.671585
v 2.818631 -1.202204 -148.671585
v 2.705230 -0.962439 -148.671585
v 2.615877 -0.712712 -148.671585
v 3.291102 -1.839257 -148.671585
v 3.112984 -1.642735 -148.671585
v 3.700660 -2.175373 -148.671585
v 3.487625 -2.017375 -148.671585
v 2.954987 -1.429700 -148.671585
v 5.729469 -2.578928 -148.671585
v 6.236478 -2.425129 -148.671585
v 6.476243 -2.311728 -148.671585
v 5.986751 -2.514483 -148.671585
v 6.916774 -2.017375 -148.671585
v 7.113297 -1.839257 -148.671585
v 7.449413 -1.429700 -148.671585
v 7.291415 -1.642735 -148.671585
v 6.703739 -2.175373 -148.671585
v 6.703739 2.319053 -148.671585
v 7.291415 1.786415 -148.671585
v 7.113297 1.982937 -148.671585
v 6.916774 2.161055 -148.671585
v 7.699168 1.106119 -148.671585
v 7.585768 1.345883 -148.671585
v 7.852967 0.599111 -148.671585
v 7.788521 0.856392 -148.671585
v 7.449413 1.573380 -148.671585
v 2.499500 0.071840 -148.671585
v 2.512513 -0.193071 -148.671585
v 2.512513 0.336751 -148.671585
v 2.615877 0.856392 -148.671585
v 2.818631 1.345883 -148.671585
v 2.705230 1.106119 -148.671585
v 2.551431 0.599111 -148.671585
v 4.167921 -2.425129 -148.671585
v 4.674929 -2.578928 -148.671585
v 4.417647 -2.514483 -148.671585
v 3.928155 -2.311728 -148.671585
v 4.937289 2.761525 -148.671585
v 5.467109 2.761525 -148.671585
v 5.202199 2.774540 -148.671585
v 4.937289 -2.617846 -148.671585
v 5.467109 -2.617846 -148.671585
v 5.202199 -2.630860 -148.671585
v 5.729469 2.722608 -148.671585
v 6.236478 2.568809 -148.671585
v 5.986751 2.658162 -148.671585
v 7.788521 -0.712712 -148.671585
v 7.699168 -0.962439 -148.671585
v 7.585768 -1.202204 -148.671585
v 7.904900 0.071840 -148.671585
v 7.891885 0.336751 -148.671585
v 7.852967 -0.455431 -148.671585
v 7.891885 -0.193071 -148.671585
v 6.476243 2.455409 -148.671585
v 5.986751 2.658162 -150.833740
v 6.476243 2.455408 -150.833740
v 6.703739 2.319052 -150.833740
v 6.236478 2.568809 -150.833740
v 7.113297 1.982937 -150.833740
v 7.291415 1.786415 -150.833740
v 7.585768 1.345884 -150.833740
v 7.449413 1.573379 -150.833740
v 6.916774 2.161055 -150.833740
v 6.476243 -2.311728 -150.833740
v 7.113297 -1.839257 -150.833740
v 6.916774 -2.017375 -150.833740
v 6.703739 -2.175373 -150.833740
v 7.585768 -1.202204 -150.833740
v 7.449413 -1.429700 -150.833740
v 7.699168 -0.962439 -150.833740
v 7.788521 -0.712713 -150.833740
v 7.291415 -1.642735 -150.833740
v 2.818631 -1.202204 -150.833740
v 2.954987 -1.429700 -150.833740
v 3.291102 -1.839257 -150.833740
v 3.112984 -1.642735 -150.833740
v 3.487625 -2.017375 -150.833740
v 3.700660 -2.175373 -150.833740
v 4.167921 -2.425129 -150.833740
v 4.417647 -2.514483 -150.833740
v 3.928155 -2.311728 -150.833740
v 2.615877 0.856392 -150.833740
v 2.954987 1.573379 -150.833740
v 2.818631 1.345884 -150.833740
v 2.705230 1.106118 -150.833740
v 3.487625 2.161055 -150.833740
v 3.291102 1.982937 -150.833740
v 3.928155 2.455408 -150.833740
v 3.700660 2.319052 -150.833740
v 3.112984 1.786415 -150.833740
v 4.937289 2.761525 -150.833740
v 5.467109 2.761525 -150.833740
v 5.202199 2.774540 -150.833740
v 5.729469 -2.578928 -150.833740
v 5.986751 -2.514483 -150.833740
v 5.729469 2.722608 -150.833740
v 7.788521 0.856392 -150.833740
v 7.699168 1.106118 -150.833740
v 7.904900 0.071840 -150.833740
v 7.891885 0.336751 -150.833740
v 7.852967 -0.455431 -150.833740
v 7.891885 -0.193071 -150.833740
v 7.852967 0.599110 -150.833740
v 6.236478 -2.425129 -150.833740
v 2.499500 0.071840 -150.833740
v 2.551431 -0.455431 -150.833740
v 2.512513 -0.193071 -150.833740
v 2.512513 0.336751 -150.833740
v 2.705230 -0.962439 -150.833740
v 2.615877 -0.712713 -150.833740
v 2.551431 0.599110 -150.833740
v 4.417647 2.658162 -150.833740
v 4.674929 2.722608 -150.833740
v 4.937289 -2.617846 -150.833740
v 5.467109 -2.617846 -150.833740
v 5.202199 -2.630860 -150.833740
v 4.674929 -2.578928 -150.833740
v 4.167921 2.568809 -150.833740
v -5.608600 3.546739 -150.833740
v -5.608600 3.546740 -148.671585
v -5.268000 3.530006 -150.833740
v -5.268000 3.530007 -148.671585
v -4.930681 3.479970 -150.833740
v -4.930681 3.479970 -148.671585
v -4.599890 3.397112 -150.833740
v -4.599890 3.397112 -148.671585
v -4.278813 3.282228 -150.833740
v -4.278813 3.282228 -148.671585
v -3.970543 3.136428 -150.833740
v -3.970543 3.136428 -148.671585
v -3.678049 2.961113 -150.833740
v -3.678049 2.961114 -148.671585
v -3.404147 2.757974 -150.833740
v -3.404147 2.757974 -148.671585
v -3.151475 2.528965 -150.833740
v -3.151475 2.528965 -148.671585
v -2.922466 2.276293 -150.833740
v -2.922466 2.276293 -148.671585
v -2.719326 2.002391 -150.833740
v -2.719326 2.002391 -148.671585
v -2.544012 1.709896 -150.833740
v -2.544012 1.709897 -148.671585
v -2.398211 1.401626 -150.833740
v -2.398211 1.401627 -148.671585
v -2.283328 1.080550 -150.833740
v -2.283328 1.080550 -148.671585
v -2.200469 0.749759 -150.833740
v -2.200469 0.749759 -148.671585
v -2.150433 0.412439 -150.833740
v -2.150433 0.412440 -148.671585
v -2.133700 0.071840 -150.833740
v -2.133700 0.071840 -148.671585
v -2.150433 -0.268760 -150.833740
v -2.150433 -0.268760 -148.671585
v -2.200469 -0.606079 -150.833740
v -2.200469 -0.606079 -148.671585
v -2.283328 -0.936870 -150.833740
v -2.283328 -0.936870 -148.671585
v -2.398211 -1.257947 -150.833740
v -2.398211 -1.257947 -148.671585
v -2.544012 -1.566217 -150.833740
v -2.544012 -1.566216 -148.671585
v -2.719326 -1.858711 -150.833740
v -2.719326 -1.858711 -148.671585
v -2.922466 -2.132613 -150.833740
v -2.922466 -2.132613 -148.671585
v -3.151475 -2.385286 -150.833740
v -3.151475 -2.385286 -148.671585
v -3.404147 -2.614294 -150.833740
v -3.404147 -2.614294 -148.671585
v -3.678049 -2.817434 -150.833740
v -3.678049 -2.817434 -148.671585
v -3.970543 -2.992748 -150.833740
v -3.970543 -2.992748 -148.671585
v -4.278813 -3.138549 -150.833740
v -4.278813 -3.138549 -148.671585
v -4.599890 -3.253433 -150.833740
v -4.599890 -3.253432 -148.671585
v -4.930681 -3.336291 -150.833740
v -4.930681 -3.336291 -148.671585
v -5.268000 -3.386328 -150.833740
v -5.268000 -3.386327 -148.671585
v -5.608600 -3.403060 -150.833740
v -5.608600 -3.403060 -148.671585
v -5.949200 -3.386328 -150.833740
v -5.949200 -3.386327 -148.671585
v -6.286520 -3.336291 -150.833740
v -6.286520 -3.336291 -148.671585
v -6.617310 -3.253433 -150.833740
v -6.617310 -3.253432 -148.671585
v -6.938386 -3.138549 -150.833740
v -6.938386 -3.138549 -148.671585
v -7.246656 -2.992748 -150.833740
v -7.246656 -2.992748 -148.671585
v -7.539150 -2.817434 -150.833740
v -7.539150 -2.817434 -148.671585
v -7.813052 -2.614294 -150.833740
v -7.813052 -2.614294 -148.671585
v -8.065725 -2.385286 -150.833740
v -8.065725 -2.385286 -148.671585
v -8.294733 -2.132613 -150.833740
v -8.294733 -2.132613 -148.671585
v -8.497874 -1.858711 -150.833740
v -8.497874 -1.858711 -148.671585
v -8.673187 -1.566217 -150.833740
v -8.673187 -1.566216 -148.671585
v -8.818989 -1.257947 -150.833740
v -8.818989 -1.257947 -148.671585
v -8.933872 -0.936870 -150.833740
v -8.933872 -0.936870 -148.671585
v -9.016731 -0.606079 -150.833740
v -9.016731 -0.606079 -148.671585
v -9.066768 -0.268760 -150.833740
v -9.066768 -0.268760 -148.671585
v -9.083500 0.071840 -150.833740
v -9.083500 0.071840 -148.671585
v -9.066768 0.412439 -150.833740
v -9.066768 0.412440 -148.671585
v -9.016731 0.749759 -150.833740
v -9.016731 0.749759 -148.671585
v -8.933872 1.080550 -150.833740
v -8.933872 1.080550 -148.671585
v -8.818989 1.401626 -150.833740
v -8.818989 1.401627 -148.671585
v -8.673187 1.709896 -150.833740
v -8.673187 1.709897 -148.671585
v -8.497874 2.002391 -150.833740
v -8.497874 2.002391 -148.671585
v -8.294733 2.276293 -150.833740
v -8.294733 2.276293 -148.671585
v -8.065725 2.528965 -150.833740
v -8.065725 2.528965 -148.671585
v -7.813052 2.757974 -150.833740
v -7.813052 2.757974 -148.671585
v -7.539150 2.961113 -150.833740
v -7.539150 2.961114 -148.671585
v -7.246656 3.136428 -150.833740
v -7.246656 3.136428 -148.671585
v -6.938386 3.282228 -150.833740
v -6.938386 3.282228 -148.671585
v -6.617310 3.397112 -150.833740
v -6.617310 3.397112 -148.671585
v -6.286520 3.479970 -150.833740
v -6.286520 3.479970 -148.671585
v -5.949200 3.530006 -150.833740
v -5.949200 3.530007 -148.671585
v -7.855813 1.573380 -148.671585
v -7.697816 1.786415 -148.671585
v -7.519697 1.982937 -148.671585
v -7.323175 2.161055 -148.671585
v -7.110140 2.319053 -148.671585
v -6.882644 2.455409 -148.671585
v -6.393152 2.658162 -148.671585
v -6.135870 2.722608 -148.671585
v -6.642879 2.568809 -148.671585
v -8.259368 -0.455431 -148.671585
v -7.992168 -1.202204 -148.671585
v -8.105569 -0.962439 -148.671585
v -8.194922 -0.712712 -148.671585
v -7.519697 -1.839257 -148.671585
v -7.697816 -1.642735 -148.671585
v -7.110140 -2.175373 -148.671585
v -7.323175 -2.017375 -148.671585
v -7.855813 -1.429700 -148.671585
v -5.081329 -2.578928 -148.671585
v -4.574321 -2.425129 -148.671585
v -4.334556 -2.311728 -148.671585
v -4.824048 -2.514483 -148.671585
v -3.894025 -2.017375 -148.671585
v -3.697503 -1.839257 -148.671585
v -3.361387 -1.429700 -148.671585
v -3.519384 -1.642735 -148.671585
v -4.107060 -2.175373 -148.671585
v -4.107060 2.319053 -148.671585
v -3.519384 1.786415 -148.671585
v -3.697503 1.982937 -148.671585
v -3.894025 2.161055 -148.671585
v -3.111631 1.106119 -148.671585
v -3.225031 1.345883 -148.671585
v -2.957832 0.599111 -148.671585
v -3.022278 0.856392 -148.671585
v -3.361387 1.573380 -148.671585
v -8.311299 0.071840 -148.671585
v -8.298285 -0.193071 -148.671585
v -8.298285 0.336751 -148.671585
v -8.194922 0.856392 -148.671585
v -7.992168 1.345883 -148.671585
v -8.105569 1.106119 -148.671585
v -8.259368 0.599111 -148.671585
v -6.642879 -2.425129 -148.671585
v -6.135870 -2.578928 -148.671585
v -6.393152 -2.514483 -148.671585
v -6.882644 -2.311728 -148.671585
v -5.873510 2.761525 -148.671585
v -5.343689 2.761525 -148.671585
v -5.608600 2.774540 -148.671585
v -5.873510 -2.617846 -148.671585
v -5.343689 -2.617846 -148.671585
v -5.608600 -2.630860 -148.671585
v -5.081329 2.722608 -148.671585
v -4.574321 2.568809 -148.671585
v -4.824048 2.658162 -148.671585
v -3.022278 -0.712712 -148.671585
v -3.111631 -0.962439 -148.671585
v -3.225031 -1.202204 -148.671585
v -2.905900 0.071840 -148.671585
v -2.918914 0.336751 -148.671585
v -2.957832 -0.455431 -148.671585
v -2.918914 -0.193071 -148.671585
v -4.334556 2.455409 -148.671585
v -4.824048 2.658162 -150.833740
v -4.334556 2.455408 -150.833740
v -4.107060 2.319052 -150.833740
v -4.574321 2.568809 -150.833740
v -3.697503 1.982937 -150.833740
v -3.519384 1.786415 -150.833740
v -3.225031 1.345884 -150.833740
v -3.361387 1.573379 -150.833740
v -3.894025 2.161055 -150.833740
v -4.334556 -2.311728 -150.833740
v -3.697503 -1.839257 -150.833740
v -3.894025 -2.017375 -150.833740
v -4.107060 -2.175373 -150.833740
v -3.225031 -1.202204 -150.833740
v -3.361387 -1.429700 -150.833740
v -3.111631 -0.962439 -150.833740
v -3.022278 -0.712713 -150.833740
v -3.519384 -1.642735 -150.833740
v -7.992168 -1.202204 -150.833740
v -7.855813 -1.429700 -150.833740
v -7.519697 -1.839257 -150.833740
v -7.697816 -1.642735 -150.833740
v -7.323175 -2.017375 -150.833740
v -7.110140 -2.175373 -150.833740
v -6.642879 -2.425129 -150.833740
v -6.393152 -2.514483 -150.833740
v -6.882644 -2.311728 -150.833740
v -8.194922 0.856392 -150.833740
v -7.855813 1.573379 -150.833740
v -7.992168 1.345884 -150.833740
v -8.105569 1.106118 -150.833740
v -7.323175 2.161055 -150.833740
v -7.519697 1.982937 -150.833740
v -6.882644 2.455408 -150.833740
v -7.110140 2.319052 -150.833740
v -7.697816 1.786415 -150.833740
v -5.873510 2.761525 -150.833740
v -5.343689 2.761525 -150.833740
v -5.608600 2.774540 -150.833740
v -5.081329 -2.578928 -150.833740
v -4.824048 -2.514483 -150.833740
v -5.081329 2.722608 -150.833740
v -3.022278 0.856392 -150.833740
v -3.111631 1.106118 -150.833740
v -2.905900 0.071840 -150.833740
v -2.918914 0.336751 -150.833740
v -2.957832 -0.455431 -150.833740
v -2.918914 -0.193071 -150.833740
v -2.957832 0.599110 -150.833740
v -4.574321 -2.425129 -150.833740
v -8.311299 0.071840 -150.833740
v -8.259368 -0.455431 -150.833740
v -8.298285 -0.193071 -150.833740
v -8.298285 0.336751 -150.833740
v -8.105569 -0.962439 -150.833740
v -8.194922 -0.712713 -150.833740
v -8.259368 0.599110 -150.833740
v -6.393152 2.658162 -150.833740
v -6.135870 2.722608 -150.833740
v -5.873510 -2.617846 -150.833740
v -5.343689 -2.617846 -150.833740
v -5.608600 -2.630860 -150.833740
v -6.135870 -2.578928 -150.833740
v -6.642879 2.568809 -150.833740
v -0.203200 8.952138 -150.833740
v -0.203200 8.952138 -148.671585
v 0.137399 8.935407 -150.833740
v 0.137399 8.935407 -148.671585
v 0.474719 8.885369 -150.833740
v 0.474719 8.885369 -148.671585
v 0.805510 8.802510 -150.833740
v 0.805510 8.802510 -148.671585
v 1.126586 8.687627 -150.833740
v 1.126586 8.687627 -148.671585
v 1.434856 8.541826 -150.833740
v 1.434856 8.541826 -148.671585
v 1.727350 8.366512 -150.833740
v 1.727350 8.366512 -148.671585
v 2.001253 8.163373 -150.833740
v 2.001253 8.163373 -148.671585
v 2.253925 7.934364 -150.833740
v 2.253925 7.934364 -148.671585
v 2.482934 7.681692 -150.833740
v 2.482934 7.681692 -148.671585
v 2.686074 7.407790 -150.833740
v 2.686074 7.407791 -148.671585
v 2.861388 7.115295 -150.833740
v 2.861388 7.115296 -148.671585
v 3.007188 6.807026 -150.833740
v 3.007188 6.807027 -148.671585
v 3.122072 6.485950 -150.833740
v 3.122072 6.485950 -148.671585
v 3.204931 6.155159 -150.833740
v 3.204931 6.155159 -148.671585
v 3.254967 5.817840 -150.833740
v 3.254967 5.817840 -148.671585
v 3.271699 5.477239 -150.833740
v 3.271699 5.477240 -148.671585
v 3.254967 5.136640 -150.833740
v 3.254967 5.136640 -148.671585
v 3.204931 4.799320 -150.833740
v 3.204931 4.799320 -148.671585
v 3.122072 4.468530 -150.833740
v 3.122072 4.468530 -148.671585
v 3.007188 4.147452 -150.833740
v 3.007188 4.147452 -148.671585
v 2.861388 3.839183 -150.833740
v 2.861388 3.839183 -148.671585
v 2.686074 3.546688 -150.833740
v 2.686074 3.546688 -148.671585
v 2.482934 3.272786 -150.833740
v 2.482934 3.272786 -148.671585
v 2.253925 3.020114 -150.833740
v 2.253925 3.020115 -148.671585
v 2.001253 2.791105 -150.833740
v 2.001253 2.791106 -148.671585
v 1.727350 2.587966 -150.833740
v 1.727350 2.587966 -148.671585
v 1.434856 2.412652 -150.833740
v 1.434856 2.412652 -148.671585
v 1.126586 2.266850 -150.833740
v 1.126586 2.266851 -148.671585
v 0.805510 2.151968 -150.833740
v 0.805510 2.151968 -148.671585
v 0.474719 2.069109 -150.833740
v 0.474719 2.069109 -148.671585
v 0.137399 2.019072 -150.833740
v 0.137399 2.019072 -148.671585
v -0.203200 2.002340 -150.833740
v -0.203200 2.002340 -148.671585
v -0.543800 2.019072 -150.833740
v -0.543800 2.019072 -148.671585
v -0.881119 2.069109 -150.833740
v -0.881119 2.069109 -148.671585
v -1.211910 2.151968 -150.833740
v -1.211910 2.151968 -148.671585
v -1.532987 2.266850 -150.833740
v -1.532987 2.266851 -148.671585
v -1.841257 2.412652 -150.833740
v -1.841257 2.412652 -148.671585
v -2.133752 2.587966 -150.833740
v -2.133752 2.587966 -148.671585
v -2.407654 2.791105 -150.833740
v -2.407654 2.791106 -148.671585
v -2.660325 3.020114 -150.833740
v -2.660325 3.020115 -148.671585
v -2.889334 3.272786 -150.833740
v -2.889334 3.272786 -148.671585
v -3.092474 3.546688 -150.833740
v -3.092474 3.546688 -148.671585
v -3.267788 3.839183 -150.833740
v -3.267788 3.839183 -148.671585
v -3.413589 4.147452 -150.833740
v -3.413589 4.147452 -148.671585
v -3.528472 4.468530 -150.833740
v -3.528472 4.468530 -148.671585
v -3.611331 4.799320 -150.833740
v -3.611331 4.799320 -148.671585
v -3.661368 5.136640 -150.833740
v -3.661368 5.136640 -148.671585
v -3.678100 5.477239 -150.833740
v -3.678100 5.477240 -148.671585
v -3.661368 5.817840 -150.833740
v -3.661368 5.817840 -148.671585
v -3.611331 6.155159 -150.833740
v -3.611331 6.155159 -148.671585
v -3.528472 6.485950 -150.833740
v -3.528472 6.485950 -148.671585
v -3.413589 6.807026 -150.833740
v -3.413589 6.807027 -148.671585
v -3.267788 7.115295 -150.833740
v -3.267788 7.115296 -148.671585
v -3.092474 7.407790 -150.833740
v -3.092474 7.407791 -148.671585
v -2.889334 7.681692 -150.833740
v -2.889334 7.681692 -148.671585
v -2.660325 7.934364 -150.833740
v -2.660325 7.934364 -148.671585
v -2.407654 8.163373 -150.833740
v -2.407654 8.163373 -148.671585
v -2.133752 8.366512 -150.833740
v -2.133752 8.366512 -148.671585
v -1.841257 8.541826 -150.833740
v -1.841257 8.541826 -148.671585
v -1.532987 8.687627 -150.833740
v -1.532987 8.687627 -148.671585
v -1.211910 8.802510 -150.833740
v -1.211910 8.802510 -148.671585
v -0.881119 8.885369 -150.833740
v -0.881119 8.885369 -148.671585
v -0.543800 8.935407 -150.833740
v -0.543800 8.935407 -148.671585
v -2.450413 6.978780 -148.671585
v -2.292415 7.191814 -148.671585
v -2.114297 7.388337 -148.671585
v -1.917775 7.566455 -148.671585
v -1.704740 7.724452 -148.671585
v -1.477244 7.860807 -148.671585
v -0.987753 8.063562 -148.671585
v -0.730471 8.128007 -148.671585
v -1.237479 7.974208 -148.671585
v -2.853968 4.949969 -148.671585
v -2.586769 4.203197 -148.671585
v -2.700169 4.442962 -148.671585
v -2.789522 4.692687 -148.671585
v -2.114297 3.566142 -148.671585
v -2.292415 3.762666 -148.671585
v -1.704740 3.230027 -148.671585
v -1.917775 3.388024 -148.671585
v -2.450413 3.975700 -148.671585
v 0.324070 2.826471 -148.671585
v 0.831079 2.980271 -148.671585
v 1.070844 3.093671 -148.671585
v 0.581352 2.890918 -148.671585
v 1.511374 3.388024 -148.671585
v 1.707897 3.566142 -148.671585
v 2.044012 3.975700 -148.671585
v 1.886015 3.762666 -148.671585
v 1.298339 3.230027 -148.671585
v 1.298339 7.724452 -148.671585
v 1.886015 7.191814 -148.671585
v 1.707897 7.388337 -148.671585
v 1.511374 7.566455 -148.671585
v 2.293769 6.511518 -148.671585
v 2.180368 6.751284 -148.671585
v 2.447568 6.004510 -148.671585
v 2.383122 6.261792 -148.671585
v 2.044012 6.978780 -148.671585
v -2.905900 5.477240 -148.671585
v -2.892886 5.212329 -148.671585
v -2.892886 5.742150 -148.671585
v -2.789522 6.261792 -148.671585
v -2.586769 6.751284 -148.671585
v -2.700169 6.511518 -148.671585
v -2.853968 6.004510 -148.671585
v -1.237479 2.980271 -148.671585
v -0.730471 2.826471 -148.671585
v -0.987753 2.890918 -148.671585
v -1.477244 3.093671 -148.671585
v -0.468111 8.166924 -148.671585
v 0.061711 8.166924 -148.671585
v -0.203200 8.179939 -148.671585
v -0.468111 2.787554 -148.671585
v 0.061711 2.787554 -148.671585
v -0.203200 2.774540 -148.671585
v 0.324070 8.128007 -148.671585
v 0.831079 7.974208 -148.671585
v 0.581352 8.063562 -148.671585
v 2.383122 4.692687 -148.671585
v 2.293769 4.442962 -148.671585
v 2.180368 4.203197 -148.671585
v 2.499500 5.477240 -148.671585
v 2.486485 5.742150 -148.671585
v 2.447568 4.949969 -148.671585
v 2.486485 5.212329 -148.671585
v 1.070844 7.860807 -148.671585
v 0.581352 8.063562 -150.833740
v 1.070844 7.860807 -150.833740
v 1.298339 7.724452 -150.833740
v 0.831079 7.974208 -150.833740
v 1.707897 7.388337 -150.833740
v 1.886015 7.191814 -150.833740
v 2.180368 6.751284 -150.833740
v 2.044012 6.978779 -150.833740
v 1.511374 7.566455 -150.833740
v 1.070844 3.093671 -150.833740
v 1.707897 3.566142 -150.833740
v 1.511374 3.388024 -150.833740
v 1.298339 3.230027 -150.833740
v 2.180368 4.203196 -150.833740
v 2.044012 3.975700 -150.833740
v 2.293769 4.442961 -150.833740
v 2.383122 4.692687 -150.833740
v 1.886015 3.762665 -150.833740
v -2.586769 4.203196 -150.833740
v -2.450413 3.975700 -150.833740
v -2.114297 3.566142 -150.833740
v -2.292415 3.762665 -150.833740
v -1.917775 3.388024 -150.833740
v -1.704740 3.230027 -150.833740
v -1.237479 2.980270 -150.833740
v -0.987753 2.890917 -150.833740
v -1.477244 3.093671 -150.833740
v -2.789522 6.261791 -150.833740
v -2.450413 6.978779 -150.833740
v -2.586769 6.751284 -150.833740
v -2.700169 6.511518 -150.833740
v -1.917775 7.566455 -150.833740
v -2.114297 7.388337 -150.833740
v -1.477244 7.860807 -150.833740
v -1.704740 7.724452 -150.833740
v -2.292415 7.191814 -150.833740
v -0.468111 8.166924 -150.833740
v 0.061711 8.166924 -150.833740
v -0.203200 8.179939 -150.833740
v 0.324070 2.826471 -150.833740
v 0.581352 2.890917 -150.833740
v 0.324070 8.128007 -150.833740
v 2.383122 6.261791 -150.833740
v 2.293769 6.511518 -150.833740
v 2.499500 5.477239 -150.833740
v 2.486485 5.742150 -150.833740
v 2.447568 4.949969 -150.833740
v 2.486485 5.212329 -150.833740
v 2.447568 6.004510 -150.833740
v 0.831079 2.980270 -150.833740
v -2.905900 5.477239 -150.833740
v -2.853968 4.949969 -150.833740
v -2.892886 5.212329 -150.833740
v -2.892886 5.742150 -150.833740
v -2.700169 4.442961 -150.833740
v -2.789522 4.692687 -150.833740
v -2.853968 6.004510 -150.833740
v -0.987753 8.063562 -150.833740
v -0.730471 8.128007 -150.833740
v -0.468111 2.787554 -150.833740
v 0.061711 2.787554 -150.833740
v -0.203200 2.774540 -150.833740
v -0.730471 2.826471 -150.833740
v -1.237479 7.974208 -150.833740
v -0.203200 -1.858660 -150.833740
v -0.203200 -1.858660 -148.671585
v 0.137399 -1.875393 -150.833740
v 0.137399 -1.875392 -148.671585
v 0.474719 -1.925429 -150.833740
v 0.474719 -1.925429 -148.671585
v 0.805510 -2.008287 -150.833740
v 0.805510 -2.008288 -148.671585
v 1.126586 -2.123171 -150.833740
v 1.126586 -2.123171 -148.671585
v 1.434856 -2.268972 -150.833740
v 1.434856 -2.268972 -148.671585
v 1.727350 -2.444286 -150.833740
v 1.727350 -2.444286 -148.671585
v 2.001253 -2.647426 -150.833740
v 2.001253 -2.647426 -148.671585
v 2.253925 -2.876435 -150.833740
v 2.253925 -2.876435 -148.671585
v 2.482934 -3.129107 -150.833740
v 2.482934 -3.129106 -148.671585
v 2.686074 -3.403009 -150.833740
v 2.686074 -3.403009 -148.671585
v 2.861388 -3.695503 -150.833740
v 2.861388 -3.695503 -148.671585
v 3.007188 -4.003773 -150.833740
v 3.007188 -4.003773 -148.671585
v 3.122072 -4.324850 -150.833740
v 3.122072 -4.324850 -148.671585
v 3.204931 -4.655641 -150.833740
v 3.204931 -4.655641 -148.671585
v 3.254967 -4.992960 -150.833740
v 3.254967 -4.992959 -148.671585
v 3.271699 -5.333560 -150.833740
v 3.271699 -5.333560 -148.671585
v 3.254967 -5.674160 -150.833740
v 3.254967 -5.674159 -148.671585
v 3.204931 -6.011479 -150.833740
v 3.204931 -6.011479 -148.671585
v 3.122072 -6.342270 -150.833740
v 3.122072 -6.342270 -148.671585
v 3.007188 -6.663347 -150.833740
v 3.007188 -6.663346 -148.671585
v 2.861388 -6.971616 -150.833740
v 2.861388 -6.971616 -148.671585
v 2.686074 -7.264111 -150.833740
v 2.686074 -7.264111 -148.671585
v 2.482934 -7.538013 -150.833740
v 2.482934 -7.538013 -148.671585
v 2.253925 -7.790685 -150.833740
v 2.253925 -7.790685 -148.671585
v 2.001253 -8.019694 -150.833740
v 2.001253 -8.019693 -148.671585
v 1.727350 -8.222834 -150.833740
v 1.727350 -8.222834 -148.671585
v 1.434856 -8.398148 -150.833740
v 1.434856 -8.398148 -148.671585
v 1.126586 -8.543948 -150.833740
v 1.126586 -8.543948 -148.671585
v 0.805510 -8.658833 -150.833740
v 0.805510 -8.658833 -148.671585
v 0.474719 -8.741691 -150.833740
v 0.474719 -8.741691 -148.671585
v 0.137399 -8.791728 -150.833740
v 0.137399 -8.791728 -148.671585
v -0.203200 -8.808459 -150.833740
v -0.203200 -8.808459 -148.671585
v -0.543800 -8.791728 -150.833740
v -0.543800 -8.791728 -148.671585
v -0.881119 -8.741691 -150.833740
v -0.881119 -8.741691 -148.671585
v -1.211910 -8.658833 -150.833740
v -1.211910 -8.658833 -148.671585
v -1.532987 -8.543948 -150.833740
v -1.532987 -8.543948 -148.671585
v -1.841257 -8.398148 -150.833740
v -1.841257 -8.398148 -148.671585
v -2.133752 -8.222834 -150.833740
v -2.133752 -8.222834 -148.671585
v -2.407654 -8.019694 -150.833740
v -2.407654 -8.019693 -148.671585
v -2.660325 -7.790685 -150.833740
v -2.660325 -7.790685 -148.671585
v -2.889334 -7.538013 -150.833740
v -2.889334 -7.538013 -148.671585
v -3.092474 -7.264111 -150.833740
v -3.092474 -7.264111 -148.671585
v -3.267788 -6.971616 -150.833740
v -3.267788 -6.971616 -148.671585
v -3.413589 -6.663347 -150.833740
v -3.413589 -6.663346 -148.671585
v -3.528472 -6.342270 -150.833740
v -3.528472 -6.342270 -148.671585
v -3.611331 -6.011479 -150.833740
v -3.611331 -6.011479 -148.671585
v -3.661368 -5.674160 -150.833740
v -3.661368 -5.674159 -148.671585
v -3.678100 -5.333560 -150.833740
v -3.678100 -5.333560 -148.671585
v -3.661368 -4.992960 -150.833740
v -3.661368 -4.992959 -148.671585
v -3.611331 -4.655641 -150.833740
v -3.611331 -4.655641 -148.671585
v -3.528472 -4.324850 -150.833740
v -3.528472 -4.324850 -148.671585
v -3.413589 -4.003773 -150.833740
v -3.413589 -4.003773 -148.671585
v -3.267788 -3.695503 -150.833740
v -3.267788 -3.695503 -148.671585
v -3.092474 -3.403009 -150.833740
v -3.092474 -3.403009 -148.671585
v -2.889334 -3.129107 -150.833740
v -2.889334 -3.129106 -148.671585
v -2.660325 -2.876435 -150.833740
v -2.660325 -2.876435 -148.671585
v -2.407654 -2.647426 -150.833740
v -2.407654 -2.647426 -148.671585
v -2.133752 -2.444286 -150.833740
v -2.133752 -2.444286 -148.671585
v -1.841257 -2.268972 -150.833740
v -1.841257 -2.268972 -148.671585
v -1.532987 -2.123171 -150.833740
v -1.532987 -2.123171 -148.671585
v -1.211910 -2.008287 -150.833740
v -1.211910 -2.008288 -148.671585
v -0.881119 -1.925429 -150.833740
v -0.881119 -1.925429 -148.671585
v -0.543800 -1.875393 -150.833740
v -0.543800 -1.875392 -148.671585
v -2.450413 -3.832020 -148.671585
v -2.292415 -3.618985 -148.671585
v -2.114297 -3.422462 -148.671585
v -1.917775 -3.244344 -148.671585
v -1.704740 -3.086347 -148.671585
v -1.477244 -2.949992 -148.671585
v -0.987753 -2.747237 -148.671585
v -0.730471 -2.682791 -148.671585
v -1.237479 -2.836591 -148.671585
v -2.853968 -5.860829 -148.671585
v -2.586769 -6.607603 -148.671585
v -2.700169 -6.367838 -148.671585
v -2.789522 -6.118112 -148.671585
v -2.114297 -7.244657 -148.671585
v -2.292415 -7.048134 -148.671585
v -1.704740 -7.580772 -148.671585
v -1.917775 -7.422775 -148.671585
v -2.450413 -6.835099 -148.671585
v 0.324070 -7.984327 -148.671585
v 0.831079 -7.830528 -148.671585
v 1.070844 -7.717128 -148.671585
v 0.581352 -7.919882 -148.671585
v 1.511374 -7.422775 -148.671585
v 1.707897 -7.244657 -148.671585
v 2.044012 -6.835099 -148.671585
v 1.886015 -7.048134 -148.671585
v 1.298339 -7.580772 -148.671585
v 1.298339 -3.086347 -148.671585
v 1.886015 -3.618985 -148.671585
v 1.707897 -3.422462 -148.671585
v 1.511374 -3.244344 -148.671585
v 2.293769 -4.299281 -148.671585
v 2.180368 -4.059516 -148.671585
v 2.447568 -4.806289 -148.671585
v 2.383122 -4.549007 -148.671585
v 2.044012 -3.832020 -148.671585
v -2.905900 -5.333560 -148.671585
v -2.892886 -5.598470 -148.671585
v -2.892886 -5.068648 -148.671585
v -2.789522 -4.549007 -148.671585
v -2.586769 -4.059516 -148.671585
v -2.700169 -4.299281 -148.671585
v -2.853968 -4.806289 -148.671585
v -1.237479 -7.830528 -148.671585
v -0.730471 -7.984327 -148.671585
v -0.987753 -7.919882 -148.671585
v -1.477244 -7.717128 -148.671585
v -0.468111 -2.643874 -148.671585
v 0.061711 -2.643874 -148.671585
v -0.203200 -2.630860 -148.671585
v -0.468111 -8.023245 -148.671585
v 0.061711 -8.023245 -148.671585
v -0.203200 -8.036260 -148.671585
v 0.324070 -2.682791 -148.671585
v 0.831079 -2.836591 -148.671585
v 0.581352 -2.747237 -148.671585
v 2.383122 -6.118112 -148.671585
v 2.293769 -6.367838 -148.671585
v 2.180368 -6.607603 -148.671585
v 2.499500 -5.333560 -148.671585
v 2.486485 -5.068648 -148.671585
v 2.447568 -5.860829 -148.671585
v 2.486485 -5.598470 -148.671585
v 1.070844 -2.949992 -148.671585
v 0.581352 -2.747237 -150.833740
v 1.070844 -2.949992 -150.833740
v 1.298339 -3.086347 -150.833740
v 0.831079 -2.836591 -150.833740
v 1.707897 -3.422462 -150.833740
v 1.886015 -3.618985 -150.833740
v 2.180368 -4.059516 -150.833740
v 2.044012 -3.832020 -150.833740
v 1.511374 -3.244345 -150.833740
v 1.070844 -7.717129 -150.833740
v 1.707897 -7.244658 -150.833740
v 1.511374 -7.422775 -150.833740
v 1.298339 -7.580773 -150.833740
v 2.180368 -6.607604 -150.833740
v 2.044012 -6.835099 -150.833740
v 2.293769 -6.367839 -150.833740
v 2.383122 -6.118112 -150.833740
v 1.886015 -7.048135 -150.833740
v -2.586769 -6.607604 -150.833740
v -2.450413 -6.835099 -150.833740
v -2.114297 -7.244658 -150.833740
v -2.292415 -7.048135 -150.833740
v -1.917775 -7.422775 -150.833740
v -1.704740 -7.580773 -150.833740
v -1.237479 -7.830529 -150.833740
v -0.987753 -7.919883 -150.833740
v -1.477244 -7.717129 -150.833740
v -2.789522 -4.549007 -150.833740
v -2.450413 -3.832020 -150.833740
v -2.586769 -4.059516 -150.833740
v -2.700169 -4.299282 -150.833740
v -1.917775 -3.244345 -150.833740
v -2.114297 -3.422462 -150.833740
v -1.477244 -2.949992 -150.833740
v -1.704740 -3.086347 -150.833740
v -2.292415 -3.618985 -150.833740
v -0.468111 -2.643874 -150.833740
v 0.061711 -2.643874 -150.833740
v -0.203200 -2.630860 -150.833740
v 0.324070 -7.984328 -150.833740
v 0.581352 -7.919883 -150.833740
v 0.324070 -2.682792 -150.833740
v 2.383122 -4.549007 -150.833740
v 2.293769 -4.299282 -150.833740
v 2.499500 -5.333560 -150.833740
v 2.486485 -5.068649 -150.833740
v 2.447568 -5.860830 -150.833740
v 2.486485 -5.598471 -150.833740
v 2.447568 -4.806290 -150.833740
v 0.831079 -7.830529 -150.833740
v -2.905900 -5.333560 -150.833740
v -2.853968 -5.860830 -150.833740
v -2.892886 -5.598471 -150.833740
v -2.892886 -5.068649 -150.833740
v -2.700169 -6.367839 -150.833740
v -2.789522 -6.118112 -150.833740
v -2.853968 -4.806290 -150.833740
v -0.987753 -2.747237 -150.833740
v -0.730471 -2.682792 -150.833740
v -0.468111 -8.023245 -150.833740
v 0.061711 -8.023245 -150.833740
v -0.203200 -8.036260 -150.833740
v -0.730471 -7.984328 -150.833740
v -1.237479 -2.836591 -150.833740
vn -0.0000 0.5794 -0.8150
vn -0.0000 0.8238 0.5669
vn 0.0404 0.8228 0.5669
vn 0.0284 0.5787 -0.8150
vn 0.0807 0.8198 0.5669
vn 0.0568 0.5767 -0.8150
vn 0.1209 0.8149 0.5669
vn 0.0850 0.5732 -0.8150
vn 0.1607 0.8080 0.5669
vn 0.1130 0.5684 -0.8150
vn 0.2002 0.7991 0.5669
vn 0.1408 0.5621 -0.8150
vn 0.2391 0.7883 0.5669
vn 0.1682 0.5545 -0.8150
vn 0.2775 0.7756 0.5669
vn 0.1952 0.5456 -0.8150
vn 0.3152 0.7611 0.5669
vn 0.2217 0.5353 -0.8150
vn 0.3522 0.7447 0.5669
vn 0.2477 0.5238 -0.8150
vn 0.3883 0.7265 0.5669
vn 0.2731 0.5110 -0.8150
vn 0.4235 0.7066 0.5669
vn 0.2979 0.4970 -0.8150
vn 0.4577 0.6849 0.5669
vn 0.3219 0.4818 -0.8150
vn 0.4907 0.6617 0.5669
vn 0.3452 0.4654 -0.8150
vn 0.5226 0.6368 0.5669
vn 0.3676 0.4479 -0.8150
vn 0.5532 0.6104 0.5669
vn 0.3891 0.4293 -0.8150
vn 0.5825 0.5825 0.5669
vn 0.4097 0.4097 -0.8150
vn 0.6104 0.5532 0.5669
vn 0.4293 0.3891 -0.8150
vn 0.6368 0.5226 0.5669
vn 0.4480 0.3676 -0.8150
vn 0.6617 0.4907 0.5669
vn 0.4654 0.3452 -0.8150
vn 0.6849 0.4577 0.5669
vn 0.4818 0.3219 -0.8150
vn 0.7066 0.4235 0.5669
vn 0.4970 0.2979 -0.8150
vn 0.7265 0.3883 0.5669
vn 0.5110 0.2731 -0.8150
vn 0.7447 0.3522 0.5669
vn 0.5238 0.2477 -0.8150
vn 0.7611 0.3152 0.5669
vn 0.5353 0.2217 -0.8150
vn 0.7756 0.2775 0.5669
vn 0.5456 0.1952 -0.8150
vn 0.7883 0.2391 0.5669
vn 0.5545 0.1682 -0.8150
vn 0.7991 0.2002 0.5669
vn 0.5621 0.1408 -0.8150
vn 0.8080 0.1607 0.5669
vn 0.5684 0.1130 -0.8150
vn 0.8149 0.1209 0.5669
vn 0.5732 0.0850 -0.8150
vn 0.8198 0.0807 0.5669
vn 0.5767 0.0568 -0.8150
vn 0.8228 0.0404 0.5669
vn 0.5787 0.0284 -0.8150
vn 0.8238 -0.0000 0.5669
vn 0.5794 -0.0000 -0.8150
vn 0.8228 -0.0404 0.5669
vn 0.5787 -0.0284 -0.8150
vn 0.8198 -0.0807 0.5669
vn 0.5767 -0.0568 -0.8150
vn 0.8149 -0.1209 0.5669
vn 0.5732 -0.0850 -0.8150
vn 0.8080 -0.1607 0.5669
vn 0.5684 -0.1130 -0.8150
vn 0.7991 -0.2002 0.5669
vn 0.5621 -0.1408 -0.8150
vn 0.7883 -0.2391 0.5669
vn 0.5545 -0.1682 -0.8150
vn 0.7756 -0.2775 0.5669
vn 0.5456 -0.1952 -0.8150
vn 0.7611 -0.3152 0.5669
vn 0.5353 -0.2217 -0.8150
vn 0.7447 -0.3522 0.5669
vn 0.5238 -0.2477 -0.8150
vn 0.7265 -0.3883 0.5669
vn 0.5110 -0.2731 -0.8150
vn 0.7066 -0.4235 0.5669
vn 0.4970 -0.2979 -0.8150
vn 0.6849 -0.4577 0.5669
vn 0.4818 -0.3219 -0.8150
vn 0.6617 -0.4907 0.5669
vn 0.4654 -0.3452 -0.8150
vn 0.6368 -0.5226 0.5669
vn 0.4479 -0.3676 -0.8150
vn 0.6104 -0.5532 0.5669
vn 0.4293 -0.3891 -0.8150
vn 0.5825 -0.5825 0.5669
vn 0.4097 -0.4097 -0.8150
vn 0.5532 -0.6104 0.5669
vn 0.3891 -0.4293 -0.8150
vn 0.5226 -0.6368 0.5669
vn 0.3676 -0.4480 -0.8150
vn 0.4907 -0.6617 0.5669
vn 0.3452 -0.4654 -0.8150
vn 0.4577 -0.6849 0.5669
vn 0.3219 -0.4818 -0.8150
vn 0.4235 -0.7066 0.5669
vn 0.2979 -0.4970 -0.8150
vn 0.3883 -0.7265 0.5669
vn 0.2731 -0.5110 -0.8150
vn 0.3522 -0.7447 0.5669
vn 0.2477 -0.5238 -0.8150
vn 0.3152 -0.7611 0.5669
vn 0.2217 -0.5353 -0.8150
vn 0.2775 -0.7756 0.5669
vn 0.1952 -0.5456 -0.8150
vn 0.2391 -0.7883 0.5669
vn 0.1682 -0.5545 -0.8150
vn 0.2002 -0.7991 0.5669
vn 0.1408 -0.5621 -0.8150
vn 0.1607 -0.8080 0.5669
vn 0.1130 -0.5684 -0.8150
vn 0.1209 -0.8149 0.5669
vn 0.0850 -0.5732 -0.8150
vn 0.0807 -0.8198 0.5669
vn 0.0568 -0.5767 -0.8150
vn 0.0404 -0.8228 0.5669
vn 0.0284 -0.5787 -0.8150
vn -0.0000 -0.8238 0.5669
vn -0.0000 -0.5794 -0.8150
vn -0.0404 -0.8228 0.5669
vn -0.0284 -0.5787 -0.8150
vn -0.0807 -0.8198 0.5669
vn -0.0568 -0.5766 -0.8150
vn -0.1209 -0.8149 0.5669
vn -0.0850 -0.5732 -0.8150
vn -0.1607 -0.8080 0.5669
vn -0.1130 -0.5684 -0.8150
vn -0.2002 -0.7991 0.5669
vn -0.1408 -0.5621 -0.8150
vn -0.2391 -0.7883 0.5669
vn -0.1682 -0.5545 -0.8150
vn -0.2775 -0.7756 0.5669
vn -0.1952 -0.5456 -0.8150
vn -0.3152 -0.7611 0.5669
vn -0.2217 -0.5353 -0.8150
vn -0.3522 -0.7447 0.5669
vn -0.2477 -0.5238 -0.8150
vn -0.3883 -0.7265 0.5669
vn -0.2731 -0.5110 -0.8150
vn -0.4235 -0.7066 0.5669
vn -0.2979 -0.4970 -0.8150
vn -0.4577 -0.6849 0.5669
vn -0.3219 -0.4818 -0.8150
vn -0.4907 -0.6617 0.5669
vn -0.3452 -0.4654 -0.8150
vn -0.5226 -0.6368 0.5669
vn -0.3676 -0.4479 -0.8150
vn -0.5532 -0.6104 0.5669
vn -0.3891 -0.4293 -0.8150
vn -0.5825 -0.5825 0.5669
vn -0.4097 -0.4097 -0.8150
vn -0.6104 -0.5532 0.5669
vn -0.4293 -0.3891 -0.8150
vn -0.6368 -0.5226 0.5669
vn -0.4479 -0.3676 -0.8150
vn -0.6617 -0.4907 0.5669
vn -0.4654 -0.3452 -0.8150
vn -0.6849 -0.4577 0.5669
vn -0.4818 -0.3219 -0.8150
vn -0.7066 -0.4235 0.5669
vn -0.4970 -0.2979 -0.8150
vn -0.7265 -0.3883 0.5669
vn -0.5110 -0.2731 -0.8150
vn -0.7447 -0.3522 0.5669
vn -0.5238 -0.2477 -0.8150
vn -0.7611 -0.3152 0.5669
vn -0.5353 -0.2217 -0.8150
vn -0.7756 -0.2775 0.5669
vn -0.5456 -0.1952 -0.8150
vn -0.7883 -0.2391 0.5669
vn -0.5545 -0.1682 -0.8150
vn -0.7991 -0.2002 0.5669
vn -0.5621 -0.1408 -0.8150
vn -0.8080 -0.1607 0.5669
vn -0.5684 -0.1130 -0.8150
vn -0.8149 -0.1209 0.5669
vn -0.5732 -0.0850 -0.8150
vn -0.8198 -0.0807 0.5669
vn -0.5767 -0.0568 -0.8150
vn -0.8228 -0.0404 0.5669
vn -0.5787 -0.0284 -0.8150
vn -0.8238 -0.0000 0.5669
vn -0.5794 -0.0000 -0.8150
vn -0.8228 0.0404 0.5669
vn -0.5787 0.0284 -0.8150
vn -0.8198 0.0807 0.5669
vn -0.5767 0.0568 -0.8150
vn -0.8149 0.1209 0.5669
vn -0.5732 0.0850 -0.8150
vn -0.8080 0.1607 0.5669
vn -0.5684 0.1130 -0.8150
vn -0.7991 0.2002 0.5669
vn -0.5621 0.1408 -0.8150
vn -0.7883 0.2391 0.5669
vn -0.5545 0.1682 -0.8150
vn -0.7756 0.2775 0.5669
vn -0.5456 0.1952 -0.8150
vn -0.7611 0.3152 0.5669
vn -0.5353 0.2217 -0.8150
vn -0.7447 0.3522 0.5669
vn -0.5238 0.2477 -0.8150
vn -0.7265 0.3883 0.5669
vn -0.5110 0.2731 -0.8150
vn -0.7066 0.4235 0.5669
vn -0.4970 0.2979 -0.8150
vn -0.6849 0.4577 0.5669
vn -0.4818 0.3219 -0.8150
vn -0.6617 0.4907 0.5669
vn -0.4654 0.3452 -0.8150
vn -0.6368 0.5226 0.5669
vn -0.4479 0.3676 -0.8150
vn -0.6104 0.5532 0.5669
vn -0.4293 0.3891 -0.8150
vn -0.5825 0.5825 0.5669
vn -0.4097 0.4097 -0.8150
vn -0.5532 0.6104 0.5669
vn -0.3891 0.4293 -0.8150
vn -0.5226 0.6368 0.5669
vn -0.3676 0.4480 -0.8150
vn -0.4907 0.6617 0.5669
vn -0.3452 0.4654 -0.8150
vn -0.4577 0.6849 0.5669
vn -0.3219 0.4818 -0.8150
vn -0.4235 0.7066 0.5669
vn -0.2979 0.4970 -0.8150
vn -0.3883 0.7265 0.5669
vn -0.2731 0.5110 -0.8150
vn -0.3522 0.7447 0.5669
vn -0.2477 0.5238 -0.8150
vn -0.3152 0.7611 0.5669
vn -0.2217 0.5353 -0.8150
vn -0.2775 0.7756 0.5669
vn -0.1952 0.5456 -0.8150
vn -0.2391 0.7883 0.5669
vn -0.1682 0.5545 -0.8150
vn -0.2002 0.7991 0.5669
vn -0.1408 0.5621 -0.8150
vn -0.1607 0.8080 0.5669
vn -0.1130 0.5684 -0.8150
vn -0.1209 0.8149 0.5669
vn -0.0850 0.5732 -0.8150
vn -0.0807 0.8198 0.5669
vn -0.0568 0.5767 -0.8150
vn -0.1691 0.1691 0.9710
vn -0.1606 0.1772 0.9710
vn -0.0404 0.8228 0.5669
vn -0.0284 0.5787 -0.8150
vn -0.0000 0.6193 -0.7851
vn -0.0000 0.5395 0.8420
vn 0.0265 0.5388 0.8420
vn 0.0304 0.6186 -0.7851
vn 0.0530 0.5369 0.8420
vn 0.0607 0.6164 -0.7851
vn 0.0792 0.5336 0.8420
vn 0.0909 0.6126 -0.7851
vn 0.1052 0.5291 0.8420
vn 0.1208 0.6074 -0.7851
vn 0.1311 0.5233 0.8420
vn 0.1505 0.6008 -0.7851
vn 0.1566 0.5162 0.8420
vn 0.1798 0.5927 -0.7851
vn 0.1818 0.5079 0.8420
vn 0.2086 0.5832 -0.7851
vn 0.2065 0.4984 0.8420
vn 0.2370 0.5722 -0.7851
vn 0.2307 0.4877 0.8420
vn 0.2648 0.5599 -0.7851
vn 0.2543 0.4758 0.8420
vn 0.2919 0.5462 -0.7851
vn 0.2774 0.4627 0.8420
vn 0.3184 0.5313 -0.7851
vn 0.2998 0.4486 0.8420
vn 0.3441 0.5149 -0.7851
vn 0.3214 0.4333 0.8420
vn 0.3689 0.4975 -0.7851
vn 0.3422 0.4170 0.8420
vn 0.3929 0.4787 -0.7851
vn 0.3623 0.3997 0.8420
vn 0.4160 0.4589 -0.7851
vn 0.3815 0.3815 0.8420
vn 0.4379 0.4379 -0.7851
vn 0.3997 0.3624 0.8420
vn 0.4589 0.4160 -0.7851
vn 0.4170 0.3422 0.8420
vn 0.4787 0.3929 -0.7851
vn 0.4334 0.3214 0.8420
vn 0.4975 0.3689 -0.7851
vn 0.4486 0.2997 0.8420
vn 0.5149 0.3441 -0.7851
vn 0.4628 0.2773 0.8420
vn 0.5313 0.3184 -0.7851
vn 0.4758 0.2543 0.8420
vn 0.5462 0.2919 -0.7851
vn 0.4877 0.2307 0.8420
vn 0.5599 0.2648 -0.7851
vn 0.4984 0.2064 0.8420
vn 0.5722 0.2370 -0.7851
vn 0.5079 0.1817 0.8420
vn 0.5832 0.2086 -0.7851
vn 0.5162 0.1566 0.8420
vn 0.5927 0.1798 -0.7851
vn 0.5233 0.1311 0.8420
vn 0.6008 0.1505 -0.7851
vn 0.5291 0.1052 0.8420
vn 0.6075 0.1208 -0.7851
vn 0.5336 0.0791 0.8420
vn 0.6126 0.0909 -0.7851
vn 0.5369 0.0530 0.8420
vn 0.6164 0.0607 -0.7851
vn 0.5388 0.0265 0.8420
vn 0.6186 0.0304 -0.7851
vn 0.5395 -0.0000 0.8420
vn 0.6193 -0.0000 -0.7851
vn 0.5388 -0.0265 0.8420
vn 0.6186 -0.0304 -0.7851
vn 0.5369 -0.0530 0.8420
vn 0.6164 -0.0607 -0.7851
vn 0.5336 -0.0792 0.8420
vn 0.6126 -0.0909 -0.7851
vn 0.5291 -0.1052 0.8420
vn 0.6074 -0.1208 -0.7851
vn 0.5233 -0.1311 0.8420
vn 0.6008 -0.1505 -0.7851
vn 0.5162 -0.1567 0.8420
vn 0.5927 -0.1798 -0.7851
vn 0.5079 -0.1818 0.8420
vn 0.5832 -0.2086 -0.7851
vn 0.4984 -0.2064 0.8420
vn 0.5722 -0.2370 -0.7851
vn 0.4877 -0.2307 0.8420
vn 0.5599 -0.2648 -0.7851
vn 0.4758 -0.2543 0.8420
vn 0.5462 -0.2919 -0.7851
vn 0.4628 -0.2773 0.8420
vn 0.5313 -0.3184 -0.7851
vn 0.4486 -0.2997 0.8420
vn 0.5149 -0.3441 -0.7851
vn 0.4333 -0.3214 0.8420
vn 0.4975 -0.3689 -0.7851
vn 0.4170 -0.3422 0.8420
vn 0.4787 -0.3929 -0.7851
vn 0.3997 -0.3623 0.8420
vn 0.4589 -0.4160 -0.7851
vn 0.3815 -0.3815 0.8420
vn 0.4379 -0.4379 -0.7851
vn 0.3623 -0.3998 0.8420
vn 0.4160 -0.4589 -0.7851
vn 0.3422 -0.4170 0.8420
vn 0.3929 -0.4787 -0.7851
vn 0.3214 -0.4334 0.8420
vn 0.3689 -0.4975 -0.7851
vn 0.2997 -0.4486 0.8420
vn 0.3441 -0.5149 -0.7851
vn 0.2773 -0.4627 0.8420
vn 0.3184 -0.5313 -0.7851
vn 0.2543 -0.4758 0.8420
vn 0.2919 -0.5462 -0.7851
vn 0.2307 -0.4877 0.8420
vn 0.2648 -0.5599 -0.7851
vn 0.2064 -0.4984 0.8420
vn 0.2370 -0.5722 -0.7851
vn 0.1817 -0.5079 0.8420
vn 0.2086 -0.5832 -0.7851
vn 0.1566 -0.5162 0.8420
vn 0.1798 -0.5927 -0.7851
vn 0.1311 -0.5234 0.8420
vn 0.1505 -0.6008 -0.7851
vn 0.1052 -0.5291 0.8420
vn 0.1208 -0.6074 -0.7851
vn 0.0791 -0.5336 0.8420
vn 0.0909 -0.6126 -0.7851
vn 0.0529 -0.5369 0.8420
vn 0.0607 -0.6164 -0.7851
vn 0.0265 -0.5388 0.8420
vn 0.0304 -0.6186 -0.7851
vn -0.0000 -0.5395 0.8420
vn -0.0000 -0.6193 -0.7851
vn -0.0265 -0.5388 0.8420
vn -0.0304 -0.6186 -0.7851
vn -0.0529 -0.5369 0.8420
vn -0.0607 -0.6164 -0.7851
vn -0.0792 -0.5336 0.8420
vn -0.0909 -0.6126 -0.7851
vn -0.1053 -0.5291 0.8420
vn -0.1208 -0.6074 -0.7851
vn -0.1311 -0.5233 0.8420
vn -0.1505 -0.6008 -0.7851
vn -0.1566 -0.5162 0.8420
vn -0.1798 -0.5927 -0.7851
vn -0.1817 -0.5080 0.8420
vn -0.2086 -0.5832 -0.7851
vn -0.2065 -0.4984 0.8420
vn -0.2370 -0.5722 -0.7851
vn -0.2307 -0.4877 0.8420
vn -0.2648 -0.5599 -0.7851
vn -0.2543 -0.4758 0.8420
vn -0.2919 -0.5462 -0.7851
vn -0.2774 -0.4627 0.8420
vn -0.3184 -0.5313 -0.7851
vn -0.2997 -0.4486 0.8420
vn -0.3441 -0.5149 -0.7851
vn -0.3214 -0.4333 0.8420
vn -0.3689 -0.4975 -0.7851
vn -0.3422 -0.4170 0.8420
vn -0.3929 -0.4787 -0.7851
vn -0.3623 -0.3997 0.8420
vn -0.4160 -0.4589 -0.7851
vn -0.3815 -0.3815 0.8420
vn -0.4379 -0.4379 -0.7851
vn -0.3998 -0.3623 0.8420
vn -0.4589 -0.4160 -0.7851
vn -0.4170 -0.3422 0.8420
vn -0.4787 -0.3929 -0.7851
vn -0.4334 -0.3214 0.8420
vn -0.4975 -0.3689 -0.7851
vn -0.4486 -0.2997 0.8420
vn -0.5149 -0.3441 -0.7851
vn -0.4627 -0.2773 0.8420
vn -0.5313 -0.3184 -0.7851
vn -0.4758 -0.2543 0.8420
vn -0.5462 -0.2919 -0.7851
vn -0.4877 -0.2307 0.8420
vn -0.5599 -0.2648 -0.7851
vn -0.4984 -0.2064 0.8420
vn -0.5722 -0.2370 -0.7851
vn -0.5079 -0.1817 0.8420
vn -0.5832 -0.2086 -0.7851
vn -0.5162 -0.1566 0.8420
vn -0.5927 -0.1798 -0.7851
vn -0.5234 -0.1311 0.8420
vn -0.6008 -0.1505 -0.7851
vn -0.5291 -0.1052 0.8420
vn -0.6075 -0.1208 -0.7851
vn -0.5336 -0.0792 0.8420
vn -0.6126 -0.0909 -0.7851
vn -0.5369 -0.0529 0.8420
vn -0.6164 -0.0607 -0.7851
vn -0.5388 -0.0265 0.8420
vn -0.6186 -0.0304 -0.7851
vn -0.5395 -0.0000 0.8420
vn -0.6193 -0.0000 -0.7851
vn -0.5388 0.0265 0.8420
vn -0.6186 0.0304 -0.7851
vn -0.5369 0.0529 0.8420
vn -0.6164 0.0607 -0.7851
vn -0.5336 0.0792 0.8420
vn -0.6126 0.0909 -0.7851
vn -0.5291 0.1053 0.8420
vn -0.6074 0.1208 -0.7851
vn -0.5233 0.1311 0.8420
vn -0.6008 0.1505 -0.7851
vn -0.5162 0.1566 0.8420
vn -0.5927 0.1798 -0.7851
vn -0.5079 0.1818 0.8420
vn -0.5832 0.2086 -0.7851
vn -0.4984 0.2065 0.8420
vn -0.5722 0.2370 -0.7851
vn -0.4877 0.2307 0.8420
vn -0.5599 0.2648 -0.7851
vn -0.4758 0.2543 0.8420
vn -0.5462 0.2919 -0.7851
vn -0.4627 0.2774 0.8420
vn -0.5313 0.3184 -0.7851
vn -0.4486 0.2998 0.8420
vn -0.5149 0.3441 -0.7851
vn -0.4333 0.3214 0.8420
vn -0.4975 0.3689 -0.7851
vn -0.4170 0.3422 0.8420
vn -0.4787 0.3929 -0.7851
vn -0.3997 0.3623 0.8420
vn -0.4589 0.4160 -0.7851
vn -0.3815 0.3815 0.8420
vn -0.4379 0.4379 -0.7851
vn -0.3623 0.3998 0.8420
vn -0.4160 0.4589 -0.7851
vn -0.3422 0.4170 0.8420
vn -0.3929 0.4787 -0.7851
vn -0.3214 0.4334 0.8420
vn -0.3689 0.4975 -0.7851
vn -0.2997 0.4486 0.8420
vn -0.3441 0.5149 -0.7851
vn -0.2773 0.4627 0.8420
vn -0.3184 0.5313 -0.7851
vn -0.2543 0.4758 0.8420
vn -0.2919 0.5462 -0.7851
vn -0.2307 0.4877 0.8420
vn -0.2648 0.5599 -0.7851
vn -0.2064 0.4984 0.8420
vn -0.2370 0.5722 -0.7851
vn -0.1817 0.5079 0.8420
vn -0.2086 0.5832 -0.7851
vn -0.1566 0.5162 0.8420
vn -0.1798 0.5927 -0.7851
vn -0.1311 0.5234 0.8420
vn -0.1505 0.6008 -0.7851
vn -0.1052 0.5291 0.8420
vn -0.1208 0.6074 -0.7851
vn -0.0792 0.5336 0.8420
vn -0.0909 0.6126 -0.7851
vn -0.0529 0.5369 0.8420
vn -0.0607 0.6164 -0.7851
vn -0.0265 0.5388 0.8420
vn -0.0304 0.6186 -0.7851
vn 0.0117 0.2389 0.9710
vn -0.0000 0.2391 0.9710
vn -0.0117 0.2389 0.9710
vn -0.0234 0.2380 0.9710
vn -0.0351 0.2366 0.9710
vn -0.0467 0.2346 0.9710
vn -0.0581 0.2320 0.9710
vn -0.0694 0.2289 0.9710
vn -0.0806 0.2252 0.9710
vn -0.0915 0.2209 0.9710
vn -0.1023 0.2162 0.9710
vn -0.1127 0.2109 0.9710
vn -0.1229 0.2051 0.9710
vn -0.1329 0.1988 0.9710
vn -0.1425 0.1921 0.9710
vn -0.1517 0.1849 0.9710
vn -0.1772 0.1606 0.9710
vn -0.1849 0.1517 0.9710
vn -0.1921 0.1425 0.9710
vn -0.1988 0.1329 0.9710
vn -0.2051 0.1229 0.9710
vn -0.2109 0.1127 0.9710
vn -0.2162 0.1022 0.9710
vn -0.2209 0.0915 0.9710
vn -0.2252 0.0806 0.9710
vn -0.2289 0.0694 0.9710
vn -0.2320 0.0581 0.9710
vn -0.2346 0.0467 0.9710
vn -0.2366 0.0351 0.9710
vn -0.2380 0.0234 0.9710
vn -0.2389 0.0117 0.9710
vn -0.2392 -0.0000 0.9710
vn -0.2389 -0.0117 0.9710
vn -0.2380 -0.0234 0.9710
vn -0.2366 -0.0351 0.9710
vn -0.2346 -0.0467 0.9710
vn -0.2320 -0.0581 0.9710
vn -0.2289 -0.0694 0.9710
vn -0.2252 -0.0806 0.9710
vn -0.2209 -0.0915 0.9710
vn -0.2162 -0.1022 0.9710
vn -0.2109 -0.1127 0.9710
vn -0.2051 -0.1229 0.9710
vn -0.1988 -0.1329 0.9710
vn -0.1921 -0.1425 0.9710
vn -0.1849 -0.1517 0.9710
vn -0.1772 -0.1606 0.9710
vn -0.1691 -0.1691 0.9710
vn -0.1606 -0.1772 0.9710
vn -0.1517 -0.1849 0.9710
vn -0.1425 -0.1921 0.9710
vn -0.1329 -0.1988 0.9710
vn -0.1229 -0.2051 0.9710
vn -0.1127 -0.2109 0.9710
vn -0.1023 -0.2162 0.9710
vn -0.0915 -0.2209 0.9710
vn -0.0806 -0.2252 0.9710
vn -0.0694 -0.2289 0.9710
vn -0.0581 -0.2320 0.9710
vn -0.0467 -0.2346 0.9710
vn -0.0351 -0.2366 0.9710
vn -0.0234 -0.2380 0.9710
vn -0.0117 -0.2389 0.9710
vn -0.0000 -0.2392 0.9710
vn 0.0117 -0.2389 0.9710
vn 0.0234 -0.2380 0.9710
vn 0.0351 -0.2366 0.9710
vn 0.0467 -0.2346 0.9710
vn 0.0581 -0.2320 0.9710
vn 0.0694 -0.2289 0.9710
vn 0.0806 -0.2252 0.9710
vn 0.0915 -0.2209 0.9710
vn 0.1023 -0.2162 0.9710
vn 0.1127 -0.2109 0.9710
vn 0.1229 -0.2051 0.9710
vn 0.1329 -0.1988 0.9710
vn 0.1425 -0.1921 0.9710
vn 0.1517 -0.1849 0.9710
vn 0.1606 -0.1772 0.9710
vn 0.1691 -0.1691 0.9710
vn 0.1772 -0.1606 0.9710
vn 0.1849 -0.1517 0.9710
vn 0.1921 -0.1425 0.9710
vn 0.1988 -0.1329 0.9710
vn 0.2051 -0.1229 0.9710
vn 0.2109 -0.1127 0.9710
vn 0.2162 -0.1022 0.9710
vn 0.2209 -0.0915 0.9710
vn 0.2252 -0.0806 0.9710
vn 0.2289 -0.0694 0.9710
vn 0.2320 -0.0581 0.9710
vn 0.2346 -0.0467 0.9710
vn 0.2366 -0.0351 0.9710
vn 0.2380 -0.0234 0.9710
vn 0.2389 -0.0117 0.9710
vn 0.2392 -0.0000 0.9710
vn 0.2389 0.0117 0.9710
vn 0.2380 0.0234 0.9710
vn 0.2366 0.0351 0.9710
vn 0.2346 0.0467 0.9710
vn 0.2320 0.0581 0.9710
vn 0.2289 0.0694 0.9710
vn 0.2252 0.0806 0.9710
vn 0.2209 0.0915 0.9710
vn 0.2162 0.1022 0.9710
vn 0.2109 0.1127 0.9710
vn 0.2051 0.1229 0.9710
vn 0.1988 0.1329 0.9710
vn 0.1921 0.1425 0.9710
vn 0.1849 0.1517 0.9710
vn 0.1772 0.1606 0.9710
vn 0.1691 0.1691 0.9710
vn 0.1606 0.1772 0.9710
vn 0.1517 0.1849 0.9710
vn 0.1425 0.1921 0.9710
vn 0.1329 0.1988 0.9710
vn 0.1229 0.2051 0.9710
vn 0.1127 0.2109 0.9710
vn 0.1023 0.2162 0.9710
vn 0.0915 0.2209 0.9710
vn 0.0806 0.2252 0.9710
vn 0.0694 0.2289 0.9710
vn 0.0581 0.2320 0.9710
vn 0.0467 0.2346 0.9710
vn 0.0351 0.2366 0.9710
vn 0.0234 0.2380 0.9710
vn 0.0001 0.5794 -0.8150
vn -0.0000 0.5794 0.8150
vn 0.0284 0.5787 0.8150
vn 0.0568 0.5766 0.8150
vn 0.0850 0.5732 0.8150
vn 0.1130 0.5684 0.8150
vn 0.1408 0.5621 0.8150
vn 0.1682 0.5545 0.8150
vn 0.1952 0.5456 0.8150
vn 0.2217 0.5354 0.8150
vn 0.2477 0.5238 0.8150
vn 0.2731 0.5110 0.8150
vn 0.2979 0.4970 0.8150
vn 0.3219 0.4819 0.8150
vn 0.3452 0.4654 0.8150
vn 0.3676 0.4479 0.8150
vn 0.3891 0.4293 0.8150
vn 0.4097 0.4098 0.8150
vn 0.4294 0.3891 0.8150
vn 0.4480 0.3676 0.8150
vn 0.4655 0.3452 0.8150
vn 0.4818 0.3219 0.8150
vn 0.4971 0.2979 0.8150
vn 0.5110 0.2731 0.8150
vn 0.5238 0.2477 0.8150
vn 0.5353 0.2217 0.8150
vn 0.5456 0.1952 0.8150
vn 0.5545 0.1682 0.8150
vn 0.5621 0.1408 0.8150
vn 0.5684 0.1130 0.8150
vn 0.5732 0.0850 0.8150
vn 0.5767 0.0568 0.8150
vn 0.5787 0.0284 0.8150
vn 0.5788 0.0284 -0.8150
vn 0.5794 -0.0000 0.8150
vn 0.5787 -0.0284 0.8150
vn 0.5767 -0.0568 0.8150
vn 0.5732 -0.0850 0.8150
vn 0.5684 -0.1130 0.8150
vn 0.5621 -0.1408 0.8150
vn 0.5545 -0.1682 0.8150
vn 0.5456 -0.1952 0.8150
vn 0.5354 -0.2217 0.8150
vn 0.5238 -0.2478 0.8150
vn 0.5110 -0.2731 0.8150
vn 0.4970 -0.2979 0.8150
vn 0.4819 -0.3218 0.8150
vn 0.4654 -0.3453 0.8150
vn 0.4479 -0.3677 0.8150
vn 0.4293 -0.3892 0.8150
vn 0.4097 -0.4097 0.8150
vn 0.3891 -0.4293 0.8150
vn 0.3676 -0.4480 0.8150
vn 0.3452 -0.4655 0.8150
vn 0.3219 -0.4819 0.8150
vn 0.2979 -0.4971 0.8150
vn 0.2731 -0.5110 0.8150
vn 0.2477 -0.5238 0.8150
vn 0.2217 -0.5354 0.8150
vn 0.1953 -0.5456 0.8150
vn 0.1682 -0.5545 0.8150
vn 0.1408 -0.5621 0.8150
vn 0.1130 -0.5684 0.8150
vn 0.0849 -0.5732 0.8150
vn 0.0568 -0.5766 0.8150
vn 0.0284 -0.5787 0.8150
vn 0.0284 -0.5788 -0.8150
vn -0.0001 -0.5794 0.8150
vn -0.0284 -0.5787 0.8150
vn -0.0568 -0.5766 0.8150
vn -0.0568 -0.5767 -0.8150
vn -0.0849 -0.5732 0.8150
vn -0.1131 -0.5683 0.8150
vn -0.1408 -0.5621 0.8150
vn -0.1682 -0.5545 0.8150
vn -0.1952 -0.5456 0.8150
vn -0.2218 -0.5353 0.8150
vn -0.2478 -0.5238 0.8150
vn -0.2732 -0.5110 0.8150
vn -0.2979 -0.4970 0.8150
vn -0.3219 -0.4819 0.8150
vn -0.3453 -0.4654 0.8150
vn -0.3676 -0.4479 0.8150
vn -0.3892 -0.4293 0.8150
vn -0.4097 -0.4098 0.8150
vn -0.4293 -0.3891 0.8150
vn -0.4480 -0.3676 0.8150
vn -0.4655 -0.3452 0.8150
vn -0.4819 -0.3219 0.8150
vn -0.4970 -0.2980 0.8150
vn -0.5111 -0.2731 0.8150
vn -0.5238 -0.2477 0.8150
vn -0.5239 -0.2477 -0.8150
vn -0.5353 -0.2217 0.8150
vn -0.5456 -0.1952 0.8150
vn -0.5545 -0.1682 0.8150
vn -0.5621 -0.1408 0.8150
vn -0.5684 -0.1130 0.8150
vn -0.5732 -0.0850 0.8150
vn -0.5767 -0.0568 0.8150
vn -0.5787 -0.0284 0.8150
vn -0.5794 -0.0000 0.8150
vn -0.5787 0.0283 0.8150
vn -0.5767 0.0568 0.8150
vn -0.5766 0.0568 -0.8150
vn -0.5732 0.0850 0.8150
vn -0.5684 0.1130 0.8150
vn -0.5683 0.1130 -0.8150
vn -0.5621 0.1409 0.8150
vn -0.5546 0.1681 0.8150
vn -0.5456 0.1952 0.8150
vn -0.5353 0.2218 0.8150
vn -0.5238 0.2478 0.8150
vn -0.5110 0.2732 0.8150
vn -0.4970 0.2979 0.8150
vn -0.4818 0.3220 0.8150
vn -0.4654 0.3452 0.8150
vn -0.4479 0.3676 0.8150
vn -0.4293 0.3891 0.8150
vn -0.4098 0.4097 0.8150
vn -0.3891 0.4293 0.8150
vn -0.3677 0.4479 0.8150
vn -0.3452 0.4654 0.8150
vn -0.3219 0.4818 0.8150
vn -0.2979 0.4971 0.8150
vn -0.2731 0.5110 0.8150
vn -0.2477 0.5238 0.8150
vn -0.2217 0.5354 0.8150
vn -0.1952 0.5456 0.8150
vn -0.1682 0.5545 0.8150
vn -0.1408 0.5621 0.8150
vn -0.1130 0.5684 0.8150
vn -0.0849 0.5732 0.8150
vn -0.0568 0.5767 0.8150
vn -0.0000 -0.0000 1.0000
vn -0.0284 0.5788 0.8150
vn -0.0000 -0.0000 -1.0000
vn -0.0001 -0.0000 -1.0000
vn -0.0491 -0.9988 -0.0000
vn -0.1467 -0.9892 -0.0000
vn -0.2430 -0.9700 -0.0000
vn -0.3369 -0.9415 -0.0000
vn -0.4276 -0.9040 -0.0000
vn -0.5141 -0.8577 -0.0000
vn -0.5957 -0.8032 -0.0000
vn -0.6716 -0.7410 -0.0000
vn -0.7410 -0.6716 -0.0000
vn -0.8032 -0.5957 -0.0000
vn -0.8577 -0.5141 -0.0000
vn -0.9040 -0.4276 -0.0000
vn -0.9415 -0.3369 -0.0000
vn -0.9700 -0.2430 -0.0000
vn -0.9892 -0.1467 -0.0000
vn -0.9988 -0.0491 -0.0000
vn -0.9988 0.0491 -0.0000
vn -0.9892 0.1467 -0.0000
vn -0.9700 0.2430 -0.0000
vn -0.9415 0.3369 -0.0000
vn -0.9040 0.4276 -0.0000
vn -0.8577 0.5141 -0.0000
vn -0.8032 0.5957 -0.0000
vn -0.7410 0.6716 -0.0000
vn -0.6716 0.7410 -0.0000
vn -0.5957 0.8032 -0.0000
vn -0.5141 0.8577 -0.0000
vn -0.4276 0.9040 -0.0000
vn -0.3369 0.9415 -0.0000
vn -0.2430 0.9700 -0.0000
vn -0.1467 0.9892 -0.0000
vn -0.0491 0.9988 -0.0000
vn 0.0491 0.9988 -0.0000
vn 0.1467 0.9892 -0.0000
vn 0.2430 0.9700 -0.0000
vn 0.3369 0.9415 -0.0000
vn 0.4276 0.9040 -0.0000
vn 0.5141 0.8577 -0.0000
vn 0.5957 0.8032 -0.0000
vn 0.6716 0.7409 -0.0000
vn 0.7409 0.6716 -0.0000
vn 0.8032 0.5957 -0.0000
vn 0.8577 0.5141 -0.0000
vn 0.9040 0.4276 -0.0000
vn 0.9415 0.3369 -0.0000
vn 0.9700 0.2430 -0.0000
vn 0.9892 0.1467 -0.0000
vn 0.9988 0.0491 -0.0000
vn 0.9988 -0.0491 -0.0000
vn 0.9892 -0.1467 -0.0000
vn 0.9700 -0.2430 -0.0000
vn 0.9415 -0.3369 -0.0000
vn 0.9040 -0.4276 -0.0000
vn 0.8577 -0.5141 -0.0000
vn 0.8032 -0.5957 -0.0000
vn 0.7409 -0.6716 -0.0000
vn 0.6716 -0.7410 -0.0000
vn 0.5957 -0.8032 -0.0000
vn 0.5141 -0.8577 -0.0000
vn 0.4276 -0.9040 -0.0000
vn 0.3369 -0.9415 -0.0000
vn 0.2430 -0.9700 -0.0000
vn 0.1467 -0.9892 -0.0000
vn 0.0491 -0.9988 -0.0000
vn -0.7409 -0.6716 -0.0000
vn -0.7409 0.6716 -0.0000
vn -0.6716 0.7409 -0.0000
vn 0.6716 0.7410 -0.0000
vn -0.0000 0.5852 -0.8109
vn -0.0000 0.5852 0.8109
vn 0.0574 0.5824 0.8109
vn 0.0574 0.5824 -0.8109
vn 0.1142 0.5740 0.8108
vn 0.1142 0.5740 -0.8108
vn 0.1699 0.5600 0.8109
vn 0.1699 0.5600 -0.8109
vn 0.2240 0.5407 0.8108
vn 0.2240 0.5407 -0.8108
vn 0.2759 0.5161 0.8109
vn 0.2759 0.5161 -0.8109
vn 0.3251 0.4866 0.8109
vn 0.3251 0.4866 -0.8109
vn 0.3713 0.4524 0.8108
vn 0.3713 0.4524 -0.8108
vn 0.4138 0.4138 0.8109
vn 0.4138 0.4138 -0.8109
vn 0.4524 0.3713 0.8108
vn 0.4524 0.3713 -0.8108
vn 0.4866 0.3251 0.8109
vn 0.4866 0.3251 -0.8109
vn 0.5161 0.2759 0.8109
vn 0.5161 0.2759 -0.8109
vn 0.5407 0.2240 0.8108
vn 0.5407 0.2240 -0.8108
vn 0.5600 0.1699 0.8109
vn 0.5600 0.1699 -0.8109
vn 0.5740 0.1142 0.8108
vn 0.5740 0.1142 -0.8108
vn 0.5824 0.0573 0.8109
vn 0.5824 0.0574 -0.8109
vn 0.5852 0.0001 0.8109
vn 0.5852 -0.0000 -0.8109
vn 0.5824 -0.0574 0.8109
vn 0.5824 -0.0574 -0.8109
vn 0.5740 -0.1142 0.8108
vn 0.5740 -0.1142 -0.8108
vn 0.5600 -0.1699 0.8109
vn 0.5600 -0.1699 -0.8109
vn 0.5407 -0.2240 0.8108
vn 0.5407 -0.2240 -0.8108
vn 0.5161 -0.2759 0.8109
vn 0.5161 -0.2759 -0.8109
vn 0.4866 -0.3251 0.8109
vn 0.4866 -0.3251 -0.8109
vn 0.4524 -0.3713 0.8108
vn 0.4524 -0.3713 -0.8108
vn 0.4138 -0.4138 0.8109
vn 0.4138 -0.4138 -0.8109
vn 0.3713 -0.4524 0.8108
vn 0.3713 -0.4524 -0.8108
vn 0.3251 -0.4866 0.8109
vn 0.3251 -0.4866 -0.8109
vn 0.2759 -0.5161 0.8109
vn 0.2759 -0.5161 -0.8109
vn 0.2240 -0.5407 0.8108
vn 0.2240 -0.5407 -0.8108
vn 0.1699 -0.5600 0.8109
vn 0.1699 -0.5600 -0.8109
vn 0.1142 -0.5740 0.8108
vn 0.1142 -0.5740 -0.8108
vn 0.0573 -0.5824 0.8109
vn 0.0574 -0.5824 -0.8109
vn -0.0000 -0.5852 0.8109
vn -0.0000 -0.5852 -0.8109
vn -0.0574 -0.5824 0.8109
vn -0.0574 -0.5824 -0.8109
vn -0.1142 -0.5740 0.8108
vn -0.1142 -0.5740 -0.8108
vn -0.1699 -0.5600 0.8109
vn -0.1699 -0.5600 -0.8109
vn -0.2240 -0.5407 0.8108
vn -0.2240 -0.5407 -0.8108
vn -0.2759 -0.5161 0.8109
vn -0.2759 -0.5161 -0.8109
vn -0.3251 -0.4866 0.8109
vn -0.3251 -0.4866 -0.8109
vn -0.3713 -0.4524 0.8108
vn -0.3713 -0.4524 -0.8108
vn -0.4138 -0.4138 0.8109
vn -0.4138 -0.4138 -0.8109
vn -0.4524 -0.3713 0.8108
vn -0.4524 -0.3713 -0.8108
vn -0.4866 -0.3251 0.8109
vn -0.4866 -0.3251 -0.8109
vn -0.5161 -0.2759 0.8109
vn -0.5161 -0.2759 -0.8109
vn -0.5407 -0.2240 0.8108
vn -0.5407 -0.2240 -0.8108
vn -0.5600 -0.1699 0.8109
vn -0.5600 -0.1699 -0.8109
vn -0.5740 -0.1142 0.8108
vn -0.5740 -0.1142 -0.8108
vn -0.5824 -0.0573 0.8109
vn -0.5824 -0.0574 -0.8109
vn -0.5852 -0.0001 0.8109
vn -0.5852 -0.0000 -0.8109
vn -0.5824 0.0574 0.8109
vn -0.5824 0.0574 -0.8109
vn -0.5740 0.1143 0.8108
vn -0.5740 0.1142 -0.8108
vn -0.5600 0.1700 0.8109
vn -0.5600 0.1699 -0.8109
vn -0.5407 0.2240 0.8108
vn -0.5407 0.2240 -0.8108
vn -0.5161 0.2759 0.8109
vn -0.5161 0.2759 -0.8109
vn -0.4866 0.3251 0.8109
vn -0.4866 0.3251 -0.8109
vn -0.4524 0.3713 0.8108
vn -0.4524 0.3713 -0.8108
vn -0.4138 0.4138 0.8109
vn -0.4138 0.4138 -0.8109
vn -0.3713 0.4524 0.8108
vn -0.3713 0.4524 -0.8108
vn -0.3251 0.4866 0.8109
vn -0.3251 0.4866 -0.8109
vn -0.2759 0.5161 0.8109
vn -0.2759 0.5161 -0.8109
vn -0.2240 0.5407 0.8108
vn -0.2240 0.5407 -0.8108
vn -0.1699 0.5600 0.8109
vn -0.1699 0.5600 -0.8109
vn -0.1142 0.5740 0.8108
vn -0.1142 0.5740 -0.8108
vn -0.0574 0.5824 0.8109
vn -0.0574 0.5824 -0.8109
vn 0.6716 -0.7409 -0.0000
vn 0.1143 0.5740 0.8108
vn 0.1700 0.5600 0.8109
vn 0.3714 0.4524 0.8108
vn 0.5852 -0.0000 0.8109
vn 0.1143 -0.5740 0.8108
vn -0.5824 -0.0574 0.8109
vn -0.5852 -0.0000 0.8109
vn -0.5600 0.1699 0.8109
vn -0.4524 0.3714 0.8108
vn -0.3714 0.4524 0.8108
vn -0.6716 -0.7409 -0.0000
vn 0.5600 0.1700 0.8109
vn 0.5740 -0.1143 0.8108
vn 0.5600 -0.1700 0.8109
vn 0.0001 -0.5852 0.8109
vn -0.5740 0.1142 0.8108
vn 0.7410 0.6716 -0.0000
vn 0.7410 -0.6716 -0.0000
vn 0.5824 0.0574 0.8109
vn -0.0001 -0.5852 0.8109
vn -0.4524 -0.3714 0.8108
vt 1.000000 0.500000
vt 1.000000 1.000000
vt 0.992188 1.000000
vt 0.992188 0.500000
vt 0.984375 1.000000
vt 0.984375 0.500000
vt 0.976562 1.000000
vt 0.976562 0.500000
vt 0.968750 1.000000
vt 0.968750 0.500000
vt 0.960938 1.000000
vt 0.960938 0.500000
vt 0.953125 1.000000
vt 0.953125 0.500000
vt 0.945312 1.000000
vt 0.945312 0.500000
vt 0.937500 1.000000
vt 0.937500 0.500000
vt 0.929688 1.000000
vt 0.929688 0.500000
vt 0.921875 1.000000
vt 0.921875 0.500000
vt 0.914062 1.000000
vt 0.914062 0.500000
vt 0.906250 1.000000
vt 0.906250 0.500000
vt 0.898438 1.000000
vt 0.898438 0.500000
vt 0.890625 1.000000
vt 0.890625 0.500000
vt 0.882812 1.000000
vt 0.882812 0.500000
vt 0.875000 1.000000
vt 0.875000 0.500000
vt 0.867188 1.000000
vt 0.867188 0.500000
vt 0.859375 1.000000
vt 0.859375 0.500000
vt 0.851562 1.000000
vt 0.851562 0.500000
vt 0.843750 1.000000
vt 0.843750 0.500000
vt 0.835938 1.000000
vt 0.835938 0.500000
vt 0.828125 1.000000
vt 0.828125 0.500000
vt 0.820312 1.000000
vt 0.820312 0.500000
vt 0.812500 1.000000
vt 0.812500 0.500000
vt 0.804688 1.000000
vt 0.804688 0.500000
vt 0.796875 1.000000
vt 0.796875 0.500000
vt 0.789062 1.000000
vt 0.789062 0.500000
vt 0.781250 1.000000
vt 0.781250 0.500000
vt 0.773438 1.000000
vt 0.773438 0.500000
vt 0.765625 1.000000
vt 0.765625 0.500000
vt 0.757812 1.000000
vt 0.757812 0.500000
vt 0.750000 1.000000
vt 0.750000 0.500000
vt 0.742188 1.000000
vt 0.742188 0.500000
vt 0.734375 1.000000
vt 0.734375 0.500000
vt 0.726562 1.000000
vt 0.726562 0.500000
vt 0.718750 1.000000
vt 0.718750 0.500000
vt 0.710938 1.000000
vt 0.710938 0.500000
vt 0.703125 1.000000
vt 0.703125 0.500000
vt 0.695312 1.000000
vt 0.695312 0.500000
vt 0.687500 1.000000
vt 0.687500 0.500000
vt 0.679688 1.000000
vt 0.679688 0.500000
vt 0.671875 1.000000
vt 0.671875 0.500000
vt 0.664062 1.000000
vt 0.664062 0.500000
vt 0.656250 1.000000
vt 0.656250 0.500000
vt 0.648438 1.000000
vt 0.648438 0.500000
vt 0.640625 1.000000
vt 0.640625 0.500000
vt 0.632812 1.000000
vt 0.632812 0.500000
vt 0.625000 1.000000
vt 0.625000 0.500000
vt 0.617188 1.000000
vt 0.617188 0.500000
vt 0.609375 1.000000
vt 0.609375 0.500000
vt 0.601562 1.000000
vt 0.601562 0.500000
vt 0.593750 1.000000
vt 0.593750 0.500000
vt 0.585938 1.000000
vt 0.585938 0.500000
vt 0.578125 1.000000
vt 0.578125 0.500000
vt 0.570312 1.000000
vt 0.570312 0.500000
vt 0.562500 1.000000
vt 0.562500 0.500000
vt 0.554688 1.000000
vt 0.554688 0.500000
vt 0.546875 1.000000
vt 0.546875 0.500000
vt 0.539062 1.000000
vt 0.539062 0.500000
vt 0.531250 1.000000
vt 0.531250 0.500000
vt 0.523438 1.000000
vt 0.523438 0.500000
vt 0.515625 1.000000
vt 0.515625 0.500000
vt 0.507812 1.000000
vt 0.507812 0.500000
vt 0.500000 1.000000
vt 0.500000 0.500000
vt 0.492188 1.000000
vt 0.492188 0.500000
vt 0.484375 1.000000
vt 0.484375 0.500000
vt 0.476562 1.000000
vt 0.476562 0.500000
vt 0.468750 1.000000
vt 0.468750 0.500000
vt 0.460938 1.000000
vt 0.460938 0.500000
vt 0.453125 1.000000
vt 0.453125 0.500000
vt 0.445312 1.000000
vt 0.445312 0.500000
vt 0.437500 1.000000
vt 0.437500 0.500000
vt 0.429688 1.000000
vt 0.429688 0.500000
vt 0.421875 1.000000
vt 0.421875 0.500000
vt 0.414062 1.000000
vt 0.414062 0.500000
vt 0.406250 1.000000
vt 0.406250 0.500000
vt 0.398438 1.000000
vt 0.398438 0.500000
vt 0.390625 1.000000
vt 0.390625 0.500000
vt 0.382812 1.000000
vt 0.382812 0.500000
vt 0.375000 1.000000
vt 0.375000 0.500000
vt 0.367188 1.000000
vt 0.367188 0.500000
vt 0.359375 1.000000
vt 0.359375 0.500000
vt 0.351562 1.000000
vt 0.351562 0.500000
vt 0.343750 1.000000
vt 0.343750 0.500000
vt 0.335938 1.000000
vt 0.335938 0.500000
vt 0.328125 1.000000
vt 0.328125 0.500000
vt 0.320312 1.000000
vt 0.320312 0.500000
vt 0.312500 1.000000
vt 0.312500 0.500000
vt 0.304688 1.000000
vt 0.304688 0.500000
vt 0.296875 1.000000
vt 0.296875 0.500000
vt 0.289062 1.000000
vt 0.289062 0.500000
vt 0.281250 1.000000
vt 0.281250 0.500000
vt 0.273438 1.000000
vt 0.273438 0.500000
vt 0.265625 1.000000
vt 0.265625 0.500000
vt 0.257812 1.000000
vt 0.257812 0.500000
vt 0.250000 1.000000
vt 0.250000 0.500000
vt 0.242188 1.000000
vt 0.242188 0.500000
vt 0.234375 1.000000
vt 0.234375 0.500000
vt 0.226562 1.000000
vt 0.226562 0.500000
vt 0.218750 1.000000
vt 0.218750 0.500000
vt 0.210938 1.000000
vt 0.210938 0.500000
vt 0.203125 1.000000
vt 0.203125 0.500000
vt 0.195312 1.000000
vt 0.195312 0.500000
vt 0.187500 1.000000
vt 0.187500 0.500000
vt 0.179688 1.000000
vt 0.179688 0.500000
vt 0.171875 1.000000
vt 0.171875 0.500000
vt 0.164062 1.000000
vt 0.164062 0.500000
vt 0.156250 1.000000
vt 0.156250 0.500000
vt 0.148438 1.000000
vt 0.148438 0.500000
vt 0.140625 1.000000
vt 0.140625 0.500000
vt 0.132812 1.000000
vt 0.132812 0.500000
vt 0.125000 1.000000
vt 0.125000 0.500000
vt 0.117188 1.000000
vt 0.117188 0.500000
vt 0.109375 1.000000
vt 0.109375 0.500000
vt 0.101562 1.000000
vt 0.101562 0.500000
vt 0.093750 1.000000
vt 0.093750 0.500000
vt 0.085938 1.000000
vt 0.085938 0.500000
vt 0.078125 1.000000
vt 0.078125 0.500000
vt 0.070312 1.000000
vt 0.070312 0.500000
vt 0.062500 1.000000
vt 0.062500 0.500000
vt 0.054688 1.000000
vt 0.054688 0.500000
vt 0.046875 1.000000
vt 0.046875 0.500000
vt 0.039062 1.000000
vt 0.039062 0.500000
vt 0.031250 1.000000
vt 0.031250 0.500000
vt 0.023438 1.000000
vt 0.023438 0.500000
vt 0.015625 1.000000
vt 0.015625 0.500000
vt 0.007812 1.000000
vt 0.007812 0.500000
vt 0.000000 1.000000
vt 0.000000 0.500000
vt 0.750000 0.490000
vt 0.761776 0.489711
vt 0.773524 0.488844
vt 0.785215 0.487402
vt 0.796822 0.485388
vt 0.808315 0.482808
vt 0.819668 0.479666
vt 0.830854 0.475971
vt 0.841844 0.471731
vt 0.852613 0.466957
vt 0.863135 0.461661
vt 0.873385 0.455855
vt 0.883337 0.449553
vt 0.892968 0.442770
vt 0.902254 0.435522
vt 0.911174 0.427828
vt 0.919706 0.419706
vt 0.927828 0.411174
vt 0.935522 0.402254
vt 0.942770 0.392968
vt 0.949553 0.383337
vt 0.955855 0.373385
vt 0.961661 0.363135
vt 0.966957 0.352613
vt 0.971731 0.341844
vt 0.975971 0.330854
vt 0.979666 0.319668
vt 0.982808 0.308315
vt 0.985388 0.296822
vt 0.987402 0.285215
vt 0.988844 0.273524
vt 0.989711 0.261776
vt 0.990000 0.250000
vt 0.989711 0.238224
vt 0.988844 0.226476
vt 0.987402 0.214785
vt 0.985388 0.203178
vt 0.982808 0.191685
vt 0.979666 0.180332
vt 0.975971 0.169146
vt 0.971731 0.158156
vt 0.966957 0.147387
vt 0.961661 0.136865
vt 0.955855 0.126615
vt 0.949553 0.116663
vt 0.942770 0.107032
vt 0.935522 0.097746
vt 0.927828 0.088826
vt 0.919706 0.080294
vt 0.911174 0.072172
vt 0.902254 0.064478
vt 0.892968 0.057230
vt 0.883337 0.050447
vt 0.873385 0.044145
vt 0.863135 0.038339
vt 0.852613 0.033043
vt 0.841844 0.028269
vt 0.830854 0.024029
vt 0.819668 0.020334
vt 0.808315 0.017192
vt 0.796822 0.014612
vt 0.785215 0.012598
vt 0.773524 0.011156
vt 0.761776 0.010289
vt 0.750000 0.010000
vt 0.738224 0.010289
vt 0.726476 0.011156
vt 0.714785 0.012598
vt 0.703178 0.014612
vt 0.691685 0.017192
vt 0.680332 0.020334
vt 0.669146 0.024029
vt 0.658156 0.028269
vt 0.647387 0.033043
vt 0.636865 0.038339
vt 0.626615 0.044145
vt 0.616663 0.050447
vt 0.607032 0.057230
vt 0.597746 0.064478
vt 0.588826 0.072172
vt 0.580294 0.080294
vt 0.572172 0.088826
vt 0.564478 0.097746
vt 0.557230 0.107032
vt 0.550447 0.116663
vt 0.544145 0.126615
vt 0.538339 0.136865
vt 0.533043 0.147387
vt 0.528269 0.158156
vt 0.524029 0.169146
vt 0.520334 0.180332
vt 0.517192 0.191685
vt 0.514612 0.203178
vt 0.512598 0.214785
vt 0.511156 0.226476
vt 0.510289 0.238224
vt 0.510000 0.250000
vt 0.510289 0.261776
vt 0.511156 0.273524
vt 0.512598 0.285215
vt 0.514612 0.296822
vt 0.517192 0.308315
vt 0.520334 0.319668
vt 0.524029 0.330854
vt 0.528269 0.341844
vt 0.533043 0.352613
vt 0.538339 0.363135
vt 0.544145 0.373385
vt 0.550447 0.383337
vt 0.557230 0.392968
vt 0.564478 0.402254
vt 0.572172 0.411174
vt 0.580294 0.419706
vt 0.588826 0.427828
vt 0.597746 0.435522
vt 0.607032 0.442770
vt 0.616663 0.449553
vt 0.626615 0.455855
vt 0.636865 0.461661
vt 0.647387 0.466957
vt 0.658156 0.471731
vt 0.669146 0.475971
vt 0.680332 0.479666
vt 0.691685 0.482808
vt 0.703178 0.485388
vt 0.714785 0.487402
vt 0.726476 0.488844
vt 0.738224 0.489711
vt 0.261776 0.489711
vt 0.250000 0.490000
vt 0.238224 0.489711
vt 0.226476 0.488844
vt 0.214785 0.487402
vt 0.203178 0.485388
vt 0.191685 0.482808
vt 0.180332 0.479666
vt 0.169146 0.475971
vt 0.158156 0.471731
vt 0.147387 0.466957
vt 0.136865 0.461661
vt 0.126615 0.455855
vt 0.116663 0.449553
vt 0.107032 0.442770
vt 0.097746 0.435522
vt 0.088826 0.427828
vt 0.080294 0.419706
vt 0.072172 0.411174
vt 0.064477 0.402254
vt 0.057230 0.392968
vt 0.050447 0.383337
vt 0.044145 0.373385
vt 0.038339 0.363135
vt 0.033043 0.352613
vt 0.028269 0.341844
vt 0.024029 0.330854
vt 0.020334 0.319668
vt 0.017192 0.308315
vt 0.014612 0.296822
vt 0.012598 0.285215
vt 0.011156 0.273524
vt 0.010289 0.261776
vt 0.010000 0.250000
vt 0.010289 0.238224
vt 0.011156 0.226476
vt 0.012598 0.214785
vt 0.014612 0.203178
vt 0.017192 0.191685
vt 0.020334 0.180332
vt 0.024029 0.169146
vt 0.028269 0.158156
vt 0.033043 0.147387
vt 0.038339 0.136865
vt 0.044145 0.126615
vt 0.050447 0.116663
vt 0.057230 0.107032
vt 0.064477 0.097746
vt 0.072172 0.088826
vt 0.080294 0.080294
vt 0.088826 0.072172
vt 0.097746 0.064477
vt 0.107032 0.057230
vt 0.116663 0.050447
vt 0.126615 0.044145
vt 0.136865 0.038339
vt 0.147387 0.033043
vt 0.158156 0.028269
vt 0.169146 0.024029
vt 0.180332 0.020334
vt 0.191685 0.017192
vt 0.203178 0.014612
vt 0.214785 0.012598
vt 0.226476 0.011156
vt 0.238224 0.010289
vt 0.250000 0.010000
vt 0.261776 0.010289
vt 0.273524 0.011156
vt 0.285215 0.012598
vt 0.296822 0.014612
vt 0.308315 0.017192
vt 0.319668 0.020334
vt 0.330854 0.024029
vt 0.341844 0.028269
vt 0.352613 0.033043
vt 0.363135 0.038339
vt 0.373385 0.044145
vt 0.383337 0.050447
vt 0.392968 0.057230
vt 0.402254 0.064477
vt 0.411174 0.072172
vt 0.419706 0.080294
vt 0.427828 0.088826
vt 0.435522 0.097746
vt 0.442770 0.107032
vt 0.449553 0.116663
vt 0.455855 0.126615
vt 0.461661 0.136865
vt 0.466957 0.147387
vt 0.471731 0.158156
vt 0.475971 0.169146
vt 0.479666 0.180332
vt 0.482808 0.191685
vt 0.485388 0.203178
vt 0.487402 0.214785
vt 0.488844 0.226476
vt 0.489711 0.238224
vt 0.490000 0.250000
vt 0.489711 0.261776
vt 0.488844 0.273524
vt 0.487402 0.285215
vt 0.485388 0.296822
vt 0.482808 0.308315
vt 0.479666 0.319668
vt 0.475971 0.330854
vt 0.471731 0.341844
vt 0.466957 0.352613
vt 0.461661 0.363135
vt 0.455855 0.373385
vt 0.449553 0.383337
vt 0.442770 0.392968
vt 0.435522 0.402254
vt 0.427828 0.411174
vt 0.419706 0.419706
vt 0.411174 0.427828
vt 0.402254 0.435522
vt 0.392968 0.442770
vt 0.383337 0.449553
vt 0.373385 0.455855
vt 0.363135 0.461661
vt 0.352613 0.466957
vt 0.341844 0.471731
vt 0.330854 0.475971
vt 0.319668 0.479666
vt 0.308315 0.482808
vt 0.296822 0.485388
vt 0.285215 0.487402
vt 0.273524 0.488844
vt 0.064478 0.402254
vt 0.064478 0.097746
vt 0.097746 0.064478
vt 0.402254 0.064478
vt 0.143531 0.192145
vt 0.137804 0.191295
vt 0.132023 0.191011
vt 0.126241 0.191295
vt 0.120514 0.192145
vt 0.114899 0.193551
vt 0.109448 0.195502
vt 0.104215 0.197976
vt 0.099250 0.200953
vt 0.094600 0.204401
vt 0.090311 0.208289
vt 0.086424 0.212578
vt 0.082975 0.217228
vt 0.079999 0.222193
vt 0.077524 0.227426
vt 0.075574 0.232876
vt 0.074167 0.238492
vt 0.073318 0.244218
vt 0.073034 0.250000
vt 0.073318 0.255782
vt 0.074167 0.261508
vt 0.075574 0.267123
vt 0.077524 0.272574
vt 0.079999 0.277807
vt 0.082975 0.282772
vt 0.085849 0.286647
vt 0.425833 0.238492
vt 0.424426 0.232876
vt 0.422476 0.227426
vt 0.420001 0.222193
vt 0.417025 0.217228
vt 0.413576 0.212578
vt 0.409689 0.208289
vt 0.405400 0.204401
vt 0.400750 0.200953
vt 0.395785 0.197977
vt 0.390552 0.195501
vt 0.385101 0.193551
vt 0.379486 0.192145
vt 0.373759 0.191295
vt 0.367977 0.191011
vt 0.362196 0.191295
vt 0.356470 0.192145
vt 0.350854 0.193551
vt 0.345403 0.195501
vt 0.340170 0.197977
vt 0.335205 0.200953
vt 0.330555 0.204401
vt 0.294334 0.170841
vt 0.295599 0.169445
vt 0.299047 0.164795
vt 0.302023 0.159830
vt 0.304498 0.154596
vt 0.306449 0.149146
vt 0.307855 0.143531
vt 0.308705 0.137804
vt 0.308989 0.132022
vt 0.308705 0.126241
vt 0.307855 0.120514
vt 0.306449 0.114899
vt 0.304498 0.109448
vt 0.302024 0.104215
vt 0.299047 0.099250
vt 0.295599 0.094600
vt 0.291711 0.090311
vt 0.287422 0.086424
vt 0.282773 0.082975
vt 0.277807 0.079999
vt 0.272574 0.077524
vt 0.267124 0.075574
vt 0.261508 0.074167
vt 0.255782 0.073318
vt 0.250000 0.073034
vt 0.244218 0.073318
vt 0.238492 0.074167
vt 0.232876 0.075574
vt 0.227426 0.077524
vt 0.222193 0.079999
vt 0.217228 0.082975
vt 0.212578 0.086424
vt 0.208289 0.090311
vt 0.204401 0.094600
vt 0.200953 0.099250
vt 0.197977 0.104215
vt 0.195501 0.109448
vt 0.193551 0.114899
vt 0.192145 0.120514
vt 0.191295 0.126241
vt 0.191011 0.132022
vt 0.191295 0.137804
vt 0.192145 0.143531
vt 0.193551 0.149146
vt 0.195502 0.154596
vt 0.197977 0.159830
vt 0.200953 0.164795
vt 0.204401 0.169444
vt 0.208289 0.173734
vt 0.212578 0.177621
vt 0.217228 0.181070
vt 0.222193 0.184046
vt 0.227426 0.186521
vt 0.232876 0.188471
vt 0.238492 0.189878
vt 0.244218 0.190727
vt 0.250000 0.191011
vt 0.255782 0.190727
vt 0.261508 0.189878
vt 0.267123 0.188471
vt 0.272574 0.186521
vt 0.277807 0.184046
vt 0.282772 0.181070
vt 0.287422 0.177621
vt 0.291711 0.173734
vt 0.326266 0.208289
vt 0.322378 0.212578
vt 0.318930 0.217228
vt 0.315954 0.222193
vt 0.313479 0.227426
vt 0.311529 0.232876
vt 0.310122 0.238492
vt 0.309273 0.244218
vt 0.308989 0.250000
vt 0.309273 0.255782
vt 0.310122 0.261508
vt 0.311529 0.267124
vt 0.313479 0.272574
vt 0.315954 0.277807
vt 0.318930 0.282772
vt 0.322379 0.287422
vt 0.326266 0.291711
vt 0.330555 0.295599
vt 0.335205 0.299047
vt 0.340170 0.302023
vt 0.299047 0.335205
vt 0.295599 0.330556
vt 0.291711 0.326266
vt 0.287422 0.322379
vt 0.282772 0.318930
vt 0.277807 0.315954
vt 0.272574 0.313479
vt 0.267123 0.311529
vt 0.261508 0.310122
vt 0.255782 0.309273
vt 0.250000 0.308989
vt 0.244218 0.309273
vt 0.238492 0.310122
vt 0.232876 0.311529
vt 0.227426 0.313479
vt 0.222193 0.315954
vt 0.217228 0.318930
vt 0.212578 0.322379
vt 0.208289 0.326266
vt 0.204401 0.330555
vt 0.200953 0.335205
vt 0.197977 0.340170
vt 0.195501 0.345403
vt 0.193551 0.350854
vt 0.192145 0.356469
vt 0.191295 0.362196
vt 0.191011 0.367977
vt 0.191295 0.373759
vt 0.192145 0.379486
vt 0.193551 0.385101
vt 0.195501 0.390552
vt 0.197977 0.395785
vt 0.200953 0.400750
vt 0.204401 0.405400
vt 0.208289 0.409689
vt 0.212578 0.413576
vt 0.217228 0.417025
vt 0.222193 0.420001
vt 0.227426 0.422476
vt 0.232877 0.424426
vt 0.238492 0.425833
vt 0.244218 0.426682
vt 0.086424 0.287422
vt 0.090311 0.291711
vt 0.094600 0.295599
vt 0.099250 0.299047
vt 0.104215 0.302023
vt 0.109448 0.304498
vt 0.114899 0.306449
vt 0.120514 0.307855
vt 0.126241 0.308705
vt 0.132022 0.308989
vt 0.137804 0.308705
vt 0.143531 0.307855
vt 0.149146 0.306449
vt 0.154596 0.304498
vt 0.159830 0.302023
vt 0.164795 0.299047
vt 0.169445 0.295599
vt 0.173734 0.291711
vt 0.177621 0.287422
vt 0.181070 0.282772
vt 0.184046 0.277807
vt 0.186521 0.272574
vt 0.188471 0.267123
vt 0.189878 0.261508
vt 0.190727 0.255782
vt 0.191011 0.250000
vt 0.190727 0.244218
vt 0.189878 0.238492
vt 0.188471 0.232876
vt 0.186521 0.227426
vt 0.184046 0.222193
vt 0.181070 0.217228
vt 0.177621 0.212578
vt 0.173734 0.208289
vt 0.169445 0.204401
vt 0.164795 0.200953
vt 0.159830 0.197976
vt 0.154596 0.195501
vt 0.149146 0.193551
vt 0.250000 0.426966
vt 0.255782 0.426682
vt 0.261508 0.425833
vt 0.267123 0.424426
vt 0.272574 0.422476
vt 0.277807 0.420001
vt 0.282772 0.417025
vt 0.287422 0.413577
vt 0.291711 0.409689
vt 0.295599 0.405400
vt 0.299047 0.400750
vt 0.302023 0.395784
vt 0.304498 0.390552
vt 0.306449 0.385101
vt 0.307855 0.379486
vt 0.308705 0.373759
vt 0.308989 0.367977
vt 0.308705 0.362196
vt 0.307855 0.356469
vt 0.306449 0.350854
vt 0.304498 0.345403
vt 0.302023 0.340171
vt 0.345404 0.304499
vt 0.350854 0.306449
vt 0.356469 0.307855
vt 0.362196 0.308705
vt 0.367978 0.308989
vt 0.373759 0.308705
vt 0.379486 0.307855
vt 0.385101 0.306449
vt 0.390552 0.304498
vt 0.395785 0.302023
vt 0.400750 0.299047
vt 0.405400 0.295599
vt 0.409689 0.291711
vt 0.413576 0.287422
vt 0.417025 0.282772
vt 0.420001 0.277807
vt 0.422476 0.272574
vt 0.424426 0.267124
vt 0.425833 0.261508
vt 0.426682 0.255782
vt 0.426966 0.250000
vt 0.426682 0.244218
vt 0.926682 0.255782
vt 0.925833 0.261508
vt 0.924426 0.267123
vt 0.922476 0.272574
vt 0.920001 0.277807
vt 0.917025 0.282772
vt 0.913577 0.287422
vt 0.909689 0.291711
vt 0.905400 0.295599
vt 0.900750 0.299047
vt 0.895784 0.302023
vt 0.890552 0.304498
vt 0.885101 0.306449
vt 0.879486 0.307855
vt 0.873759 0.308705
vt 0.867977 0.308989
vt 0.862196 0.308705
vt 0.856470 0.307855
vt 0.850854 0.306449
vt 0.845403 0.304498
vt 0.840171 0.302024
vt 0.835205 0.299048
vt 0.830555 0.295599
vt 0.826267 0.291711
vt 0.822378 0.287422
vt 0.818931 0.282772
vt 0.815954 0.277807
vt 0.813479 0.272574
vt 0.811529 0.267123
vt 0.810122 0.261508
vt 0.809273 0.255782
vt 0.808989 0.250000
vt 0.809273 0.244218
vt 0.810122 0.238492
vt 0.811529 0.232876
vt 0.813479 0.227426
vt 0.815954 0.222193
vt 0.818930 0.217228
vt 0.822378 0.212578
vt 0.826267 0.208289
vt 0.830556 0.204401
vt 0.835205 0.200953
vt 0.840170 0.197977
vt 0.845403 0.195501
vt 0.649146 0.193551
vt 0.654597 0.195502
vt 0.659830 0.197977
vt 0.664795 0.200953
vt 0.669445 0.204401
vt 0.673734 0.208289
vt 0.698914 0.161394
vt 0.697976 0.159830
vt 0.695502 0.154596
vt 0.693551 0.149146
vt 0.692144 0.143531
vt 0.691296 0.137805
vt 0.691011 0.132022
vt 0.691296 0.126241
vt 0.692145 0.120514
vt 0.693552 0.114899
vt 0.695501 0.109448
vt 0.697977 0.104215
vt 0.700953 0.099250
vt 0.704401 0.094600
vt 0.708288 0.090311
vt 0.712578 0.086424
vt 0.717227 0.082975
vt 0.722193 0.079999
vt 0.727426 0.077524
vt 0.732877 0.075574
vt 0.738492 0.074167
vt 0.744218 0.073318
vt 0.750000 0.073034
vt 0.755782 0.073318
vt 0.761508 0.074167
vt 0.767124 0.075574
vt 0.772574 0.077524
vt 0.777807 0.079999
vt 0.782772 0.082975
vt 0.787422 0.086424
vt 0.791711 0.090311
vt 0.795599 0.094600
vt 0.799048 0.099250
vt 0.802023 0.104215
vt 0.804498 0.109448
vt 0.806449 0.114899
vt 0.807856 0.120514
vt 0.808705 0.126241
vt 0.808989 0.132022
vt 0.808704 0.137804
vt 0.807855 0.143531
vt 0.806448 0.149146
vt 0.804499 0.154597
vt 0.802023 0.159830
vt 0.799047 0.164795
vt 0.795599 0.169445
vt 0.791711 0.173734
vt 0.787422 0.177621
vt 0.782773 0.181070
vt 0.777807 0.184046
vt 0.772574 0.186521
vt 0.767123 0.188471
vt 0.761508 0.189878
vt 0.755782 0.190727
vt 0.750000 0.191011
vt 0.744218 0.190727
vt 0.738492 0.189878
vt 0.732876 0.188471
vt 0.727426 0.186521
vt 0.722193 0.184046
vt 0.717228 0.181070
vt 0.712578 0.177621
vt 0.708288 0.173734
vt 0.704401 0.169445
vt 0.701324 0.165295
vt 0.677621 0.212578
vt 0.681070 0.217228
vt 0.684046 0.222193
vt 0.686521 0.227426
vt 0.688471 0.232876
vt 0.689878 0.238492
vt 0.690727 0.244218
vt 0.691011 0.250000
vt 0.690727 0.255782
vt 0.689878 0.261508
vt 0.688471 0.267123
vt 0.686521 0.272574
vt 0.684046 0.277807
vt 0.681070 0.282772
vt 0.677621 0.287422
vt 0.673734 0.291711
vt 0.708374 0.326189
vt 0.712578 0.322379
vt 0.717227 0.318930
vt 0.722193 0.315954
vt 0.727426 0.313479
vt 0.732877 0.311529
vt 0.738492 0.310122
vt 0.744218 0.309273
vt 0.750000 0.308989
vt 0.755782 0.309273
vt 0.761508 0.310122
vt 0.767123 0.311529
vt 0.772574 0.313479
vt 0.777807 0.315954
vt 0.782772 0.318930
vt 0.787422 0.322379
vt 0.791711 0.326266
vt 0.795599 0.330556
vt 0.799047 0.335205
vt 0.802023 0.340170
vt 0.804499 0.345404
vt 0.806449 0.350854
vt 0.807855 0.356469
vt 0.808705 0.362196
vt 0.808988 0.367977
vt 0.808705 0.373759
vt 0.807855 0.379486
vt 0.806449 0.385101
vt 0.804499 0.390552
vt 0.802024 0.395785
vt 0.799047 0.400750
vt 0.795599 0.405399
vt 0.791711 0.409689
vt 0.787422 0.413576
vt 0.782773 0.417025
vt 0.777807 0.420001
vt 0.772574 0.422476
vt 0.767123 0.424426
vt 0.761508 0.425833
vt 0.755782 0.426682
vt 0.750000 0.426966
vt 0.744218 0.426682
vt 0.738492 0.425833
vt 0.732876 0.424426
vt 0.727426 0.422476
vt 0.722193 0.420001
vt 0.717228 0.417025
vt 0.712578 0.413576
vt 0.708289 0.409689
vt 0.704401 0.405399
vt 0.700952 0.400750
vt 0.697977 0.395785
vt 0.695501 0.390552
vt 0.693551 0.385101
vt 0.692145 0.379486
vt 0.691295 0.373759
vt 0.691011 0.367978
vt 0.691295 0.362196
vt 0.692145 0.356469
vt 0.693551 0.350854
vt 0.695501 0.345404
vt 0.697976 0.340170
vt 0.700953 0.335205
vt 0.704401 0.330555
vt 0.705336 0.329524
vt 0.669445 0.295599
vt 0.664795 0.299047
vt 0.659829 0.302023
vt 0.654596 0.304498
vt 0.649146 0.306449
vt 0.643531 0.307855
vt 0.637804 0.308705
vt 0.632023 0.308989
vt 0.626241 0.308705
vt 0.620514 0.307855
vt 0.614899 0.306449
vt 0.609448 0.304498
vt 0.604215 0.302023
vt 0.599250 0.299047
vt 0.594600 0.295599
vt 0.590311 0.291711
vt 0.586423 0.287422
vt 0.582975 0.282772
vt 0.579999 0.277807
vt 0.577524 0.272574
vt 0.700953 0.164795
vt 0.708288 0.326266
vt 0.575574 0.267124
vt 0.574167 0.261508
vt 0.573318 0.255782
vt 0.573034 0.250000
vt 0.573318 0.244218
vt 0.574167 0.238492
vt 0.575574 0.232876
vt 0.577524 0.227426
vt 0.579999 0.222193
vt 0.582975 0.217228
vt 0.586423 0.212578
vt 0.590311 0.208289
vt 0.594601 0.204401
vt 0.599250 0.200953
vt 0.604216 0.197977
vt 0.609449 0.195502
vt 0.614899 0.193551
vt 0.620514 0.192145
vt 0.626240 0.191295
vt 0.632022 0.191011
vt 0.637804 0.191295
vt 0.643531 0.192145
vt 0.926966 0.250000
vt 0.850854 0.193551
vt 0.856470 0.192145
vt 0.862196 0.191295
vt 0.867978 0.191011
vt 0.873759 0.191295
vt 0.879485 0.192145
vt 0.885101 0.193551
vt 0.890552 0.195501
vt 0.895785 0.197977
vt 0.900749 0.200953
vt 0.905400 0.204401
vt 0.909689 0.208289
vt 0.913577 0.212578
vt 0.917025 0.217228
vt 0.920001 0.222193
vt 0.922476 0.227426
vt 0.924426 0.232876
vt 0.925833 0.238492
vt 0.926682 0.244218
vt 0.984375 0.583333
vt 0.984375 0.916667
vt 1.000000 0.916667
vt 1.000000 0.583333
vt 0.968750 0.583333
vt 0.968750 0.916667
vt 0.953125 0.583333
vt 0.953125 0.916667
vt 0.937500 0.583333
vt 0.937500 0.916667
vt 0.921875 0.583333
vt 0.921875 0.916667
vt 0.906250 0.583333
vt 0.906250 0.916667
vt 0.890625 0.583333
vt 0.890625 0.916667
vt 0.875000 0.583333
vt 0.875000 0.916667
vt 0.859375 0.916667
vt 0.859375 0.583333
vt 0.843750 0.916667
vt 0.843750 0.583333
vt 0.828125 0.916667
vt 0.828125 0.583333
vt 0.812500 0.916667
vt 0.812500 0.583333
vt 0.796875 0.916667
vt 0.796875 0.583333
vt 0.781250 0.916667
vt 0.781250 0.583333
vt 0.765625 0.916667
vt 0.765625 0.583333
vt 0.750000 0.916667
vt 0.750000 0.583333
vt 0.734375 0.916667
vt 0.734375 0.583333
vt 0.718750 0.916667
vt 0.718750 0.583333
vt 0.703125 0.916667
vt 0.703125 0.583333
vt 0.687500 0.916667
vt 0.687500 0.583333
vt 0.671875 0.916667
vt 0.671875 0.583333
vt 0.656250 0.916667
vt 0.656250 0.583333
vt 0.640625 0.916667
vt 0.640625 0.583333
vt 0.625000 0.916667
vt 0.625000 0.583333
vt 0.609375 0.916667
vt 0.609375 0.583333
vt 0.593750 0.916667
vt 0.593750 0.583333
vt 0.578125 0.916667
vt 0.578125 0.583333
vt 0.562500 0.916667
vt 0.562500 0.583333
vt 0.546875 0.916667
vt 0.546875 0.583333
vt 0.531250 0.916667
vt 0.531250 0.583333
vt 0.515625 0.916667
vt 0.515625 0.583333
vt 0.500000 0.916667
vt 0.500000 0.583333
vt 0.484375 0.916667
vt 0.484375 0.583333
vt 0.468750 0.916667
vt 0.468750 0.583333
vt 0.453125 0.916667
vt 0.453125 0.583333
vt 0.437500 0.916667
vt 0.437500 0.583333
vt 0.421875 0.916667
vt 0.421875 0.583333
vt 0.406250 0.916667
vt 0.406250 0.583333
vt 0.390625 0.916667
vt 0.390625 0.583333
vt 0.375000 0.916667
vt 0.375000 0.583333
vt 0.359375 0.583333
vt 0.359375 0.916667
vt 0.343750 0.583333
vt 0.343750 0.916667
vt 0.328125 0.583333
vt 0.328125 0.916667
vt 0.312500 0.583333
vt 0.312500 0.916667
vt 0.296875 0.583333
vt 0.296875 0.916667
vt 0.281250 0.583333
vt 0.281250 0.916667
vt 0.265625 0.583333
vt 0.265625 0.916667
vt 0.250000 0.583333
vt 0.250000 0.916667
vt 0.234375 0.583333
vt 0.234375 0.916667
vt 0.218750 0.583333
vt 0.218750 0.916667
vt 0.203125 0.583333
vt 0.203125 0.916667
vt 0.187500 0.583333
vt 0.187500 0.916667
vt 0.171875 0.583333
vt 0.171875 0.916667
vt 0.156250 0.583333
vt 0.156250 0.916667
vt 0.140625 0.583333
vt 0.140625 0.916667
vt 0.125000 0.583333
vt 0.125000 0.916667
vt 0.109375 0.583333
vt 0.109375 0.916667
vt 0.093750 0.583333
vt 0.093750 0.916667
vt 0.078125 0.583333
vt 0.078125 0.916667
vt 0.062500 0.583333
vt 0.062500 0.916667
vt 0.046875 0.583333
vt 0.046875 0.916667
vt 0.031250 0.583333
vt 0.031250 0.916667
vt 0.015625 0.583333
vt 0.015625 0.916667
vt 0.000000 0.583333
vt 0.000000 0.916667
vt 0.143229 0.916667
vt 0.375309 0.583333
vt 0.363132 0.583333
vt 0.864460 0.916667
vt 0.166951 0.583333
vt 0.154569 0.583333
vt 0.433080 0.213583
vt 0.428629 0.195814
vt 0.422458 0.178566
vt 0.414625 0.162006
vt 0.405208 0.146294
vt 0.394295 0.131580
vt 0.381993 0.118007
vt 0.368420 0.105705
vt 0.353707 0.094792
vt 0.337994 0.085375
vt 0.321434 0.077543
vt 0.304187 0.071371
vt 0.286417 0.066920
vt 0.268297 0.064232
vt 0.250000 0.063333
vt 0.231704 0.064232
vt 0.213583 0.066920
vt 0.195814 0.071371
vt 0.178566 0.077543
vt 0.162006 0.085375
vt 0.146294 0.094792
vt 0.131580 0.105705
vt 0.118007 0.118007
vt 0.105705 0.131580
vt 0.094792 0.146294
vt 0.085375 0.162006
vt 0.077543 0.178566
vt 0.071371 0.195814
vt 0.066920 0.213583
vt 0.064232 0.231704
vt 0.063333 0.250000
vt 0.064232 0.268297
vt 0.066920 0.286417
vt 0.071371 0.304187
vt 0.077543 0.321435
vt 0.085375 0.337994
vt 0.094792 0.353707
vt 0.105705 0.368420
vt 0.118007 0.381993
vt 0.131580 0.394296
vt 0.146294 0.405208
vt 0.162006 0.414626
vt 0.178566 0.422458
vt 0.195814 0.428629
vt 0.213583 0.433080
vt 0.231703 0.435768
vt 0.250000 0.436667
vt 0.268297 0.435768
vt 0.286417 0.433080
vt 0.304186 0.428629
vt 0.321434 0.422458
vt 0.337994 0.414625
vt 0.353706 0.405208
vt 0.368420 0.394295
vt 0.381993 0.381993
vt 0.394295 0.368420
vt 0.405208 0.353706
vt 0.414625 0.337994
vt 0.422457 0.321434
vt 0.428629 0.304186
vt 0.433080 0.286417
vt 0.435768 0.268297
vt 0.436667 0.250000
vt 0.435768 0.231703
vt 0.894296 0.131580
vt 0.905208 0.146294
vt 0.914626 0.162006
vt 0.922458 0.178566
vt 0.928629 0.195814
vt 0.933080 0.213583
vt 0.935769 0.231704
vt 0.936667 0.250000
vt 0.935769 0.268297
vt 0.933081 0.286417
vt 0.928630 0.304187
vt 0.922458 0.321435
vt 0.914626 0.337994
vt 0.905208 0.353707
vt 0.894296 0.368420
vt 0.881994 0.381993
vt 0.868421 0.394296
vt 0.853707 0.405208
vt 0.837995 0.414625
vt 0.821435 0.422458
vt 0.804187 0.428629
vt 0.786417 0.433080
vt 0.768296 0.435768
vt 0.750000 0.436667
vt 0.731703 0.435768
vt 0.713583 0.433080
vt 0.695814 0.428629
vt 0.678566 0.422458
vt 0.662006 0.414625
vt 0.646293 0.405208
vt 0.631580 0.394295
vt 0.618007 0.381993
vt 0.605705 0.368420
vt 0.902254 0.064477
vt 0.597746 0.064477
vt 0.594792 0.353706
vt 0.585375 0.337994
vt 0.577542 0.321434
vt 0.571371 0.304186
vt 0.566920 0.286417
vt 0.564232 0.268297
vt 0.563333 0.250000
vt 0.564232 0.231703
vt 0.566920 0.213583
vt 0.571371 0.195814
vt 0.577542 0.178566
vt 0.585375 0.162006
vt 0.594792 0.146294
vt 0.605705 0.131580
vt 0.618007 0.118007
vt 0.631580 0.105705
vt 0.646294 0.094792
vt 0.662006 0.085375
vt 0.678566 0.077543
vt 0.695814 0.071371
vt 0.713583 0.066920
vt 0.731704 0.064232
vt 0.750000 0.063333
vt 0.768297 0.064232
vt 0.786417 0.066920
vt 0.804187 0.071371
vt 0.821435 0.077543
vt 0.837994 0.085375
vt 0.853707 0.094792
vt 0.868421 0.105705
vt 0.881994 0.118007
vt 0.984375 0.511905
vt 0.984375 0.988095
vt 1.000000 0.988095
vt 1.000000 0.511905
vt 0.968750 0.511905
vt 0.968750 0.988095
vt 0.953125 0.511905
vt 0.953125 0.988095
vt 0.937500 0.511905
vt 0.937500 0.988095
vt 0.921875 0.511905
vt 0.921875 0.988095
vt 0.906250 0.511905
vt 0.906250 0.988095
vt 0.890625 0.511905
vt 0.890625 0.988095
vt 0.875000 0.511905
vt 0.875000 0.988095
vt 0.859375 0.988095
vt 0.859375 0.511905
vt 0.843750 0.988095
vt 0.843750 0.511905
vt 0.828125 0.988095
vt 0.828125 0.511905
vt 0.812500 0.988095
vt 0.812500 0.511905
vt 0.796875 0.988095
vt 0.796875 0.511905
vt 0.781250 0.988095
vt 0.781250 0.511905
vt 0.765625 0.988095
vt 0.765625 0.511905
vt 0.750000 0.988095
vt 0.750000 0.511905
vt 0.734375 0.988095
vt 0.734375 0.511905
vt 0.718750 0.988095
vt 0.718750 0.511905
vt 0.703125 0.988095
vt 0.703125 0.511905
vt 0.687500 0.988095
vt 0.687500 0.511905
vt 0.671875 0.988095
vt 0.671875 0.511905
vt 0.656250 0.988095
vt 0.656250 0.511905
vt 0.640625 0.988095
vt 0.640625 0.511905
vt 0.625000 0.988095
vt 0.625000 0.511905
vt 0.609375 0.988095
vt 0.609375 0.511905
vt 0.593750 0.988095
vt 0.593750 0.511905
vt 0.578125 0.988095
vt 0.578125 0.511905
vt 0.562500 0.988095
vt 0.562500 0.511905
vt 0.546875 0.988095
vt 0.546875 0.511905
vt 0.531250 0.988095
vt 0.531250 0.511905
vt 0.515625 0.988095
vt 0.515625 0.511905
vt 0.500000 0.988095
vt 0.500000 0.511905
vt 0.484375 0.988095
vt 0.484375 0.511905
vt 0.468750 0.988095
vt 0.468750 0.511905
vt 0.453125 0.988095
vt 0.453125 0.511905
vt 0.437500 0.988095
vt 0.437500 0.511905
vt 0.421875 0.988095
vt 0.421875 0.511905
vt 0.406250 0.988095
vt 0.406250 0.511905
vt 0.390625 0.988095
vt 0.390625 0.511905
vt 0.375000 0.988095
vt 0.375000 0.511905
vt 0.359375 0.511905
vt 0.359375 0.988095
vt 0.343750 0.511905
vt 0.343750 0.988095
vt 0.328125 0.511905
vt 0.328125 0.988095
vt 0.312500 0.511905
vt 0.312500 0.988095
vt 0.296875 0.511905
vt 0.296875 0.988095
vt 0.281250 0.511905
vt 0.281250 0.988095
vt 0.265625 0.511905
vt 0.265625 0.988095
vt 0.250000 0.511905
vt 0.250000 0.988095
vt 0.234375 0.511905
vt 0.234375 0.988095
vt 0.218750 0.511905
vt 0.218750 0.988095
vt 0.203125 0.511905
vt 0.203125 0.988095
vt 0.187500 0.511905
vt 0.187500 0.988095
vt 0.171875 0.511905
vt 0.171875 0.988095
vt 0.156250 0.511905
vt 0.156250 0.988095
vt 0.140625 0.511905
vt 0.140625 0.988095
vt 0.125000 0.511905
vt 0.125000 0.988095
vt 0.109375 0.511905
vt 0.109375 0.988095
vt 0.093750 0.511905
vt 0.093750 0.988095
vt 0.078125 0.511905
vt 0.078125 0.988095
vt 0.062500 0.511905
vt 0.062500 0.988095
vt 0.046875 0.511905
vt 0.046875 0.988095
vt 0.031250 0.511905
vt 0.031250 0.988095
vt 0.015625 0.511905
vt 0.015625 0.988095
vt 0.000000 0.511905
vt 0.000000 0.988095
s 1
usemtl マテリアル.001
f 1/1/1 2/2/2 4/3/3 3/4/4
f 3/4/4 4/3/3 6/5/5 5/6/6
f 5/6/6 6/5/5 8/7/7 7/8/8
f 7/8/8 8/7/7 10/9/9 9/10/10
f 9/10/10 10/9/9 12/11/11 11/12/12
f 11/12/12 12/11/11 14/13/13 13/14/14
f 13/14/14 14/13/13 16/15/15 15/16/16
f 15/16/16 16/15/15 18/17/17 17/18/18
f 17/18/18 18/17/17 20/19/19 19/20/20
f 19/20/20 20/19/19 22/21/21 21/22/22
f 21/22/22 22/21/21 24/23/23 23/24/24
f 23/24/24 24/23/23 26/25/25 25/26/26
f 25/26/26 26/25/25 28/27/27 27/28/28
f 27/28/28 28/27/27 30/29/29 29/30/30
f 29/30/30 30/29/29 32/31/31 31/32/32
f 31/32/32 32/31/31 34/33/33 33/34/34
f 33/34/34 34/33/33 36/35/35 35/36/36
f 35/36/36 36/35/35 38/37/37 37/38/38
f 37/38/38 38/37/37 40/39/39 39/40/40
f 39/40/40 40/39/39 42/41/41 41/42/42
f 41/42/42 42/41/41 44/43/43 43/44/44
f 43/44/44 44/43/43 46/45/45 45/46/46
f 45/46/46 46/45/45 48/47/47 47/48/48
f 47/48/48 48/47/47 50/49/49 49/50/50
f 49/50/50 50/49/49 52/51/51 51/52/52
f 51/52/52 52/51/51 54/53/53 53/54/54
f 53/54/54 54/53/53 56/55/55 55/56/56
f 55/56/56 56/55/55 58/57/57 57/58/58
f 57/58/58 58/57/57 60/59/59 59/60/60
f 59/60/60 60/59/59 62/61/61 61/62/62
f 61/62/62 62/61/61 64/63/63 63/64/64
f 63/64/64 64/63/63 66/65/65 65/66/66
f 65/66/66 66/65/65 68/67/67 67/68/68
f 67/68/68 68/67/67 70/69/69 69/70/70
f 69/70/70 70/69/69 72/71/71 71/72/72
f 71/72/72 72/71/71 74/73/73 73/74/74
f 73/74/74 74/73/73 76/75/75 75/76/76
f 75/76/76 76/75/75 78/77/77 77/78/78
f 77/78/78 78/77/77 80/79/79 79/80/80
f 79/80/80 80/79/79 82/81/81 81/82/82
f 81/82/82 82/81/81 84/83/83 83/84/84
f 83/84/84 84/83/83 86/85/85 85/86/86
f 85/86/86 86/85/85 88/87/87 87/88/88
f 87/88/88 88/87/87 90/89/89 89/90/90
f 89/90/90 90/89/89 92/91/91 91/92/92
f 91/92/92 92/91/91 94/93/93 93/94/94
f 93/94/94 94/93/93 96/95/95 95/96/96
f 95/96/96 96/95/95 98/97/97 97/98/98
f 97/98/98 98/97/97 100/99/99 99/100/100
f 99/100/100 100/99/99 102/101/101 101/102/102
f 101/102/102 102/101/101 104/103/103 103/104/104
f 103/104/104 104/103/103 106/105/105 105/106/106
f 105/106/106 106/105/105 108/107/107 107/108/108
f 107/108/108 108/107/107 110/109/109 109/110/110
f 109/110/110 110/109/109 112/111/111 111/112/112
f 111/112/112 112/111/111 114/113/113 113/114/114
f 113/114/114 114/113/113 116/115/115 115/116/116
f 115/116/116 116/115/115 118/117/117 117/118/118
f 117/118/118 118/117/117 120/119/119 119/120/120
f 119/120/120 120/119/119 122/121/121 121/122/122
f 121/122/122 122/121/121 124/123/123 123/124/124
f 123/124/124 124/123/123 126/125/125 125/126/126
f 125/126/126 126/125/125 128/127/127 127/128/128
f 127/128/128 128/127/127 130/129/129 129/130/130
f 129/130/130 130/129/129 132/131/131 131/132/132
f 131/132/132 132/131/131 134/133/133 133/134/134
f 133/134/134 134/133/133 136/135/135 135/136/136
f 135/136/136 136/135/135 138/137/137 137/138/138
f 137/138/138 138/137/137 140/139/139 139/140/140
f 139/140/140 140/139/139 142/141/141 141/142/142
f 141/142/142 142/141/141 144/143/143 143/144/144
f 143/144/144 144/143/143 146/145/145 145/146/146
f 145/146/146 146/145/145 148/147/147 147/148/148
f 147/148/148 148/147/147 150/149/149 149/150/150
f 149/150/150 150/149/149 152/151/151 151/152/152
f 151/152/152 152/151/151 154/153/153 153/154/154
f 153/154/154 154/153/153 156/155/155 155/156/156
f 155/156/156 156/155/155 158/157/157 157/158/158
f 157/158/158 158/157/157 160/159/159 159/160/160
f 159/160/160 160/159/159 162/161/161 161/162/162
f 161/162/162 162/161/161 164/163/163 163/164/164
f 163/164/164 164/163/163 166/165/165 165/166/166
f 165/166/166 166/165/165 168/167/167 167/168/168
f 167/168/168 168/167/167 170/169/169 169/170/170
f 169/170/170 170/169/169 172/171/171 171/172/172
f 171/172/172 172/171/171 174/173/173 173/174/174
f 173/174/174 174/173/173 176/175/175 175/176/176
f 175/176/176 176/175/175 178/177/177 177/178/178
f 177/178/178 178/177/177 180/179/179 179/180/180
f 179/180/180 180/179/179 182/181/181 181/182/182
f 181/182/182 182/181/181 184/183/183 183/184/184
f 183/184/184 184/183/183 186/185/185 185/186/186
f 185/186/186 186/185/185 188/187/187 187/188/188
f 187/188/188 188/187/187 190/189/189 189/190/190
f 189/190/190 190/189/189 192/191/191 191/192/192
f 191/192/192 192/191/191 194/193/193 193/194/194
f 193/194/194 194/193/193 196/195/195 195/196/196
f 195/196/196 196/195/195 198/197/197 197/198/198
f 197/198/198 198/197/197 200/199/199 199/200/200
f 199/200/200 200/199/199 202/201/201 201/202/202
f 201/202/202 202/201/201 204/203/203 203/204/204
f 203/204/204 204/203/203 206/205/205 205/206/206
f 205/206/206 206/205/205 208/207/207 207/208/208
f 207/208/208 208/207/207 210/209/209 209/210/210
f 209/210/210 210/209/209 212/211/211 211/212/212
f 211/212/212 212/211/211 214/213/213 213/214/214
f 213/214/214 214/213/213 216/215/215 215/216/216
f 215/216/216 216/215/215 218/217/217 217/218/218
f 217/218/218 218/217/217 220/219/219 219/220/220
f 219/220/220 220/219/219 222/221/221 221/222/222
f 221/222/222 222/221/221 224/223/223 223/224/224
f 223/224/224 224/223/223 226/225/225 225/226/226
f 225/226/226 226/225/225 228/227/227 227/228/228
f 227/228/228 228/227/227 230/229/229 229/230/230
f 229/230/230 230/229/229 232/231/231 231/232/232
f 231/232/232 232/231/231 234/233/233 233/234/234
f 233/234/234 234/233/233 236/235/235 235/236/236
f 235/236/236 236/235/235 238/237/237 237/238/238
f 237/238/238 238/237/237 240/239/239 239/240/240
f 239/240/240 240/239/239 242/241/241 241/242/242
f 241/242/242 242/241/241 244/243/243 243/244/244
f 243/244/244 244/243/243 246/245/245 245/246/246
f 245/246/246 246/245/245 248/247/247 247/248/248
f 247/248/248 248/247/247 250/249/249 249/250/250
f 249/250/250 250/249/249 252/251/251 251/252/252
f 251/252/252 252/251/251 254/253/253 253/254/254
f 228/227/227 226/225/225 625/225/255 626/227/256
f 253/254/254 254/253/253 256/255/257 255/256/258
f 255/256/258 256/255/257 2/257/2 1/258/1
f 1/259/1 3/260/4 5/261/6 7/262/8 9/263/10 11/264/12 13/265/14 15/266/16 17/267/18 19/268/20 21/269/22 23/270/24 25/271/26 27/272/28 29/273/30 31/274/32 33/275/34 35/276/36 37/277/38 39/278/40 41/279/42 43/280/44 45/281/46 47/282/48 49/283/50 51/284/52 53/285/54 55/286/56 57/287/58 59/288/60 61/289/62 63/290/64 65/291/66 67/292/68 69/293/70 71/294/72 73/295/74 75/296/76 77/297/78 79/298/80 81/299/82 83/300/84 85/301/86 87/302/88 89/303/90 91/304/92 93/305/94 95/306/96 97/307/98 99/308/100 101/309/102 103/310/104 105/311/106 107/312/108 109/313/110 111/314/112 113/315/114 115/316/116 117/317/118 119/318/120 121/319/122 123/320/124 125/321/126 127/322/128 129/323/130 131/324/132 133/325/134 135/326/136 137/327/138 139/328/140 141/329/142 143/330/144 145/331/146 147/332/148 149/333/150 151/334/152 153/335/154 155/336/156 157/337/158 159/338/160 161/339/162 163/340/164 165/341/166 167/342/168 169/343/170 171/344/172 173/345/174 175/346/176 177/347/178 179/348/180 181/349/182 183/350/184 185/351/186 187/352/188 189/353/190 191/354/192 193/355/194 195/356/196 197/357/198 199/358/200 201/359/202 203/360/204 205/361/206 207/362/208 209/363/210 211/364/212 213/365/214 215/366/216 217/367/218 219/368/220 221/369/222 223/370/224 225/371/226 227/372/228 229/373/230 231/374/232 233/375/234 235/376/236 237/377/238 239/378/240 241/379/242 243/380/244 245/381/246 247/382/248 249/383/250 251/384/252 253/385/254 255/386/258
f 257/1/259 258/2/260 260/3/261 259/4/262
f 259/4/262 260/3/261 262/5/263 261/6/264
f 261/6/264 262/5/263 264/7/265 263/8/266
f 263/8/266 264/7/265 266/9/267 265/10/268
f 265/10/268 266/9/267 268/11/269 267/12/270
f 267/12/270 268/11/269 270/13/271 269/14/272
f 269/14/272 270/13/271 272/15/273 271/16/274
f 271/16/274 272/15/273 274/17/275 273/18/276
f 273/18/276 274/17/275 276/19/277 275/20/278
f 275/20/278 276/19/277 278/21/279 277/22/280
f 277/22/280 278/21/279 280/23/281 279/24/282
f 279/24/282 280/23/281 282/25/283 281/26/284
f 281/26/284 282/25/283 284/27/285 283/28/286
f 283/28/286 284/27/285 286/29/287 285/30/288
f 285/30/288 286/29/287 288/31/289 287/32/290
f 287/32/290 288/31/289 290/33/291 289/34/292
f 289/34/292 290/33/291 292/35/293 291/36/294
f 291/36/294 292/35/293 294/37/295 293/38/296
f 293/38/296 294/37/295 296/39/297 295/40/298
f 295/40/298 296/39/297 298/41/299 297/42/300
f 297/42/300 298/41/299 300/43/301 299/44/302
f 299/44/302 300/43/301 302/45/303 301/46/304
f 301/46/304 302/45/303 304/47/305 303/48/306
f 303/48/306 304/47/305 306/49/307 305/50/308
f 305/50/308 306/49/307 308/51/309 307/52/310
f 307/52/310 308/51/309 310/53/311 309/54/312
f 309/54/312 310/53/311 312/55/313 311/56/314
f 311/56/314 312/55/313 314/57/315 313/58/316
f 313/58/316 314/57/315 316/59/317 315/60/318
f 315/60/318 316/59/317 318/61/319 317/62/320
f 317/62/320 318/61/319 320/63/321 319/64/322
f 319/64/322 320/63/321 322/65/323 321/66/324
f 321/66/324 322/65/323 324/67/325 323/68/326
f 323/68/326 324/67/325 326/69/327 325/70/328
f 325/70/328 326/69/327 328/71/329 327/72/330
f 327/72/330 328/71/329 330/73/331 329/74/332
f 329/74/332 330/73/331 332/75/333 331/76/334
f 331/76/334 332/75/333 334/77/335 333/78/336
f 333/78/336 334/77/335 336/79/337 335/80/338
f 335/80/338 336/79/337 338/81/339 337/82/340
f 337/82/340 338/81/339 340/83/341 339/84/342
f 339/84/342 340/83/341 342/85/343 341/86/344
f 341/86/344 342/85/343 344/87/345 343/88/346
f 343/88/346 344/87/345 346/89/347 345/90/348
f 345/90/348 346/89/347 348/91/349 347/92/350
f 347/92/350 348/91/349 350/93/351 349/94/352
f 349/94/352 350/93/351 352/95/353 351/96/354
f 351/96/354 352/95/353 354/97/355 353/98/356
f 353/98/356 354/97/355 356/99/357 355/100/358
f 355/100/358 356/99/357 358/101/359 357/102/360
f 357/102/360 358/101/359 360/103/361 359/104/362
f 359/104/362 360/103/361 362/105/363 361/106/364
f 361/106/364 362/105/363 364/107/365 363/108/366
f 363/108/366 364/107/365 366/109/367 365/110/368
f 365/110/368 366/109/367 368/111/369 367/112/370
f 367/112/370 368/111/369 370/113/371 369/114/372
f 369/114/372 370/113/371 372/115/373 371/116/374
f 371/116/374 372/115/373 374/117/375 373/118/376
f 373/118/376 374/117/375 376/119/377 375/120/378
f 375/120/378 376/119/377 378/121/379 377/122/380
f 377/122/380 378/121/379 380/123/381 379/124/382
f 379/124/382 380/123/381 382/125/383 381/126/384
f 381/126/384 382/125/383 384/127/385 383/128/386
f 383/128/386 384/127/385 386/129/387 385/130/388
f 385/130/388 386/129/387 388/131/389 387/132/390
f 387/132/390 388/131/389 390/133/391 389/134/392
f 389/134/392 390/133/391 392/135/393 391/136/394
f 391/136/394 392/135/393 394/137/395 393/138/396
f 393/138/396 394/137/395 396/139/397 395/140/398
f 395/140/398 396/139/397 398/141/399 397/142/400
f 397/142/400 398/141/399 400/143/401 399/144/402
f 399/144/402 400/143/401 402/145/403 401/146/404
f 401/146/404 402/145/403 404/147/405 403/148/406
f 403/148/406 404/147/405 406/149/407 405/150/408
f 405/150/408 406/149/407 408/151/409 407/152/410
f 407/152/410 408/151/409 410/153/411 409/154/412
f 409/154/412 410/153/411 412/155/413 411/156/414
f 411/156/414 412/155/413 414/157/415 413/158/416
f 413/158/416 414/157/415 416/159/417 415/160/418
f 415/160/418 416/159/417 418/161/419 417/162/420
f 417/162/420 418/161/419 420/163/421 419/164/422
f 419/164/422 420/163/421 422/165/423 421/166/424
f 421/166/424 422/165/423 424/167/425 423/168/426
f 423/168/426 424/167/425 426/169/427 425/170/428
f 425/170/428 426/169/427 428/171/429 427/172/430
f 427/172/430 428/171/429 430/173/431 429/174/432
f 429/174/432 430/173/431 432/175/433 431/176/434
f 431/176/434 432/175/433 434/177/435 433/178/436
f 433/178/436 434/177/435 436/179/437 435/180/438
f 435/180/438 436/179/437 438/181/439 437/182/440
f 437/182/440 438/181/439 440/183/441 439/184/442
f 439/184/442 440/183/441 442/185/443 441/186/444
f 441/186/444 442/185/443 444/187/445 443/188/446
f 443/188/446 444/187/445 446/189/447 445/190/448
f 445/190/448 446/189/447 448/191/449 447/192/450
f 447/192/450 448/191/449 450/193/451 449/194/452
f 449/194/452 450/193/451 452/195/453 451/196/454
f 451/196/454 452/195/453 454/197/455 453/198/456
f 453/198/456 454/197/455 456/199/457 455/200/458
f 455/200/458 456/199/457 458/201/459 457/202/460
f 457/202/460 458/201/459 460/203/461 459/204/462
f 459/204/462 460/203/461 462/205/463 461/206/464
f 461/206/464 462/205/463 464/207/465 463/208/466
f 463/208/466 464/207/465 466/209/467 465/210/468
f 465/210/468 466/209/467 468/211/469 467/212/470
f 467/212/470 468/211/469 470/213/471 469/214/472
f 469/214/472 470/213/471 472/215/473 471/216/474
f 471/216/474 472/215/473 474/217/475 473/218/476
f 473/218/476 474/217/475 476/219/477 475/220/478
f 475/220/478 476/219/477 478/221/479 477/222/480
f 477/222/480 478/221/479 480/223/481 479/224/482
f 479/224/482 480/223/481 482/225/483 481/226/484
f 481/226/484 482/225/483 484/227/485 483/228/486
f 483/228/486 484/227/485 486/229/487 485/230/488
f 485/230/488 486/229/487 488/231/489 487/232/490
f 487/232/490 488/231/489 490/233/491 489/234/492
f 489/234/492 490/233/491 492/235/493 491/236/494
f 491/236/494 492/235/493 494/237/495 493/238/496
f 493/238/496 494/237/495 496/239/497 495/240/498
f 495/240/498 496/239/497 498/241/499 497/242/500
f 497/242/500 498/241/499 500/243/501 499/244/502
f 499/244/502 500/243/501 502/245/503 501/246/504
f 501/246/504 502/245/503 504/247/505 503/248/506
f 503/248/506 504/247/505 506/249/507 505/250/508
f 505/250/508 506/249/507 508/251/509 507/252/510
f 507/252/510 508/251/509 510/253/511 509/254/512
f 260/387/261 258/388/260 512/389/513 510/390/511 508/391/509 506/392/507 504/393/505 502/394/503 500/395/501 498/396/499 496/397/497 494/398/495 492/399/493 490/400/491 488/401/489 486/402/487 484/403/485 482/404/483 480/405/481 478/406/479 476/407/477 474/408/475 472/409/473 470/410/471 468/411/469 466/412/467 464/413/465 462/414/463 460/415/461 458/416/459 456/417/457 454/418/455 452/419/453 450/420/451 448/421/449 446/422/447 444/423/445 442/424/443 440/425/441 438/426/439 436/427/437 434/428/435 432/429/433 430/430/431 428/431/429 426/432/427 424/433/425 422/434/423 420/435/421 418/436/419 416/437/417 414/438/415 412/439/413 410/440/411 408/441/409 406/442/407 404/443/405 402/444/403 400/445/401 398/446/399 396/447/397 394/448/395 392/449/393 390/450/391 388/451/389 386/452/387 384/453/385 382/454/383 380/455/381 378/456/379 376/457/377 374/458/375 372/459/373 370/460/371 368/461/369 366/462/367 364/463/365 362/464/363 360/465/361 358/466/359 356/467/357 354/468/355 352/469/353 350/470/351 348/471/349 346/472/347 344/473/345 342/474/343 340/475/341 338/476/339 336/477/337 334/478/335 332/479/333 330/480/331 328/481/329 326/482/327 324/483/325 322/484/323 320/485/321 318/486/319 316/487/317 314/488/315 312/489/313 310/490/311 308/491/309 306/492/307 304/493/305 302/494/303 300/495/301 298/496/299 296/497/297 294/498/295 292/499/293 290/500/291 288/501/289 286/502/287 284/503/285 282/504/283 280/505/281 278/506/279 276/507/277 274/508/275 272/509/273 270/510/271 268/511/269 266/512/267 264/513/265 262/514/263
f 509/254/512 510/253/511 512/255/513 511/256/514
f 511/256/514 512/255/513 258/257/260 257/258/259
f 257/259/259 259/260/262 261/261/264 263/262/266 265/263/268 267/264/270 269/265/272 271/266/274 273/267/276 275/268/278 277/269/280 279/270/282 281/271/284 283/272/286 285/273/288 287/274/290 289/275/292 291/276/294 293/277/296 295/278/298 297/279/300 299/280/302 301/281/304 303/282/306 305/283/308 307/284/310 309/285/312 311/286/314 313/287/316 315/288/318 317/289/320 319/290/322 321/291/324 323/292/326 325/293/328 327/294/330 329/295/332 331/296/334 333/297/336 335/298/338 337/299/340 339/300/342 341/301/344 343/302/346 345/303/348 347/304/350 349/305/352 351/306/354 353/307/356 355/308/358 357/309/360 359/310/362 361/311/364 363/312/366 365/313/368 367/314/370 369/315/372 371/316/374 373/317/376 375/318/378 377/319/380 379/320/382 381/321/384 383/322/386 385/323/388 387/324/390 389/325/392 391/326/394 393/327/396 395/328/398 397/329/400 399/330/402 401/331/404 403/332/406 405/333/408 407/334/410 409/335/412 411/336/414 413/337/416 415/338/418 417/339/420 419/340/422 421/341/424 423/342/426 425/343/428 427/344/430 429/345/432 431/346/434 433/347/436 435/348/438 437/349/440 439/350/442 441/351/444 443/352/446 445/353/448 447/354/450 449/355/452 451/356/454 453/357/456 455/358/458 457/359/460 459/360/462 461/361/464 463/362/466 465/363/468 467/364/470 469/365/472 471/366/474 473/367/476 475/368/478 477/369/480 479/370/482 481/371/484 483/372/486 485/373/488 487/374/490 489/375/492 491/376/494 493/377/496 495/378/498 497/379/500 499/380/502 501/381/504 503/382/506 505/383/508 507/384/510 509/385/512 511/386/514
f 513/387/515 514/388/516 640/389/517 639/390/518 638/391/519 637/392/520 636/393/521 635/394/522 634/395/523 633/396/524 632/397/525 631/398/526 630/399/527 629/400/528 628/401/529 627/402/530 626/403/256 625/404/255 624/405/531 623/515/532 622/407/533 621/408/534 620/409/535 619/410/536 618/411/537 617/412/538 616/413/539 615/414/540 614/415/541 613/416/542 612/417/543 611/418/544 610/419/545 609/420/546 608/421/547 607/422/548 606/423/549 605/424/550 604/425/551 603/426/552 602/427/553 601/428/554 600/429/555 599/430/556 598/431/557 597/432/558 596/433/559 595/516/560 594/435/561 593/436/562 592/437/563 591/517/564 590/439/565 589/440/566 588/441/567 587/442/568 586/443/569 585/444/570 584/445/571 583/446/572 582/447/573 581/448/574 580/449/575 579/450/576 578/451/577 577/452/578 576/453/579 575/454/580 574/455/581 573/456/582 572/457/583 571/458/584 570/459/585 569/460/586 568/461/587 567/462/588 566/463/589 565/464/590 564/465/591 563/518/592 562/467/593 561/468/594 560/469/595 559/470/596 558/471/597 557/472/598 556/473/599 555/474/600 554/475/601 553/476/602 552/477/603 551/478/604 550/479/605 549/480/606 548/481/607 547/482/608 546/483/609 545/484/610 544/485/611 543/486/612 542/487/613 541/488/614 540/489/615 539/490/616 538/491/617 537/492/618 536/493/619 535/494/620 534/495/621 533/496/622 532/497/623 531/498/624 530/499/625 529/500/626 528/501/627 527/502/628 526/503/629 525/504/630 524/505/631 523/506/632 522/507/633 521/508/634 520/509/635 519/510/636 518/511/637 517/512/638 516/513/639 515/514/640
f 194/193/193 192/191/191 608/191/547 609/193/546
f 160/159/159 158/157/157 591/157/564 592/159/563
f 126/125/125 124/123/123 574/123/581 575/125/580
f 92/91/91 90/89/89 557/89/598 558/91/597
f 58/57/57 56/55/55 540/55/615 541/57/614
f 24/23/23 22/21/21 523/21/632 524/23/631
f 230/229/229 228/227/227 626/227/256 627/229/530
f 196/195/195 194/193/193 609/193/546 610/195/545
f 162/161/161 160/159/159 592/159/563 593/161/562
f 128/127/127 126/125/125 575/125/580 576/127/579
f 94/93/93 92/91/91 558/91/597 559/93/596
f 60/59/59 58/57/57 541/57/614 542/59/613
f 26/25/25 24/23/23 524/23/631 525/25/630
f 232/231/231 230/229/229 627/229/530 628/231/529
f 198/197/197 196/195/195 610/195/545 611/197/544
f 164/163/163 162/161/161 593/161/562 594/163/561
f 130/129/129 128/127/127 576/127/579 577/129/578
f 96/95/95 94/93/93 559/93/596 560/95/595
f 62/61/61 60/59/59 542/59/613 543/61/612
f 28/27/27 26/25/25 525/25/630 526/27/629
f 234/233/233 232/231/231 628/231/529 629/233/528
f 200/199/199 198/197/197 611/197/544 612/199/543
f 166/165/165 164/163/163 594/163/561 595/165/560
f 132/131/131 130/129/129 577/129/578 578/131/577
f 98/97/97 96/95/95 560/95/595 561/97/594
f 64/63/63 62/61/61 543/61/612 544/63/611
f 30/29/29 28/27/27 526/27/629 527/29/628
f 236/235/235 234/233/233 629/233/528 630/235/527
f 202/201/201 200/199/199 612/199/543 613/201/542
f 168/167/167 166/165/165 595/165/560 596/167/559
f 134/133/133 132/131/131 578/131/577 579/133/576
f 100/99/99 98/97/97 561/97/594 562/99/593
f 66/65/65 64/63/63 544/63/611 545/65/610
f 32/31/31 30/29/29 527/29/628 528/31/627
f 238/237/237 236/235/235 630/235/527 631/237/526
f 204/203/203 202/201/201 613/201/542 614/203/541
f 170/169/169 168/167/167 596/167/559 597/169/558
f 136/135/135 134/133/133 579/133/576 580/135/575
f 102/101/101 100/99/99 562/99/593 563/101/592
f 68/67/67 66/65/65 545/65/610 546/67/609
f 34/33/33 32/31/31 528/31/627 529/33/626
f 240/239/239 238/237/237 631/237/526 632/239/525
f 206/205/205 204/203/203 614/203/541 615/205/540
f 172/171/171 170/169/169 597/169/558 598/171/557
f 138/137/137 136/135/135 580/135/575 581/137/574
f 104/103/103 102/101/101 563/101/592 564/103/591
f 70/69/69 68/67/67 546/67/609 547/69/608
f 36/35/35 34/33/33 529/33/626 530/35/625
f 242/241/241 240/239/239 632/239/525 633/241/524
f 208/207/207 206/205/205 615/205/540 616/207/539
f 174/173/173 172/171/171 598/171/557 599/173/556
f 140/139/139 138/137/137 581/137/574 582/139/573
f 106/105/105 104/103/103 564/103/591 565/105/590
f 4/3/3 2/2/2 514/2/516 513/3/515
f 72/71/71 70/69/69 547/69/608 548/71/607
f 38/37/37 36/35/35 530/35/625 531/37/624
f 244/243/243 242/241/241 633/241/524 634/243/523
f 210/209/209 208/207/207 616/207/539 617/209/538
f 176/175/175 174/173/173 599/173/556 600/175/555
f 142/141/141 140/139/139 582/139/573 583/141/572
f 108/107/107 106/105/105 565/105/590 566/107/589
f 74/73/73 72/71/71 548/71/607 549/73/606
f 40/39/39 38/37/37 531/37/624 532/39/623
f 6/5/5 4/3/3 513/3/515 515/5/640
f 246/245/245 244/243/243 634/243/523 635/245/522
f 212/211/211 210/209/209 617/209/538 618/211/537
f 178/177/177 176/175/175 600/175/555 601/177/554
f 144/143/143 142/141/141 583/141/572 584/143/571
f 110/109/109 108/107/107 566/107/589 567/109/588
f 76/75/75 74/73/73 549/73/606 550/75/605
f 42/41/41 40/39/39 532/39/623 533/41/622
f 8/7/7 6/5/5 515/5/640 516/7/639
f 248/247/247 246/245/245 635/245/522 636/247/521
f 214/213/213 212/211/211 618/211/537 619/213/536
f 180/179/179 178/177/177 601/177/554 602/179/553
f 146/145/145 144/143/143 584/143/571 585/145/570
f 112/111/111 110/109/109 567/109/588 568/111/587
f 78/77/77 76/75/75 550/75/605 551/77/604
f 44/43/43 42/41/41 533/41/622 534/43/621
f 10/9/9 8/7/7 516/7/639 517/9/638
f 250/249/249 248/247/247 636/247/521 637/249/520
f 216/215/215 214/213/213 619/213/536 620/215/535
f 182/181/181 180/179/179 602/179/553 603/181/552
f 148/147/147 146/145/145 585/145/570 586/147/569
f 114/113/113 112/111/111 568/111/587 569/113/586
f 80/79/79 78/77/77 551/77/604 552/79/603
f 46/45/45 44/43/43 534/43/621 535/45/620
f 12/11/11 10/9/9 517/9/638 518/11/637
f 252/251/251 250/249/249 637/249/520 638/251/519
f 218/217/217 216/215/215 620/215/535 621/217/534
f 184/183/183 182/181/181 603/181/552 604/183/551
f 150/149/149 148/147/147 586/147/569 587/149/568
f 116/115/115 114/113/113 569/113/586 570/115/585
f 82/81/81 80/79/79 552/79/603 553/81/602
f 48/47/47 46/45/45 535/45/620 536/47/619
f 14/13/13 12/11/11 518/11/637 519/13/636
f 254/253/253 252/251/251 638/251/519 639/253/518
f 220/219/219 218/217/217 621/217/534 622/219/533
f 186/185/185 184/183/183 604/183/551 605/185/550
f 152/151/151 150/149/149 587/149/568 588/151/567
f 118/117/117 116/115/115 570/115/585 571/117/584
f 84/83/83 82/81/81 553/81/602 554/83/601
f 50/49/49 48/47/47 536/47/619 537/49/618
f 16/15/15 14/13/13 519/13/636 520/15/635
f 256/255/257 254/253/253 639/253/518 640/255/517
f 222/221/221 220/219/219 622/219/533 623/221/532
f 188/187/187 186/185/185 605/185/550 606/187/549
f 154/153/153 152/151/151 588/151/567 589/153/566
f 120/119/119 118/117/117 571/117/584 572/119/583
f 86/85/85 84/83/83 554/83/601 555/85/600
f 52/51/51 50/49/49 537/49/618 538/51/617
f 18/17/17 16/15/15 520/15/635 521/17/634
f 2/257/2 256/255/257 640/255/517 514/257/516
f 224/223/223 222/221/221 623/221/532 624/223/531
f 190/189/189 188/187/187 606/187/549 607/189/548
f 156/155/155 154/153/153 589/153/566 590/155/565
f 122/121/121 120/119/119 572/119/583 573/121/582
f 88/87/87 86/85/85 555/85/600 556/87/599
f 54/53/53 52/51/51 538/51/617 539/53/616
f 20/19/19 18/17/17 521/17/634 522/19/633
f 226/225/225 224/223/223 624/223/531 625/225/255
f 192/191/191 190/189/189 607/189/548 608/191/547
f 158/157/157 156/155/155 590/155/565 591/157/564
f 124/123/123 122/121/121 573/121/582 574/123/581
f 90/89/89 88/87/87 556/87/599 557/89/598
f 56/55/55 54/53/53 539/53/616 540/55/615
f 22/21/21 20/19/19 522/19/633 523/21/632
f 641/1/641 642/2/642 644/3/643 643/4/4
f 643/4/4 644/3/643 646/5/644 645/6/6
f 645/6/6 646/5/644 648/7/645 647/8/8
f 647/8/8 648/7/645 650/9/646 649/10/10
f 649/10/10 650/9/646 652/11/647 651/12/12
f 651/12/12 652/11/647 654/13/648 653/14/14
f 653/14/14 654/13/648 656/15/649 655/16/16
f 655/16/16 656/15/649 658/17/650 657/18/18
f 657/18/18 658/17/650 660/19/651 659/20/20
f 659/20/20 660/19/651 662/21/652 661/22/22
f 661/22/22 662/21/652 664/23/653 663/24/24
f 663/24/24 664/23/653 666/25/654 665/26/26
f 665/26/26 666/25/654 668/27/655 667/28/28
f 667/28/28 668/27/655 670/29/656 669/30/30
f 669/30/30 670/29/656 672/31/657 671/32/32
f 671/32/32 672/31/657 674/33/658 673/34/34
f 673/34/34 674/33/658 676/35/659 675/36/36
f 675/36/36 676/35/659 678/37/660 677/38/38
f 677/38/38 678/37/660 680/39/661 679/40/40
f 679/40/40 680/39/661 682/41/662 681/42/42
f 681/42/42 682/41/662 684/43/663 683/44/44
f 683/44/44 684/43/663 686/45/664 685/46/46
f 685/46/46 686/45/664 688/47/665 687/48/48
f 687/48/48 688/47/665 690/49/666 689/50/50
f 689/50/50 690/49/666 692/51/667 691/52/52
f 691/52/52 692/51/667 694/53/668 693/54/54
f 693/54/54 694/53/668 696/55/669 695/56/56
f 695/56/56 696/55/669 698/57/670 697/58/58
f 697/58/58 698/57/670 700/59/671 699/60/60
f 699/60/60 700/59/671 702/61/672 701/62/62
f 701/62/62 702/61/672 704/63/673 703/64/674
f 703/64/674 704/63/673 706/65/675 705/66/66
f 705/66/66 706/65/675 708/67/676 707/68/68
f 707/68/68 708/67/676 710/69/677 709/70/70
f 709/70/70 710/69/677 712/71/678 711/72/72
f 711/72/72 712/71/678 714/73/679 713/74/74
f 713/74/74 714/73/679 716/75/680 715/76/76
f 715/76/76 716/75/680 718/77/681 717/78/78
f 717/78/78 718/77/681 720/79/682 719/80/80
f 719/80/80 720/79/682 722/81/683 721/82/82
f 721/82/82 722/81/683 724/83/684 723/84/84
f 723/84/84 724/83/684 726/85/685 725/86/86
f 725/86/86 726/85/685 728/87/686 727/88/88
f 727/88/88 728/87/686 730/89/687 729/90/90
f 729/90/90 730/89/687 732/91/688 731/92/92
f 731/92/92 732/91/688 734/93/689 733/94/94
f 733/94/94 734/93/689 736/95/690 735/96/96
f 735/96/96 736/95/690 738/97/691 737/98/98
f 737/98/98 738/97/691 740/99/692 739/100/100
f 739/100/100 740/99/692 742/101/693 741/102/102
f 741/102/102 742/101/693 744/103/694 743/104/104
f 743/104/104 744/103/694 746/105/695 745/106/106
f 745/106/106 746/105/695 748/107/696 747/108/108
f 747/108/108 748/107/696 750/109/697 749/110/110
f 749/110/110 750/109/697 752/111/698 751/112/112
f 751/112/112 752/111/698 754/113/699 753/114/114
f 753/114/114 754/113/699 756/115/700 755/116/116
f 755/116/116 756/115/700 758/117/701 757/118/118
f 757/118/118 758/117/701 760/119/702 759/120/120
f 759/120/120 760/119/702 762/121/703 761/122/122
f 761/122/122 762/121/703 764/123/704 763/124/124
f 763/124/124 764/123/704 766/125/705 765/126/126
f 765/126/126 766/125/705 768/127/706 767/128/707
f 767/128/707 768/127/706 770/129/708 769/130/130
f 769/130/130 770/129/708 772/131/709 771/132/132
f 771/132/132 772/131/709 774/133/710 773/134/711
f 773/134/711 774/133/710 776/135/712 775/136/136
f 775/136/136 776/135/712 778/137/713 777/138/138
f 777/138/138 778/137/713 780/139/714 779/140/140
f 779/140/140 780/139/714 782/141/715 781/142/142
f 781/142/142 782/141/715 784/143/716 783/144/144
f 783/144/144 784/143/716 786/145/717 785/146/146
f 785/146/146 786/145/717 788/147/718 787/148/148
f 787/148/148 788/147/718 790/149/719 789/150/150
f 789/150/150 790/149/719 792/151/720 791/152/152
f 791/152/152 792/151/720 794/153/721 793/154/154
f 793/154/154 794/153/721 796/155/722 795/156/156
f 795/156/156 796/155/722 798/157/723 797/158/158
f 797/158/158 798/157/723 800/159/724 799/160/160
f 799/160/160 800/159/724 802/161/725 801/162/162
f 801/162/162 802/161/725 804/163/726 803/164/164
f 803/164/164 804/163/726 806/165/727 805/166/166
f 805/166/166 806/165/727 808/167/728 807/168/168
f 807/168/168 808/167/728 810/169/729 809/170/170
f 809/170/170 810/169/729 812/171/730 811/172/172
f 811/172/172 812/171/730 814/173/731 813/174/174
f 813/174/174 814/173/731 816/175/732 815/176/733
f 815/176/733 816/175/732 818/177/734 817/178/178
f 817/178/178 818/177/734 820/179/735 819/180/180
f 819/180/180 820/179/735 822/181/736 821/182/182
f 821/182/182 822/181/736 824/183/737 823/184/184
f 823/184/184 824/183/737 826/185/738 825/186/186
f 825/186/186 826/185/738 828/187/739 827/188/188
f 827/188/188 828/187/739 830/189/740 829/190/190
f 829/190/190 830/189/740 832/191/741 831/192/192
f 831/192/192 832/191/741 834/193/742 833/194/194
f 833/194/194 834/193/742 836/195/743 835/196/196
f 835/196/196 836/195/743 838/197/744 837/198/745
f 837/198/745 838/197/744 840/199/746 839/200/200
f 839/200/200 840/199/746 842/201/747 841/202/748
f 841/202/748 842/201/747 844/203/749 843/204/204
f 843/204/204 844/203/749 846/205/750 845/206/206
f 845/206/206 846/205/750 848/207/751 847/208/208
f 847/208/208 848/207/751 850/209/752 849/210/210
f 849/210/210 850/209/752 852/211/753 851/212/212
f 851/212/212 852/211/753 854/213/754 853/214/214
f 853/214/214 854/213/754 856/215/755 855/216/216
f 855/216/216 856/215/755 858/217/756 857/218/218
f 857/218/218 858/217/756 860/219/757 859/220/220
f 859/220/220 860/219/757 862/221/758 861/222/222
f 861/222/222 862/221/758 864/223/759 863/224/224
f 863/224/224 864/223/759 866/225/760 865/226/226
f 865/226/226 866/225/760 868/227/761 867/228/228
f 867/228/228 868/227/761 870/229/762 869/230/230
f 869/230/230 870/229/762 872/231/763 871/232/232
f 871/232/232 872/231/763 874/233/764 873/234/234
f 873/234/234 874/233/764 876/235/765 875/236/236
f 875/236/236 876/235/765 878/237/766 877/238/238
f 877/238/238 878/237/766 880/239/767 879/240/240
f 879/240/240 880/239/767 882/241/768 881/242/242
f 881/242/242 882/241/768 884/243/769 883/244/244
f 883/244/244 884/243/769 886/245/770 885/246/246
f 885/246/246 886/245/770 888/247/771 887/248/248
f 887/248/248 888/247/771 890/249/772 889/250/250
f 889/250/250 890/249/772 892/251/773 891/252/252
f 891/252/252 892/251/773 894/253/774 893/254/254
f 804/435/726 802/436/725 800/437/724 798/517/723 796/439/722 794/440/721 792/441/720 790/442/719 788/443/718 786/444/717 784/445/716 1061/519/775 1057/520/775 1089/521/775 1049/522/775 1051/523/775 1047/524/775 1053/525/775 1043/526/775 1045/527/775 1041/528/775 1055/529/775 1034/530/775 1037/531/775 1032/532/775 1039/533/775 1028/534/775 1030/535/775 1026/536/775 1025/537/775 1027/538/775 1031/539/775 1029/540/775 1040/541/775 1033/542/775 1038/543/775 1036/544/775 848/413/751 846/414/750 844/415/749 842/416/747 840/417/746 838/418/744 836/419/743 834/420/742 832/421/741 830/422/740 828/423/739 826/424/738 824/425/737 822/426/736 820/427/735 818/428/734 816/429/732 814/430/731 812/431/730 810/432/729 808/433/728 806/516/727
f 740/467/692 738/468/691 736/469/690 734/470/689 732/471/688 730/472/687 728/473/686 726/474/685 724/475/684 722/476/683 720/477/682 718/478/681 716/479/680 714/480/679 712/481/678 710/482/677 954/545/775 948/546/775 956/547/775 944/548/775 946/549/775 942/550/775 958/551/775 936/552/775 938/553/775 934/554/775 940/555/775 930/556/775 932/557/775 928/558/775 959/559/775 921/560/775 923/561/775 918/562/775 925/563/775 914/564/775 916/565/775 912/566/775 1319/567/775 1320/568/775 1339/569/775 1341/570/775 1343/571/775 1347/572/775 1348/573/775 1345/574/775 1342/575/775 1335/576/775 1337/577/775 1334/578/775 1336/579/775 1331/580/775 1332/581/775 1333/582/775 1330/583/775 1338/584/775 1326/585/775 1327/586/775 1328/587/775 1325/588/775 1329/589/775 1323/590/775 1324/591/775 1321/592/775 1322/593/775 1344/594/775 1346/595/775 1340/596/775 1317/597/775 1314/598/775 1298/599/775 1297/600/775 1293/601/775 1295/602/775 1291/603/775 1289/604/775 1287/605/775 1284/606/775 1285/607/775 1286/608/775 1288/609/775 1290/610/775 1292/611/775 1296/612/775 1294/613/775 1311/614/775 1302/615/775 1299/616/775 1301/617/775 1300/618/775 1310/619/775 1303/620/775 1305/621/775 1304/622/775 1309/623/775 1306/624/775 1308/625/775 1307/626/775 1312/627/775 1313/628/775 1315/629/775 1316/630/775 1318/631/775 927/632/775 906/633/775 908/634/775 904/635/775 910/636/775 900/637/775 902/638/775 898/639/775 897/640/775 899/641/775 901/642/775 903/643/775 905/644/775 909/645/775 907/646/775 911/647/775 913/648/775 917/649/775 915/650/775 926/651/775 1212/652/775 1215/653/775 1208/654/775 1209/655/775 1207/656/775 1210/657/775 1217/658/775 1200/659/775 1201/660/775 1198/661/775 1203/662/775 1195/663/775 1197/664/775 1191/665/775 1185/666/775 1187/667/775 1189/668/775 1181/669/775 1182/670/775 1179/671/775 1177/672/775 1175/673/775 1173/674/775 1172/675/775 1170/676/775 1168/677/775 1167/678/775 1169/679/775 1171/680/775 1178/681/775 1176/682/775 1174/683/775 1192/684/775 1180/685/775 1183/686/775 1190/687/775 1184/688/775 1188/689/775 1186/690/775 1194/691/775 1193/692/775 1196/693/775 896/389/776 894/390/774 892/391/773 890/392/772 888/393/771 886/394/770 884/395/769 882/396/768 880/397/767 878/398/766 876/399/765 874/400/764 872/401/763 870/402/762 868/403/761 866/404/760 864/405/759 862/515/758 860/407/757 858/408/756 856/409/755 854/410/754 852/411/753 850/412/752 848/413/751 1036/544/775 1035/694/775 1056/695/775 1042/696/775 1046/697/775 1044/698/775 1054/699/775 1048/700/775 1052/701/775 1050/702/775 1088/703/775 1058/704/775 1062/705/775 1060/706/775 1071/707/775 1064/708/775 1069/709/775 1067/710/775 1087/711/775 1073/712/775 1077/713/775 1075/714/775 1085/715/775 1079/716/775 1083/717/775 1081/718/775 1080/719/775 1082/720/775 1084/721/775 1078/722/775 1086/723/775 1074/724/775 1076/725/775 1072/726/775 1065/727/775 1066/728/775 1068/729/775 1063/730/775 1070/731/775 1059/732/775 1061/519/775 784/445/716 782/446/715 780/447/714 778/448/713 776/449/712 774/450/710 772/451/709 770/452/708 768/453/706 766/454/705 764/455/704 762/456/703 760/457/702 758/458/701 756/459/700 754/460/699 752/461/698 750/462/697 748/463/696 746/464/695 744/465/694 742/518/693
f 912/566/775 927/632/775 1318/631/775 1319/567/775
f 646/514/644 644/387/643 642/388/642 896/389/776 1196/693/775 1204/733/775 1199/734/775 1202/735/775 1205/736/775 1206/737/775 1159/738/775 1162/739/775 1161/740/775 1160/741/775 1166/742/775 1155/743/775 1154/744/775 1158/745/775 1157/746/775 1156/747/775 1165/748/775 1163/749/775 1164/750/775 1214/751/775 1213/752/775 1216/753/775 1211/754/775 1212/652/775 926/651/775 919/755/775
f 676/499/659 674/500/658 672/501/657 670/502/656 668/503/655 666/504/654 664/505/653 662/506/652 660/507/651 658/508/650 656/509/649 654/510/648 652/511/647 650/512/646 648/513/645 646/514/644 919/755/775 924/756/775 922/757/775 920/758/775 960/759/775 929/760/775 933/761/775 931/762/775 941/763/775 935/764/775 939/765/775 937/766/775 957/767/775 943/768/775 947/769/775 945/770/775 955/771/775 949/772/775 953/773/775 951/774/775 950/775/775 952/776/775 954/545/775 710/482/677 708/483/676 706/484/675 704/485/673 702/486/672 700/487/671 698/488/670 696/489/669 694/490/668 692/491/667 690/492/666 688/493/665 686/494/664 684/495/663 682/496/662 680/497/661 678/498/660
f 893/254/254 894/253/774 896/255/776 895/256/258
f 895/256/258 896/255/776 642/257/642 641/258/641
f 893/385/254 895/386/258 641/259/641 643/260/4 645/261/6 647/262/8 649/263/10 651/264/12 653/265/14 655/266/16 657/267/18 659/268/20 661/269/22 663/270/24 665/271/26 667/272/28 669/273/30 671/274/32 673/275/34 675/276/36 677/277/38 679/278/40 681/279/42 683/280/44 685/281/46 687/282/48 689/283/50 691/284/52 693/285/54 695/286/56 697/287/58 699/288/60 701/289/62 703/290/674 1015/777/777 1017/778/777 1013/779/777 1019/780/777 1009/781/777 1011/782/777 1007/783/777 1021/784/777 1001/785/777 1003/786/777 999/787/777 1005/788/777 995/789/777 997/790/777 993/791/777 1024/792/777 986/793/777 988/794/777 983/795/777 990/796/777 979/797/777 981/798/777 977/799/777 991/800/777 971/801/777 973/802/777 969/803/777 975/804/777 965/805/777 967/806/777 963/807/777 961/808/777 962/809/777 964/810/777 966/811/777 968/812/777 972/813/777 970/814/777 974/815/777 976/816/777 980/817/777 978/818/777 989/819/777 982/820/777 767/322/707 769/323/130 771/324/132 773/325/711 775/326/136 777/327/138 1123/821/777 1133/822/777 1127/823/777 1131/824/777 1129/825/777 1150/826/777 1384/827/777 1382/828/777 1381/829/777 1377/830/777 1375/831/777 1370/832/777 1359/833/777 1360/834/777 1363/835/777 1362/836/777 1361/837/777 1369/838/777 1364/839/777 1365/840/777 1368/841/777 1366/842/777 1367/843/777 1371/844/777 1376/845/777 1383/846/777 1391/847/777 1400/848/777 1398/849/777 1414/850/777 1403/851/777 1404/852/777 1406/853/777 1386/854/777 1378/855/777 1372/856/777 1357/857/777 1354/858/777 1349/859/777 1350/860/777 1351/861/777 1352/862/777 1353/863/777 1355/864/777 1356/865/777 1358/866/777 1373/867/777 1374/868/777 1379/869/777 1380/870/777 1385/871/777 1389/872/777 1410/873/777 1409/874/777 1411/875/777 1408/876/777 1412/877/777 1405/878/777 1407/879/777 1413/880/777 1399/881/777 1401/882/777 1402/883/777 1395/884/777 1396/885/777 1397/886/777 1394/887/777 1393/888/777 1392/889/777 1390/890/777 1388/891/777 1135/892/777 1139/893/777 1137/894/777 1148/895/777 1141/896/777 1146/897/777 1144/898/777 1143/899/777 1145/900/777 1147/901/777 1142/902/777 1149/903/777 1138/904/777 1140/905/777 1136/906/777 1151/907/777 1254/908/777 1255/909/777 1257/910/777 1258/911/777 1259/912/777 1261/913/777 1263/914/777 1264/915/777 1265/916/777 1267/917/777 1266/918/777 1273/919/777 1269/920/777 1268/921/777 1272/922/777 1271/923/777 1270/924/777 1283/925/777 1274/926/777 1277/927/777 1275/928/777 1276/929/777 1280/930/777 1281/931/777 1278/932/777 1279/933/777 1282/934/777 1262/935/777 1260/936/777 1256/937/777 1251/938/777 1248/939/777 1243/940/777 1244/941/777 1235/942/777 1236/943/777 1233/944/777 1234/945/777 1237/946/777 1230/947/777 1231/948/777 1232/949/777 1228/950/777 1229/951/777 1238/952/777 1224/953/777 1225/954/777 1226/955/777 1222/956/777 1223/957/777 1227/958/777 1219/959/777 1220/960/777 1221/961/777 1218/962/777 1241/963/777 1239/964/777 1240/965/777 1242/966/777 1245/967/777 1246/968/777 1247/969/777 1249/970/777 1250/971/777 1252/972/777 1130/973/777 1132/974/777 1128/975/777 1134/976/777 1124/977/777 1126/978/777 1122/979/777 1152/980/777 1114/981/777 1116/982/777 1112/983/777 1118/984/777 1108/985/777 1110/986/777 1106/987/777 1120/988/777 1100/989/777 1102/990/777 1098/991/777 1104/992/777 841/359/748 843/360/204 845/361/206 847/362/208 849/363/210 851/364/212 853/365/214 855/366/216 857/367/218 859/368/220 861/369/222 863/370/224 865/371/226 867/372/228 869/373/230 871/374/232 873/375/234 875/376/236 877/377/238 879/378/240 881/379/242 883/380/244 885/381/246 887/382/248 889/383/250 891/384/252
f 1135/892/777 1388/891/777 1387/993/778 1384/827/777 1150/826/777
f 1253/994/777 1254/908/777 1151/907/777 1130/973/777 1252/972/777
f 1123/821/777 777/327/138 779/328/140 781/329/142 783/330/144 785/331/146 787/332/148 789/333/150 791/334/152 793/335/154 795/336/156 797/337/158 799/338/160 801/339/162 803/340/164 805/341/166 807/342/168 809/343/170 811/344/172 813/345/174 815/346/733 817/347/178 819/348/180 821/349/182 823/350/184 825/351/186 827/352/188 829/353/190 831/354/192 833/355/194 835/356/196 837/357/745 839/358/200 841/359/748 1104/992/777 1094/995/777 1096/996/777 1092/997/777 1090/998/777 1091/999/777 1095/1000/777 1093/1001/777 1103/1002/777 1097/1003/777 1101/1004/777 1099/1005/777 1119/1006/777 1105/1007/777 1109/1008/777 1107/1009/777 1117/1010/777 1111/1011/777 1115/1012/777 1113/1013/777 1153/1014/777 1121/1015/777 1125/1016/777
f 1014/1017/777 1015/777/777 703/290/674 705/291/66 707/292/68 709/293/70 711/294/72 713/295/74 715/296/76 717/297/78 719/298/80 721/299/82 723/300/84 725/301/86 727/302/88 729/303/90 731/304/92 733/305/94 735/306/96 737/307/98 739/308/100 741/309/102 743/310/104 745/311/106 747/312/108 749/313/110 751/314/112 753/315/114 755/316/116 757/317/118 759/318/120 761/319/122 763/320/124 765/321/126 767/322/707 982/820/777 987/1018/777 985/1019/777 984/1020/777 1023/1021/777 992/1022/777 996/1023/777 994/1024/777 1004/1025/777 998/1026/777 1002/1027/777 1000/1028/777 1022/1029/777 1006/1030/777 1010/1031/777 1008/1032/777 1020/1033/777 1012/1034/777 1018/1035/777 1016/1036/777
f 993/1037/779 929/1038/779 960/1039/779 1024/1040/779
f 997/1041/780 933/1042/780 929/1038/780 993/1037/780
f 995/1043/781 931/1044/781 933/1042/781 997/1041/781
f 1005/1045/782 941/1046/782 931/1044/782 995/1043/782
f 999/1047/783 935/1048/783 941/1046/783 1005/1045/783
f 1003/1049/784 939/1050/784 935/1048/784 999/1047/784
f 1001/1051/785 937/1052/785 939/1050/785 1003/1049/785
f 1021/1053/786 957/1054/786 937/1052/786 1001/1051/786
f 943/1055/787 957/1054/787 1021/1053/787 1007/1056/787
f 947/1057/788 943/1055/788 1007/1056/788 1011/1058/788
f 945/1059/789 947/1057/789 1011/1058/789 1009/1060/789
f 955/1061/790 945/1059/790 1009/1060/790 1019/1062/790
f 949/1063/791 955/1061/791 1019/1062/791 1013/1064/791
f 953/1065/792 949/1063/792 1013/1064/792 1017/1066/792
f 951/1067/793 953/1065/793 1017/1066/793 1015/1068/793
f 950/1069/794 951/1067/794 1015/1068/794 1014/1070/794
f 952/1071/795 950/1069/795 1014/1070/795 1016/1072/795
f 954/1073/796 952/1071/796 1016/1072/796 1018/1074/796
f 948/1075/797 954/1073/797 1018/1074/797 1012/1076/797
f 956/1077/798 948/1075/798 1012/1076/798 1020/1078/798
f 944/1079/799 956/1077/799 1020/1078/799 1008/1080/799
f 946/1081/800 944/1079/800 1008/1080/800 1010/1082/800
f 942/1083/801 946/1081/801 1010/1082/801 1006/1084/801
f 958/1085/802 942/1083/802 1006/1084/802 1022/1086/802
f 936/1087/803 958/1085/803 1022/1086/803 1000/1088/803
f 938/1089/804 936/1087/804 1000/1088/804 1002/1090/804
f 934/1091/805 938/1089/805 1002/1090/805 998/1092/805
f 940/1093/806 934/1091/806 998/1092/806 1004/1094/806
f 930/1095/807 940/1093/807 1004/1094/807 994/1096/807
f 932/1097/808 930/1095/808 994/1096/808 996/1098/808
f 928/1099/809 932/1097/809 996/1098/809 992/1100/809
f 959/1101/810 928/1099/810 992/1100/810 1023/1102/810
f 921/1103/811 959/1101/811 1023/1102/811 984/1104/811
f 923/1105/812 921/1103/812 984/1104/812 985/1106/812
f 918/1107/813 923/1105/813 985/1106/813 987/1108/813
f 925/1109/814 918/1107/814 987/1108/814 982/1110/814
f 914/1111/815 925/1109/815 982/1110/815 989/1112/815
f 916/1113/816 914/1111/816 989/1112/816 978/1114/816
f 912/1115/817 916/1113/817 978/1114/817 980/1116/817
f 927/1117/818 912/1115/818 980/1116/818 976/1118/818
f 974/1119/819 906/1120/819 927/1117/819 976/1118/819
f 970/1121/820 908/1122/820 906/1120/820 974/1119/820
f 972/1123/821 904/1124/821 908/1122/821 970/1121/821
f 968/1125/822 910/1126/822 904/1124/822 972/1123/822
f 966/1127/823 900/1128/823 910/1126/823 968/1125/823
f 964/1129/824 902/1130/824 900/1128/824 966/1127/824
f 962/1131/825 898/1132/825 902/1130/825 964/1129/825
f 961/1133/826 897/1134/826 898/1132/826 962/1131/826
f 963/1135/827 899/1136/827 897/1134/827 961/1133/827
f 967/1137/828 901/1138/828 899/1136/828 963/1135/828
f 965/1139/829 903/1140/829 901/1138/829 967/1137/829
f 975/1141/830 905/1142/830 903/1140/830 965/1139/830
f 969/1143/831 909/1144/831 905/1142/831 975/1141/831
f 973/1145/832 907/1146/832 909/1144/832 969/1143/832
f 971/1147/833 911/1148/833 907/1146/833 973/1145/833
f 991/1149/834 913/1150/834 911/1148/834 971/1147/834
f 977/1151/835 917/1152/835 913/1150/835 991/1149/835
f 981/1153/836 915/1154/836 917/1152/836 977/1151/836
f 979/1155/837 926/1156/837 915/1154/837 981/1153/837
f 990/1157/838 919/1158/838 926/1156/838 979/1155/838
f 983/1159/839 924/1160/839 919/1158/839 990/1157/839
f 988/1161/840 922/1162/840 924/1160/840 983/1159/840
f 986/1163/841 920/1164/841 922/1162/841 988/1161/841
f 1024/1165/842 960/1166/842 920/1164/842 986/1163/842
f 1122/1037/779 1058/1038/779 1088/1039/779 1152/1040/779
f 1126/1041/780 1062/1042/780 1058/1038/780 1122/1037/780
f 1124/1043/781 1060/1044/781 1062/1042/781 1126/1041/781
f 1134/1045/782 1071/1046/782 1060/1044/782 1124/1043/782
f 1128/1047/783 1064/1048/783 1071/1046/783 1134/1045/783
f 1132/1049/784 1069/1050/784 1064/1048/784 1128/1047/784
f 1130/1051/785 1067/1052/785 1069/1050/785 1132/1049/785
f 1151/1053/786 1087/1054/786 1067/1052/786 1130/1051/786
f 1073/1055/843 1087/1054/843 1151/1053/843 1136/1056/843
f 1077/1057/788 1073/1055/788 1136/1056/788 1140/1058/788
f 1075/1059/789 1077/1057/789 1140/1058/789 1138/1060/789
f 1085/1061/790 1075/1059/790 1138/1060/790 1149/1062/790
f 1079/1063/791 1085/1061/791 1149/1062/791 1142/1064/791
f 1083/1065/792 1079/1063/792 1142/1064/792 1147/1066/792
f 1081/1067/793 1083/1065/793 1147/1066/793 1145/1068/793
f 1080/1069/794 1081/1067/794 1145/1068/794 1143/1070/794
f 1082/1071/795 1080/1069/795 1143/1070/795 1144/1072/795
f 1084/1073/796 1082/1071/796 1144/1072/796 1146/1074/796
f 1078/1075/797 1084/1073/797 1146/1074/797 1141/1076/797
f 1086/1077/798 1078/1075/798 1141/1076/798 1148/1078/798
f 1074/1079/799 1086/1077/799 1148/1078/799 1137/1080/799
f 1076/1081/800 1074/1079/800 1137/1080/800 1139/1082/800
f 1072/1083/801 1076/1081/801 1139/1082/801 1135/1084/801
f 1065/1085/844 1072/1083/844 1135/1084/844 1150/1086/844
f 1066/1087/845 1065/1085/845 1150/1086/845 1129/1088/845
f 1068/1089/804 1066/1087/804 1129/1088/804 1131/1090/804
f 1063/1091/805 1068/1089/805 1131/1090/805 1127/1092/805
f 1070/1093/806 1063/1091/806 1127/1092/806 1133/1094/806
f 1059/1095/807 1070/1093/807 1133/1094/807 1123/1096/807
f 1061/1097/808 1059/1095/808 1123/1096/808 1125/1098/808
f 1057/1099/809 1061/1097/809 1125/1098/809 1121/1100/809
f 1089/1101/810 1057/1099/810 1121/1100/810 1153/1102/810
f 1049/1103/811 1089/1101/811 1153/1102/811 1113/1104/811
f 1051/1105/812 1049/1103/812 1113/1104/812 1115/1106/812
f 1047/1107/813 1051/1105/813 1115/1106/813 1111/1108/813
f 1053/1109/814 1047/1107/814 1111/1108/814 1117/1110/814
f 1043/1111/815 1053/1109/815 1117/1110/815 1107/1112/815
f 1045/1113/816 1043/1111/816 1107/1112/816 1109/1114/816
f 1041/1115/817 1045/1113/817 1109/1114/817 1105/1116/817
f 1055/1117/818 1041/1115/818 1105/1116/818 1119/1118/818
f 1099/1119/819 1034/1120/819 1055/1117/819 1119/1118/819
f 1101/1121/820 1037/1122/820 1034/1120/820 1099/1119/820
f 1097/1123/821 1032/1124/821 1037/1122/821 1101/1121/821
f 1103/1125/822 1039/1126/822 1032/1124/822 1097/1123/822
f 1093/1127/823 1028/1128/823 1039/1126/823 1103/1125/823
f 1095/1129/824 1030/1130/824 1028/1128/824 1093/1127/824
f 1091/1131/825 1026/1132/825 1030/1130/825 1095/1129/825
f 1090/1133/826 1025/1134/826 1026/1132/826 1091/1131/826
f 1092/1135/827 1027/1136/827 1025/1134/827 1090/1133/827
f 1096/1137/828 1031/1138/828 1027/1136/828 1092/1135/828
f 1094/1139/829 1029/1140/829 1031/1138/829 1096/1137/829
f 1104/1141/830 1040/1142/830 1029/1140/830 1094/1139/830
f 1098/1143/831 1033/1144/831 1040/1142/831 1104/1141/831
f 1102/1145/832 1038/1146/832 1033/1144/832 1098/1143/832
f 1100/1147/833 1035/1148/833 1036/1167/833 1038/1146/833 1102/1145/833
f 1120/1149/834 1056/1150/834 1035/1148/834 1100/1147/834
f 1106/1151/835 1042/1152/835 1056/1150/835 1120/1149/835
f 1110/1153/836 1046/1154/836 1042/1152/836 1106/1151/836
f 1108/1155/837 1044/1156/837 1046/1154/837 1110/1153/837
f 1118/1157/838 1054/1158/838 1044/1156/838 1108/1155/838
f 1112/1159/839 1048/1160/839 1054/1158/839 1118/1157/839
f 1116/1161/840 1052/1162/840 1048/1160/840 1112/1159/840
f 1114/1163/841 1050/1164/841 1052/1162/841 1116/1161/841
f 1152/1165/842 1088/1166/842 1050/1164/842 1114/1163/842
f 1230/1037/779 1199/1038/779 1204/1039/779 1231/1040/779
f 1237/1041/780 1202/1042/780 1199/1038/780 1230/1037/780
f 1234/1043/781 1205/1044/781 1202/1042/781 1237/1041/781
f 1233/1045/782 1206/1046/782 1205/1044/782 1234/1043/782
f 1236/1047/783 1159/1048/783 1206/1046/783 1233/1045/783
f 1235/1049/784 1162/1050/784 1159/1048/784 1236/1047/784
f 1244/1051/785 1161/1052/785 1162/1050/785 1235/1049/785
f 1243/1053/786 1160/1054/786 1161/1052/786 1244/1051/786
f 1166/1055/843 1160/1054/843 1243/1053/843 1248/1056/843
f 1166/1055/788 1248/1056/788 1251/1058/788 1155/1057/788
f 1154/1059/789 1155/1057/789 1251/1058/789 1256/1060/789
f 1260/1062/790 1158/1061/790 1154/1059/790 1256/1060/790
f 1157/1063/791 1158/1061/791 1260/1062/791 1262/1064/791
f 1282/1066/792 1156/1065/792 1157/1063/792 1262/1064/792
f 1165/1067/793 1156/1065/793 1282/1066/793 1279/1068/793
f 1163/1069/794 1165/1067/794 1279/1068/794 1278/1070/794
f 1164/1071/795 1163/1069/795 1278/1070/795 1281/1072/795
f 1214/1073/796 1164/1071/796 1281/1072/796 1280/1074/796
f 1213/1075/797 1214/1073/797 1280/1074/797 1276/1076/797
f 1216/1077/798 1213/1075/798 1276/1076/798 1275/1078/798
f 1211/1079/799 1216/1077/799 1275/1078/799 1277/1080/799
f 1212/1081/800 1211/1079/800 1277/1080/800 1274/1082/800
f 1215/1083/801 1212/1081/801 1274/1082/801 1283/1084/801
f 1208/1085/844 1215/1083/844 1283/1084/844 1270/1086/844
f 1209/1087/803 1208/1085/803 1270/1086/803 1271/1088/803
f 1207/1089/804 1209/1087/804 1271/1088/804 1272/1090/804
f 1210/1091/805 1207/1089/805 1272/1090/805 1268/1092/805
f 1217/1093/806 1210/1091/806 1268/1092/806 1269/1094/806
f 1200/1095/807 1217/1093/807 1269/1094/807 1273/1096/807
f 1201/1097/808 1200/1095/808 1273/1096/808 1266/1098/808
f 1198/1099/809 1201/1097/809 1266/1098/809 1267/1100/809
f 1203/1101/810 1198/1099/810 1267/1100/810 1265/1102/810
f 1195/1103/811 1203/1101/811 1265/1102/811 1264/1104/811
f 1197/1105/812 1195/1103/812 1264/1104/812 1263/1106/812
f 1191/1107/813 1197/1105/813 1263/1106/813 1261/1108/813
f 1185/1109/814 1191/1107/814 1261/1108/814 1259/1110/814
f 1187/1111/815 1185/1109/815 1259/1110/815 1258/1112/815
f 1189/1113/816 1187/1111/816 1258/1112/816 1257/1114/816
f 1181/1115/817 1189/1113/817 1257/1114/817 1255/1116/817
f 1253/1118/818 1182/1117/818 1181/1115/818 1255/1116/818 1254/1168/818
f 1252/1169/819 1250/1119/819 1179/1120/819 1182/1117/819 1253/1118/819
f 1249/1121/820 1177/1122/820 1179/1120/820 1250/1119/820
f 1247/1123/821 1175/1124/821 1177/1122/821 1249/1121/821
f 1246/1125/822 1173/1126/822 1175/1124/822 1247/1123/822
f 1245/1127/823 1172/1128/823 1173/1126/823 1246/1125/823
f 1242/1129/824 1170/1130/824 1172/1128/824 1245/1127/824
f 1240/1131/825 1168/1132/825 1170/1130/825 1242/1129/825
f 1239/1133/826 1167/1134/826 1168/1132/826 1240/1131/826
f 1241/1135/827 1169/1136/827 1167/1134/827 1239/1133/827
f 1218/1137/828 1171/1138/828 1169/1136/828 1241/1135/828
f 1221/1139/829 1178/1140/829 1171/1138/829 1218/1137/829
f 1220/1141/830 1176/1142/830 1178/1140/830 1221/1139/830
f 1219/1143/831 1174/1144/831 1176/1142/831 1220/1141/831
f 1227/1145/832 1192/1146/832 1174/1144/832 1219/1143/832
f 1223/1147/833 1180/1148/833 1192/1146/833 1227/1145/833
f 1222/1149/834 1183/1150/834 1180/1148/834 1223/1147/834
f 1226/1151/835 1190/1152/835 1183/1150/835 1222/1149/835
f 1225/1153/836 1184/1154/836 1190/1152/836 1226/1151/836
f 1224/1155/837 1188/1156/837 1184/1154/837 1225/1153/837
f 1238/1157/838 1186/1158/838 1188/1156/838 1224/1155/838
f 1229/1159/839 1194/1160/839 1186/1158/839 1238/1157/839
f 1228/1161/840 1193/1162/840 1194/1160/840 1229/1159/840
f 1232/1163/841 1196/1164/841 1193/1162/841 1228/1161/841
f 1231/1165/842 1204/1166/842 1196/1164/842 1232/1163/842
f 1413/1037/779 1306/1038/779 1309/1039/779 1399/1040/779
f 1407/1041/780 1308/1042/780 1306/1038/780 1413/1037/780
f 1405/1043/781 1307/1044/781 1308/1042/781 1407/1041/781
f 1412/1045/782 1312/1046/782 1307/1044/782 1405/1043/782
f 1408/1047/783 1313/1048/783 1312/1046/783 1412/1045/783
f 1411/1049/784 1315/1050/784 1313/1048/784 1408/1047/784
f 1409/1051/785 1316/1052/785 1315/1050/785 1411/1049/785
f 1410/1053/786 1318/1054/786 1316/1052/786 1409/1051/786
f 1320/1055/843 1319/1170/843 1318/1054/843 1410/1053/843 1389/1056/843
f 1339/1057/788 1320/1055/788 1389/1056/788 1385/1058/788
f 1341/1059/789 1339/1057/789 1385/1058/789 1380/1060/789
f 1343/1061/790 1341/1059/790 1380/1060/790 1379/1062/790
f 1347/1063/791 1343/1061/791 1379/1062/791 1374/1064/791
f 1348/1065/792 1347/1063/792 1374/1064/792 1373/1066/792
f 1345/1067/793 1348/1065/793 1373/1066/793 1358/1068/793
f 1342/1069/794 1345/1067/794 1358/1068/794 1356/1070/794
f 1335/1071/795 1342/1069/795 1356/1070/795 1355/1072/795
f 1337/1073/796 1335/1071/796 1355/1072/796 1353/1074/796
f 1334/1075/797 1337/1073/797 1353/1074/797 1352/1076/797
f 1336/1077/798 1334/1075/798 1352/1076/798 1351/1078/798
f 1331/1079/799 1336/1077/799 1351/1078/799 1350/1080/799
f 1332/1081/800 1331/1079/800 1350/1080/800 1349/1082/800
f 1333/1083/801 1332/1081/801 1349/1082/801 1354/1084/801
f 1330/1085/844 1333/1083/844 1354/1084/844 1357/1086/844
f 1338/1087/803 1330/1085/803 1357/1086/803 1372/1088/803
f 1326/1089/804 1338/1087/804 1372/1088/804 1378/1090/804
f 1386/1092/805 1327/1091/805 1326/1089/805 1378/1090/805
f 1328/1093/806 1327/1091/806 1386/1092/806 1406/1094/806
f 1325/1095/807 1328/1093/807 1406/1094/807 1404/1096/807
f 1329/1097/808 1325/1095/808 1404/1096/808 1403/1098/808
f 1323/1099/809 1329/1097/809 1403/1098/809 1414/1100/809
f 1324/1101/810 1323/1099/810 1414/1100/810 1398/1102/810
f 1321/1103/811 1324/1101/811 1398/1102/811 1400/1104/811
f 1321/1103/812 1400/1104/812 1391/1106/812 1322/1105/812
f 1322/1105/813 1391/1106/813 1383/1108/813 1344/1107/813
f 1346/1109/814 1344/1107/814 1383/1108/814 1376/1110/814
f 1340/1111/815 1346/1109/815 1376/1110/815 1371/1112/815
f 1317/1113/816 1340/1111/816 1371/1112/816 1367/1114/816
f 1314/1115/817 1317/1113/817 1367/1114/817 1366/1116/817
f 1298/1117/846 1314/1115/846 1366/1116/846 1368/1118/846
f 1365/1119/819 1297/1120/819 1298/1117/819 1368/1118/819
f 1364/1121/820 1293/1122/820 1297/1120/820 1365/1119/820
f 1369/1123/821 1295/1124/821 1293/1122/821 1364/1121/821
f 1361/1125/822 1291/1126/822 1295/1124/822 1369/1123/822
f 1362/1127/823 1289/1128/823 1291/1126/823 1361/1125/823
f 1363/1129/824 1287/1130/824 1289/1128/824 1362/1127/824
f 1360/1131/825 1284/1132/825 1287/1130/825 1363/1129/825
f 1359/1133/826 1285/1134/826 1284/1132/826 1360/1131/826
f 1370/1135/827 1286/1136/827 1285/1134/827 1359/1133/827
f 1375/1137/828 1288/1138/828 1286/1136/828 1370/1135/828
f 1377/1139/829 1290/1140/829 1288/1138/829 1375/1137/829
f 1381/1141/830 1292/1142/830 1290/1140/830 1377/1139/830
f 1382/1143/831 1296/1144/831 1292/1142/831 1381/1141/831
f 1387/1145/832 1294/1146/832 1296/1144/832 1382/1143/832 1384/1171/832
f 1390/1147/833 1311/1148/833 1294/1146/833 1387/1145/833 1388/1172/833
f 1392/1149/834 1302/1150/834 1311/1148/834 1390/1147/834
f 1393/1151/835 1299/1152/835 1302/1150/835 1392/1149/835
f 1394/1153/836 1301/1154/836 1299/1152/836 1393/1151/836
f 1397/1155/837 1300/1156/837 1301/1154/837 1394/1153/837
f 1396/1157/838 1310/1158/838 1300/1156/838 1397/1155/838
f 1395/1159/839 1303/1160/839 1310/1158/839 1396/1157/839
f 1402/1161/840 1305/1162/840 1303/1160/840 1395/1159/840
f 1401/1163/841 1304/1164/841 1305/1162/841 1402/1161/841
f 1399/1165/842 1309/1166/842 1304/1164/842 1401/1163/842
f 1415/1/847 1416/2/848 1418/5/849 1417/6/850
f 1417/6/850 1418/5/849 1420/9/851 1419/10/852
f 1419/10/852 1420/9/851 1422/13/853 1421/14/854
f 1421/14/854 1422/13/853 1424/17/855 1423/18/856
f 1423/18/856 1424/17/855 1426/21/857 1425/22/858
f 1425/22/858 1426/21/857 1428/25/859 1427/26/860
f 1427/26/860 1428/25/859 1430/29/861 1429/30/862
f 1429/30/862 1430/29/861 1432/33/863 1431/34/864
f 1431/34/864 1432/33/863 1434/37/865 1433/38/866
f 1433/38/866 1434/37/865 1436/41/867 1435/42/868
f 1435/42/868 1436/41/867 1438/45/869 1437/46/870
f 1437/46/870 1438/45/869 1440/49/871 1439/50/872
f 1439/50/872 1440/49/871 1442/53/873 1441/54/874
f 1441/54/874 1442/53/873 1444/57/875 1443/58/876
f 1443/58/876 1444/57/875 1446/61/877 1445/62/878
f 1445/62/878 1446/61/877 1448/65/879 1447/66/880
f 1447/66/880 1448/65/879 1450/69/881 1449/70/882
f 1449/70/882 1450/69/881 1452/73/883 1451/74/884
f 1451/74/884 1452/73/883 1454/77/885 1453/78/886
f 1453/78/886 1454/77/885 1456/81/887 1455/82/888
f 1455/82/888 1456/81/887 1458/85/889 1457/86/890
f 1457/86/890 1458/85/889 1460/89/891 1459/90/892
f 1459/90/892 1460/89/891 1462/93/893 1461/94/894
f 1461/94/894 1462/93/893 1464/97/895 1463/98/896
f 1463/98/896 1464/97/895 1466/101/897 1465/102/898
f 1465/102/898 1466/101/897 1468/105/899 1467/106/900
f 1467/106/900 1468/105/899 1470/109/901 1469/110/902
f 1469/110/902 1470/109/901 1472/113/903 1471/114/904
f 1471/114/904 1472/113/903 1474/117/905 1473/118/906
f 1473/118/906 1474/117/905 1476/121/907 1475/122/908
f 1475/122/908 1476/121/907 1478/125/909 1477/126/910
f 1477/126/910 1478/125/909 1480/129/911 1479/130/912
f 1479/130/912 1480/129/911 1482/133/913 1481/134/914
f 1481/134/914 1482/133/913 1484/137/915 1483/138/916
f 1483/138/916 1484/137/915 1486/141/917 1485/142/918
f 1485/142/918 1486/141/917 1488/145/919 1487/146/920
f 1487/146/920 1488/145/919 1490/149/921 1489/150/922
f 1489/150/922 1490/149/921 1492/153/923 1491/154/924
f 1491/154/924 1492/153/923 1494/157/925 1493/158/926
f 1493/158/926 1494/157/925 1496/161/927 1495/162/928
f 1495/162/928 1496/161/927 1498/165/929 1497/166/930
f 1497/166/930 1498/165/929 1500/169/931 1499/170/932
f 1499/170/932 1500/169/931 1502/173/933 1501/174/934
f 1501/174/934 1502/173/933 1504/177/935 1503/178/936
f 1503/178/936 1504/177/935 1506/181/937 1505/182/938
f 1505/182/938 1506/181/937 1508/185/939 1507/186/940
f 1507/186/940 1508/185/939 1510/189/941 1509/190/942
f 1509/190/942 1510/189/941 1512/193/943 1511/194/944
f 1511/194/944 1512/193/943 1514/197/945 1513/198/946
f 1513/198/946 1514/197/945 1516/201/947 1515/202/948
f 1515/202/948 1516/201/947 1518/205/949 1517/206/950
f 1517/206/950 1518/205/949 1520/209/951 1519/210/952
f 1519/210/952 1520/209/951 1522/213/953 1521/214/954
f 1521/214/954 1522/213/953 1524/217/955 1523/218/956
f 1523/218/956 1524/217/955 1526/221/957 1525/222/958
f 1525/222/958 1526/221/957 1528/225/959 1527/226/960
f 1527/226/960 1528/225/959 1530/229/961 1529/230/962
f 1529/230/962 1530/229/961 1532/233/963 1531/234/964
f 1531/234/964 1532/233/963 1534/237/965 1533/238/966
f 1533/238/966 1534/237/965 1536/241/967 1535/242/968
f 1535/242/968 1536/241/967 1538/245/969 1537/246/970
f 1537/246/970 1538/245/969 1540/249/971 1539/250/972
f 1472/460/903 1470/462/901 1468/464/899 1466/466/897 1464/468/895 1462/470/893 1460/472/891 1458/474/889 1456/476/887 1454/478/885 1452/480/883 1604/1173/775 1599/1174/775 1600/1175/775 1601/1176/775 1567/1177/775 1568/1178/775 1566/1179/775 1565/1180/775 1569/1181/775 1563/1182/775 1562/1183/775 1564/1184/775 1561/1185/775 1594/1186/775 1595/1187/775 1593/1188/775 1587/1189/775 1588/1190/775 1586/1191/775 1589/1192/775 1558/1193/775 1559/1194/775 1556/1195/775 1557/1196/775 1560/1197/775 1553/1198/775 1554/1199/775 1555/1200/775 1552/1201/775 1580/1202/775 1579/1203/775 1581/1204/775 1585/1205/775 1516/416/947 1514/418/945 1512/420/943 1510/422/941 1508/424/939 1506/426/937 1504/428/935 1502/430/933 1500/432/931 1498/434/929 1496/436/927 1494/438/925 1492/440/923 1490/442/921 1488/444/919 1486/446/917 1484/448/915 1482/450/913 1480/452/911 1478/454/909 1476/456/907 1474/458/905
f 1428/504/859 1426/506/857 1424/508/855 1422/510/853 1420/512/851 1418/514/849 1416/388/848 1542/390/973 1540/392/971 1538/394/969 1536/396/967 1534/398/965 1532/400/963 1530/402/961 1528/404/959 1526/406/957 1524/408/955 1522/410/953 1520/412/951 1518/414/949 1516/416/947 1585/1205/775 1582/1206/775 1584/1207/775 1583/1208/775 1543/1209/775 1544/1210/775 1545/1211/775 1546/1212/775 1547/1213/775 1548/1214/775 1551/1215/775 1549/1216/775 1550/1217/775 1590/1218/775 1592/1219/775 1591/1220/775 1596/1221/775 1598/1222/775 1597/1223/775 1606/1224/775 1570/1225/775 1573/1226/775 1572/1227/775 1571/1228/775 1578/1229/775 1575/1230/775 1574/1231/775 1577/1232/775 1576/1233/775 1603/1234/775 1602/1235/775 1605/1236/775 1604/1173/775 1452/480/883 1450/482/881 1448/484/879 1446/486/877 1444/488/875 1442/490/873 1440/492/871 1438/494/869 1436/496/867 1434/498/865 1432/500/863 1430/502/861
f 1539/250/972 1540/249/971 1542/253/973 1541/254/974
f 1541/254/974 1542/253/973 1416/257/848 1415/258/847
f 1541/385/974 1415/259/847 1417/261/850 1419/263/852 1421/265/854 1423/267/856 1425/269/858 1427/271/860 1429/273/862 1431/275/864 1433/277/866 1435/279/868 1437/281/870 1439/283/872 1441/285/874 1443/287/876 1445/289/878 1447/291/880 1449/293/882 1451/295/884 1453/297/886 1455/299/888 1457/301/890 1459/303/892 1461/305/894 1624/1237/777 1621/1238/777 1620/1239/777 1622/1240/777 1623/1241/777 1653/1242/777 1654/1243/777 1651/1244/777 1652/1245/777 1655/1246/777 1649/1247/777 1650/1248/777 1613/1249/777 1614/1250/777 1612/1251/777 1611/1252/777 1615/1253/777 1609/1254/777 1608/1255/777 1610/1256/777 1607/1257/777 1648/1258/777 1644/1259/777 1645/1260/777 1643/1261/777 1665/1262/777 1664/1263/777 1670/1264/777 1640/1265/777 1641/1266/777 1638/1267/777 1639/1268/777 1642/1269/777 1525/369/958 1527/371/960 1529/373/962 1531/375/964 1533/377/966 1535/379/968 1537/381/970 1539/383/972
f 1461/305/894 1463/307/896 1465/1270/898 1467/311/900 1469/313/902 1471/315/904 1473/317/906 1475/319/908 1477/321/910 1479/323/912 1481/325/914 1483/327/916 1485/329/918 1487/331/920 1489/333/922 1491/335/924 1493/1271/926 1495/339/928 1497/341/930 1499/343/932 1501/345/934 1503/347/936 1505/349/938 1507/351/940 1509/353/942 1511/355/944 1513/357/946 1515/359/948 1517/361/950 1519/363/952 1521/365/954 1523/367/956 1525/369/958 1642/1269/777 1635/1272/777 1636/1273/777 1637/1274/777 1634/1275/777 1663/1276/777 1660/1277/777 1657/1278/777 1659/1279/777 1658/1280/777 1662/1281/777 1661/1282/777 1625/1283/777 1626/1284/777 1628/1285/777 1627/1286/777 1629/1287/777 1630/1288/777 1633/1289/777 1631/1290/777 1632/1291/777 1669/1292/777 1666/1293/777 1668/1294/777 1667/1295/777 1646/1296/777 1647/1297/777 1656/1298/777 1616/1299/777 1619/1300/777 1618/1301/777 1617/1302/777 1624/1237/777
f 1644/1303/779 1591/1304/779 1592/1305/779 1645/1306/779
f 1648/1307/780 1596/1308/780 1591/1304/780 1644/1303/780
f 1607/1309/781 1598/1310/781 1596/1308/781 1648/1307/781
f 1610/1311/782 1597/1312/782 1598/1310/782 1607/1309/782
f 1608/1313/783 1606/1314/783 1597/1312/783 1610/1311/783
f 1609/1315/784 1570/1316/784 1606/1314/784 1608/1313/784
f 1615/1317/785 1573/1318/785 1570/1316/785 1609/1315/785
f 1611/1319/786 1572/1320/786 1573/1318/786 1615/1317/786
f 1571/1321/787 1572/1320/787 1611/1319/787 1612/1322/787
f 1578/1323/788 1571/1321/788 1612/1322/788 1614/1324/788
f 1575/1325/789 1578/1323/789 1614/1324/789 1613/1326/789
f 1574/1327/790 1575/1325/790 1613/1326/790 1650/1328/790
f 1577/1329/791 1574/1327/791 1650/1328/791 1649/1330/791
f 1576/1331/792 1577/1329/792 1649/1330/792 1655/1332/792
f 1603/1333/793 1576/1331/793 1655/1332/793 1652/1334/793
f 1602/1335/794 1603/1333/794 1652/1334/794 1651/1336/794
f 1605/1337/795 1602/1335/795 1651/1336/795 1654/1338/795
f 1604/1339/796 1605/1337/796 1654/1338/796 1653/1340/796
f 1599/1341/797 1604/1339/797 1653/1340/797 1623/1342/797
f 1600/1343/798 1599/1341/798 1623/1342/798 1622/1344/798
f 1601/1345/799 1600/1343/799 1622/1344/799 1620/1346/799
f 1567/1347/800 1601/1345/800 1620/1346/800 1621/1348/800
f 1568/1349/801 1567/1347/801 1621/1348/801 1624/1350/801
f 1566/1351/844 1568/1349/844 1624/1350/844 1617/1352/844
f 1565/1353/803 1566/1351/803 1617/1352/803 1618/1354/803
f 1569/1355/804 1565/1353/804 1618/1354/804 1619/1356/804
f 1563/1357/805 1569/1355/805 1619/1356/805 1616/1358/805
f 1562/1359/806 1563/1357/806 1616/1358/806 1656/1360/806
f 1564/1361/807 1562/1359/807 1656/1360/807 1647/1362/807
f 1561/1363/808 1564/1361/808 1647/1362/808 1646/1364/808
f 1594/1365/809 1561/1363/809 1646/1364/809 1667/1366/809
f 1595/1367/810 1594/1365/810 1667/1366/810 1668/1368/810
f 1593/1369/811 1595/1367/811 1668/1368/811 1666/1370/811
f 1587/1371/812 1593/1369/812 1666/1370/812 1669/1372/812
f 1588/1373/813 1587/1371/813 1669/1372/813 1632/1374/813
f 1586/1375/814 1588/1373/814 1632/1374/814 1631/1376/814
f 1589/1377/815 1586/1375/815 1631/1376/815 1633/1378/815
f 1558/1379/816 1589/1377/816 1633/1378/816 1630/1380/816
f 1559/1381/817 1558/1379/817 1630/1380/817 1629/1382/817
f 1556/1383/846 1559/1381/846 1629/1382/846 1627/1384/846
f 1628/1385/819 1557/1386/819 1556/1383/819 1627/1384/819
f 1626/1387/820 1560/1388/820 1557/1386/820 1628/1385/820
f 1625/1389/821 1553/1390/821 1560/1388/821 1626/1387/821
f 1661/1391/822 1554/1392/822 1553/1390/822 1625/1389/822
f 1662/1393/823 1555/1394/823 1554/1392/823 1661/1391/823
f 1658/1395/824 1552/1396/824 1555/1394/824 1662/1393/824
f 1659/1397/825 1580/1398/825 1552/1396/825 1658/1395/825
f 1657/1399/826 1579/1400/826 1580/1398/826 1659/1397/826
f 1660/1401/827 1581/1402/827 1579/1400/827 1657/1399/827
f 1663/1403/828 1585/1404/828 1581/1402/828 1660/1401/828
f 1634/1405/829 1582/1406/829 1585/1404/829 1663/1403/829
f 1637/1407/830 1584/1408/830 1582/1406/830 1634/1405/830
f 1636/1409/831 1583/1410/831 1584/1408/831 1637/1407/831
f 1635/1411/832 1543/1412/832 1583/1410/832 1636/1409/832
f 1642/1413/833 1544/1414/833 1543/1412/833 1635/1411/833
f 1639/1415/834 1545/1416/834 1544/1414/834 1642/1413/834
f 1638/1417/975 1546/1418/975 1545/1416/975 1639/1415/975
f 1641/1419/836 1547/1420/836 1546/1418/836 1638/1417/836
f 1640/1421/837 1548/1422/837 1547/1420/837 1641/1419/837
f 1670/1423/838 1551/1424/838 1548/1422/838 1640/1421/838
f 1664/1425/839 1549/1426/839 1551/1424/839 1670/1423/839
f 1665/1427/840 1550/1428/840 1549/1426/840 1664/1425/840
f 1643/1429/841 1590/1430/841 1550/1428/841 1665/1427/841
f 1645/1431/842 1592/1432/842 1590/1430/842 1643/1429/842
f 1671/1/847 1672/2/848 1674/5/849 1673/6/850
f 1673/6/850 1674/5/849 1676/9/976 1675/10/852
f 1675/10/852 1676/9/976 1678/13/977 1677/14/854
f 1677/14/854 1678/13/977 1680/17/855 1679/18/856
f 1679/18/856 1680/17/855 1682/21/857 1681/22/858
f 1681/22/858 1682/21/857 1684/25/859 1683/26/860
f 1683/26/860 1684/25/859 1686/29/978 1685/30/862
f 1685/30/862 1686/29/978 1688/33/863 1687/34/864
f 1687/34/864 1688/33/863 1690/37/865 1689/38/866
f 1689/38/866 1690/37/865 1692/41/867 1691/42/868
f 1691/42/868 1692/41/867 1694/45/869 1693/46/870
f 1693/46/870 1694/45/869 1696/49/871 1695/50/872
f 1695/50/872 1696/49/871 1698/53/873 1697/54/874
f 1697/54/874 1698/53/873 1700/57/875 1699/58/876
f 1699/58/876 1700/57/875 1702/61/877 1701/62/878
f 1701/62/878 1702/61/877 1704/65/979 1703/66/880
f 1703/66/880 1704/65/979 1706/69/881 1705/70/882
f 1705/70/882 1706/69/881 1708/73/883 1707/74/884
f 1707/74/884 1708/73/883 1710/77/885 1709/78/886
f 1709/78/886 1710/77/885 1712/81/887 1711/82/888
f 1711/82/888 1712/81/887 1714/85/889 1713/86/890
f 1713/86/890 1714/85/889 1716/89/891 1715/90/892
f 1715/90/892 1716/89/891 1718/93/893 1717/94/894
f 1717/94/894 1718/93/893 1720/97/895 1719/98/896
f 1719/98/896 1720/97/895 1722/101/897 1721/102/898
f 1721/102/898 1722/101/897 1724/105/899 1723/106/900
f 1723/106/900 1724/105/899 1726/109/901 1725/110/902
f 1725/110/902 1726/109/901 1728/113/903 1727/114/904
f 1727/114/904 1728/113/903 1730/117/905 1729/118/906
f 1729/118/906 1730/117/905 1732/121/980 1731/122/908
f 1731/122/908 1732/121/980 1734/125/909 1733/126/910
f 1733/126/910 1734/125/909 1736/129/911 1735/130/912
f 1735/130/912 1736/129/911 1738/133/913 1737/134/914
f 1737/134/914 1738/133/913 1740/137/915 1739/138/916
f 1739/138/916 1740/137/915 1742/141/917 1741/142/918
f 1741/142/918 1742/141/917 1744/145/919 1743/146/920
f 1743/146/920 1744/145/919 1746/149/921 1745/150/922
f 1745/150/922 1746/149/921 1748/153/923 1747/154/924
f 1747/154/924 1748/153/923 1750/157/925 1749/158/926
f 1749/158/926 1750/157/925 1752/161/927 1751/162/928
f 1751/162/928 1752/161/927 1754/165/929 1753/166/930
f 1753/166/930 1754/165/929 1756/169/931 1755/170/932
f 1755/170/932 1756/169/931 1758/173/933 1757/174/934
f 1757/174/934 1758/173/933 1760/177/935 1759/178/936
f 1759/178/936 1760/177/935 1762/181/937 1761/182/938
f 1761/182/938 1762/181/937 1764/185/939 1763/186/940
f 1763/186/940 1764/185/939 1766/189/981 1765/190/942
f 1765/190/942 1766/189/981 1768/193/982 1767/194/944
f 1767/194/944 1768/193/982 1770/197/945 1769/198/946
f 1769/198/946 1770/197/945 1772/201/947 1771/202/948
f 1771/202/948 1772/201/947 1774/205/983 1773/206/950
f 1773/206/950 1774/205/983 1776/209/951 1775/210/952
f 1775/210/952 1776/209/951 1778/213/953 1777/214/954
f 1777/214/954 1778/213/953 1780/217/955 1779/218/956
f 1779/218/956 1780/217/955 1782/221/984 1781/222/958
f 1781/222/958 1782/221/984 1784/225/959 1783/226/960
f 1783/226/960 1784/225/959 1786/229/985 1785/230/962
f 1785/230/962 1786/229/985 1788/233/963 1787/234/964
f 1787/234/964 1788/233/963 1790/237/965 1789/238/966
f 1789/238/966 1790/237/965 1792/241/967 1791/242/968
f 1791/242/968 1792/241/967 1794/245/969 1793/246/970
f 1793/246/970 1794/245/969 1796/249/971 1795/250/972
f 1728/460/903 1726/462/901 1724/464/899 1722/466/897 1720/468/895 1718/470/893 1716/472/891 1714/474/889 1712/476/887 1710/478/885 1708/480/883 1860/1173/775 1855/1174/775 1856/1175/775 1857/1176/775 1823/1177/775 1824/1178/775 1822/1179/775 1821/1180/775 1825/1181/775 1819/1182/775 1818/1183/775 1820/1184/775 1817/1185/775 1850/1186/775 1851/1187/775 1849/1188/775 1843/1189/775 1844/1190/775 1842/1191/775 1845/1192/775 1814/1193/775 1815/1194/775 1812/1195/775 1813/1196/775 1816/1197/775 1809/1198/775 1810/1199/775 1811/1200/775 1808/1201/775 1836/1202/775 1835/1203/775 1837/1204/775 1841/1205/775 1772/416/947 1770/418/945 1768/420/982 1766/422/981 1764/424/939 1762/426/937 1760/428/935 1758/430/933 1756/432/931 1754/434/929 1752/436/927 1750/438/925 1748/440/923 1746/442/921 1744/444/919 1742/446/917 1740/448/915 1738/450/913 1736/452/911 1734/454/909 1732/456/980 1730/458/905
f 1684/504/859 1682/506/857 1680/508/855 1678/510/977 1676/512/976 1674/514/849 1672/388/848 1798/390/973 1796/392/971 1794/394/969 1792/396/967 1790/398/965 1788/400/963 1786/402/985 1784/404/959 1782/406/984 1780/408/955 1778/410/953 1776/412/951 1774/414/983 1772/416/947 1841/1205/775 1838/1206/775 1840/1207/775 1839/1208/775 1799/1209/775 1800/1210/775 1801/1211/775 1802/1212/775 1803/1213/775 1804/1214/775 1807/1215/775 1805/1216/775 1806/1217/775 1846/1218/775 1848/1219/775 1847/1220/775 1852/1221/775 1854/1222/775 1853/1223/775 1862/1224/775 1826/1225/775 1829/1226/775 1828/1227/775 1827/1228/775 1834/1229/775 1831/1230/775 1830/1231/775 1833/1232/775 1832/1233/775 1859/1234/775 1858/1235/775 1861/1236/775 1860/1173/775 1708/480/883 1706/482/881 1704/484/979 1702/486/877 1700/488/875 1698/490/873 1696/492/871 1694/494/869 1692/496/867 1690/498/865 1688/500/863 1686/502/978
f 1795/250/972 1796/249/971 1798/253/973 1797/254/974
f 1797/254/974 1798/253/973 1672/257/848 1671/258/847
f 1797/385/974 1671/259/847 1673/261/850 1675/263/852 1677/265/854 1679/267/856 1681/269/858 1683/271/860 1685/273/862 1687/275/864 1689/277/866 1691/279/868 1693/281/870 1695/283/872 1697/285/874 1699/287/876 1701/289/878 1703/291/880 1705/293/882 1707/295/884 1709/297/886 1711/299/888 1713/301/890 1715/303/892 1717/305/894 1880/1237/777 1877/1238/777 1876/1239/777 1878/1240/777 1879/1241/777 1909/1242/777 1910/1243/777 1907/1244/777 1908/1245/777 1911/1246/777 1905/1247/777 1906/1248/777 1869/1249/777 1870/1250/777 1868/1251/777 1867/1252/777 1871/1253/777 1865/1254/777 1864/1255/777 1866/1256/777 1863/1257/777 1904/1258/777 1900/1259/777 1901/1260/777 1899/1261/777 1921/1262/777 1920/1263/777 1926/1264/777 1896/1265/777 1897/1266/777 1894/1267/777 1895/1268/777 1898/1269/777 1781/369/958 1783/371/960 1785/373/962 1787/375/964 1789/377/966 1791/379/968 1793/381/970 1795/383/972
f 1717/305/894 1719/307/896 1721/1270/898 1723/311/900 1725/313/902 1727/315/904 1729/317/906 1731/319/908 1733/321/910 1735/323/912 1737/325/914 1739/327/916 1741/329/918 1743/331/920 1745/333/922 1747/335/924 1749/1271/926 1751/339/928 1753/341/930 1755/343/932 1757/345/934 1759/347/936 1761/349/938 1763/351/940 1765/353/942 1767/355/944 1769/357/946 1771/359/948 1773/361/950 1775/363/952 1777/365/954 1779/367/956 1781/369/958 1898/1269/777 1891/1272/777 1892/1273/777 1893/1274/777 1890/1275/777 1919/1276/777 1916/1277/777 1913/1278/777 1915/1279/777 1914/1280/777 1918/1281/777 1917/1282/777 1881/1283/777 1882/1284/777 1884/1285/777 1883/1286/777 1885/1287/777 1886/1288/777 1889/1289/777 1887/1290/777 1888/1291/777 1925/1292/777 1922/1293/777 1924/1294/777 1923/1295/777 1902/1296/777 1903/1297/777 1912/1298/777 1872/1299/777 1875/1300/777 1874/1301/777 1873/1302/777 1880/1237/777
f 1900/1303/779 1847/1304/779 1848/1305/779 1901/1306/779
f 1904/1307/780 1852/1308/780 1847/1304/780 1900/1303/780
f 1863/1309/781 1854/1310/781 1852/1308/781 1904/1307/781
f 1866/1311/782 1853/1312/782 1854/1310/782 1863/1309/782
f 1864/1313/783 1862/1314/783 1853/1312/783 1866/1311/783
f 1865/1315/784 1826/1316/784 1862/1314/784 1864/1313/784
f 1871/1317/785 1829/1318/785 1826/1316/785 1865/1315/785
f 1867/1319/986 1828/1320/986 1829/1318/986 1871/1317/986
f 1827/1321/843 1828/1320/843 1867/1319/843 1868/1322/843
f 1834/1323/788 1827/1321/788 1868/1322/788 1870/1324/788
f 1831/1325/789 1834/1323/789 1870/1324/789 1869/1326/789
f 1830/1327/790 1831/1325/790 1869/1326/790 1906/1328/790
f 1833/1329/791 1830/1327/791 1906/1328/791 1905/1330/791
f 1832/1331/792 1833/1329/792 1905/1330/792 1911/1332/792
f 1859/1333/793 1832/1331/793 1911/1332/793 1908/1334/793
f 1858/1335/794 1859/1333/794 1908/1334/794 1907/1336/794
f 1861/1337/795 1858/1335/795 1907/1336/795 1910/1338/795
f 1860/1339/796 1861/1337/796 1910/1338/796 1909/1340/796
f 1855/1341/797 1860/1339/797 1909/1340/797 1879/1342/797
f 1856/1343/798 1855/1341/798 1879/1342/798 1878/1344/798
f 1857/1345/799 1856/1343/799 1878/1344/799 1876/1346/799
f 1823/1347/800 1857/1345/800 1876/1346/800 1877/1348/800
f 1824/1349/801 1823/1347/801 1877/1348/801 1880/1350/801
f 1822/1351/844 1824/1349/844 1880/1350/844 1873/1352/844
f 1821/1353/803 1822/1351/803 1873/1352/803 1874/1354/803
f 1825/1355/804 1821/1353/804 1874/1354/804 1875/1356/804
f 1819/1357/805 1825/1355/805 1875/1356/805 1872/1358/805
f 1818/1359/806 1819/1357/806 1872/1358/806 1912/1360/806
f 1820/1361/807 1818/1359/807 1912/1360/807 1903/1362/807
f 1817/1363/808 1820/1361/808 1903/1362/808 1902/1364/808
f 1850/1365/809 1817/1363/809 1902/1364/809 1923/1366/809
f 1851/1367/810 1850/1365/810 1923/1366/810 1924/1368/810
f 1849/1369/811 1851/1367/811 1924/1368/811 1922/1370/811
f 1843/1371/812 1849/1369/812 1922/1370/812 1925/1372/812
f 1844/1373/813 1843/1371/813 1925/1372/813 1888/1374/813
f 1842/1375/814 1844/1373/814 1888/1374/814 1887/1376/814
f 1845/1377/815 1842/1375/815 1887/1376/815 1889/1378/815
f 1814/1379/816 1845/1377/816 1889/1378/816 1886/1380/816
f 1815/1381/817 1814/1379/817 1886/1380/817 1885/1382/817
f 1812/1383/846 1815/1381/846 1885/1382/846 1883/1384/846
f 1884/1385/819 1813/1386/819 1812/1383/819 1883/1384/819
f 1882/1387/820 1816/1388/820 1813/1386/820 1884/1385/820
f 1881/1389/821 1809/1390/821 1816/1388/821 1882/1387/821
f 1917/1391/822 1810/1392/822 1809/1390/822 1881/1389/822
f 1918/1393/823 1811/1394/823 1810/1392/823 1917/1391/823
f 1914/1395/824 1808/1396/824 1811/1394/824 1918/1393/824
f 1915/1397/825 1836/1398/825 1808/1396/825 1914/1395/825
f 1913/1399/826 1835/1400/826 1836/1398/826 1915/1397/826
f 1916/1401/827 1837/1402/827 1835/1400/827 1913/1399/827
f 1919/1403/828 1841/1404/828 1837/1402/828 1916/1401/828
f 1890/1405/829 1838/1406/829 1841/1404/829 1919/1403/829
f 1893/1407/830 1840/1408/830 1838/1406/830 1890/1405/830
f 1892/1409/831 1839/1410/831 1840/1408/831 1893/1407/831
f 1891/1411/832 1799/1412/832 1839/1410/832 1892/1409/832
f 1898/1413/833 1800/1414/833 1799/1412/833 1891/1411/833
f 1895/1415/834 1801/1416/834 1800/1414/834 1898/1413/834
f 1894/1417/975 1802/1418/975 1801/1416/975 1895/1415/975
f 1897/1419/836 1803/1420/836 1802/1418/836 1894/1417/836
f 1896/1421/837 1804/1422/837 1803/1420/837 1897/1419/837
f 1926/1423/838 1807/1424/838 1804/1422/838 1896/1421/838
f 1920/1425/839 1805/1426/839 1807/1424/839 1926/1423/839
f 1921/1427/840 1806/1428/840 1805/1426/840 1920/1425/840
f 1899/1429/841 1846/1430/841 1806/1428/841 1921/1427/841
f 1901/1431/842 1848/1432/842 1846/1430/842 1899/1429/842
f 1927/1/847 1928/2/848 1930/5/849 1929/6/850
f 1929/6/850 1930/5/849 1932/9/851 1931/10/852
f 1931/10/852 1932/9/851 1934/13/853 1933/14/854
f 1933/14/854 1934/13/853 1936/17/855 1935/18/856
f 1935/18/856 1936/17/855 1938/21/857 1937/22/858
f 1937/22/858 1938/21/857 1940/25/859 1939/26/860
f 1939/26/860 1940/25/859 1942/29/978 1941/30/862
f 1941/30/862 1942/29/978 1944/33/863 1943/34/864
f 1943/34/864 1944/33/863 1946/37/865 1945/38/866
f 1945/38/866 1946/37/865 1948/41/867 1947/42/868
f 1947/42/868 1948/41/867 1950/45/869 1949/46/870
f 1949/46/870 1950/45/869 1952/49/871 1951/50/872
f 1951/50/872 1952/49/871 1954/53/987 1953/54/874
f 1953/54/874 1954/53/987 1956/57/875 1955/58/876
f 1955/58/876 1956/57/875 1958/61/877 1957/62/878
f 1957/62/878 1958/61/877 1960/65/979 1959/66/880
f 1959/66/880 1960/65/979 1962/69/881 1961/70/882
f 1961/70/882 1962/69/881 1964/73/988 1963/74/884
f 1963/74/884 1964/73/988 1966/77/989 1965/78/886
f 1965/78/886 1966/77/989 1968/81/887 1967/82/888
f 1967/82/888 1968/81/887 1970/85/889 1969/86/890
f 1969/86/890 1970/85/889 1972/89/891 1971/90/892
f 1971/90/892 1972/89/891 1974/93/893 1973/94/894
f 1973/94/894 1974/93/893 1976/97/895 1975/98/896
f 1975/98/896 1976/97/895 1978/101/897 1977/102/898
f 1977/102/898 1978/101/897 1980/105/899 1979/106/900
f 1979/106/900 1980/105/899 1982/109/901 1981/110/902
f 1981/110/902 1982/109/901 1984/113/903 1983/114/904
f 1983/114/904 1984/113/903 1986/117/905 1985/118/906
f 1985/118/906 1986/117/905 1988/121/907 1987/122/908
f 1987/122/908 1988/121/907 1990/125/909 1989/126/910
f 1989/126/910 1990/125/909 1992/129/990 1991/130/912
f 1991/130/912 1992/129/990 1994/133/913 1993/134/914
f 1993/134/914 1994/133/913 1996/137/915 1995/138/916
f 1995/138/916 1996/137/915 1998/141/917 1997/142/918
f 1997/142/918 1998/141/917 2000/145/919 1999/146/920
f 1999/146/920 2000/145/919 2002/149/921 2001/150/922
f 2001/150/922 2002/149/921 2004/153/923 2003/154/924
f 2003/154/924 2004/153/923 2006/157/925 2005/158/926
f 2005/158/926 2006/157/925 2008/161/927 2007/162/928
f 2007/162/928 2008/161/927 2010/165/929 2009/166/930
f 2009/166/930 2010/165/929 2012/169/931 2011/170/932
f 2011/170/932 2012/169/931 2014/173/933 2013/174/934
f 2013/174/934 2014/173/933 2016/177/935 2015/178/936
f 2015/178/936 2016/177/935 2018/181/937 2017/182/938
f 2017/182/938 2018/181/937 2020/185/939 2019/186/940
f 2019/186/940 2020/185/939 2022/189/941 2021/190/942
f 2021/190/942 2022/189/941 2024/193/982 2023/194/944
f 2023/194/944 2024/193/982 2026/197/945 2025/198/946
f 2025/198/946 2026/197/945 2028/201/991 2027/202/948
f 2027/202/948 2028/201/991 2030/205/983 2029/206/950
f 2029/206/950 2030/205/983 2032/209/951 2031/210/952
f 2031/210/952 2032/209/951 2034/213/953 2033/214/954
f 2033/214/954 2034/213/953 2036/217/955 2035/218/956
f 2035/218/956 2036/217/955 2038/221/957 2037/222/958
f 2037/222/958 2038/221/957 2040/225/959 2039/226/960
f 2039/226/960 2040/225/959 2042/229/961 2041/230/962
f 2041/230/962 2042/229/961 2044/233/963 2043/234/964
f 2043/234/964 2044/233/963 2046/237/965 2045/238/966
f 2045/238/966 2046/237/965 2048/241/967 2047/242/968
f 2047/242/968 2048/241/967 2050/245/969 2049/246/970
f 2049/246/970 2050/245/969 2052/249/971 2051/250/972
f 1984/460/903 1982/462/901 1980/464/899 1978/466/897 1976/468/895 1974/470/893 1972/472/891 1970/474/889 1968/476/887 1966/478/989 1964/480/988 2116/1173/775 2111/1174/775 2112/1175/775 2113/1176/775 2079/1177/775 2080/1178/775 2078/1179/775 2077/1180/775 2081/1181/775 2075/1182/775 2074/1183/775 2076/1184/775 2073/1185/775 2106/1186/775 2107/1187/775 2105/1188/775 2099/1189/775 2100/1190/775 2098/1191/775 2101/1192/775 2070/1193/775 2071/1194/775 2068/1195/775 2069/1196/775 2072/1197/775 2065/1198/775 2066/1199/775 2067/1200/775 2064/1201/775 2092/1202/775 2091/1203/775 2093/1204/775 2097/1205/775 2028/416/991 2026/418/945 2024/420/982 2022/422/941 2020/424/939 2018/426/937 2016/428/935 2014/430/933 2012/432/931 2010/434/929 2008/436/927 2006/438/925 2004/440/923 2002/442/921 2000/444/919 1998/446/917 1996/448/915 1994/450/913 1992/452/990 1990/454/909 1988/456/907 1986/458/905
f 1940/504/859 1938/506/857 1936/508/855 1934/510/853 1932/512/851 1930/514/849 1928/388/848 2054/390/973 2052/392/971 2050/394/969 2048/396/967 2046/398/965 2044/400/963 2042/402/961 2040/404/959 2038/406/957 2036/408/955 2034/410/953 2032/412/951 2030/414/983 2028/416/991 2097/1205/775 2094/1206/775 2096/1207/775 2095/1208/775 2055/1209/775 2056/1210/775 2057/1211/775 2058/1212/775 2059/1213/775 2060/1214/775 2063/1215/775 2061/1216/775 2062/1217/775 2102/1218/775 2104/1219/775 2103/1220/775 2108/1221/775 2110/1222/775 2109/1223/775 2118/1224/775 2082/1225/775 2085/1226/775 2084/1227/775 2083/1228/775 2090/1229/775 2087/1230/775 2086/1231/775 2089/1232/775 2088/1233/775 2115/1234/775 2114/1235/775 2117/1236/775 2116/1173/775 1964/480/988 1962/482/881 1960/484/979 1958/486/877 1956/488/875 1954/490/987 1952/492/871 1950/494/869 1948/496/867 1946/498/865 1944/500/863 1942/502/978
f 2051/250/972 2052/249/971 2054/253/973 2053/254/974
f 2053/254/974 2054/253/973 1928/257/848 1927/258/847
f 2053/385/974 1927/259/847 1929/261/850 1931/263/852 1933/265/854 1935/267/856 1937/269/858 1939/271/860 1941/273/862 1943/275/864 1945/277/866 1947/279/868 1949/281/870 1951/283/872 1953/285/874 1955/287/876 1957/289/878 1959/291/880 1961/293/882 1963/295/884 1965/297/886 1967/299/888 1969/301/890 1971/303/892 1973/305/894 2136/1237/777 2133/1238/777 2132/1239/777 2134/1240/777 2135/1241/777 2165/1242/777 2166/1243/777 2163/1244/777 2164/1245/777 2167/1246/777 2161/1247/777 2162/1248/777 2125/1249/777 2126/1250/777 2124/1251/777 2123/1252/777 2127/1253/777 2121/1254/777 2120/1255/777 2122/1256/777 2119/1257/777 2160/1258/777 2156/1259/777 2157/1260/777 2155/1261/777 2177/1262/777 2176/1263/777 2182/1264/777 2152/1265/777 2153/1266/777 2150/1267/777 2151/1268/777 2154/1269/777 2037/369/958 2039/371/960 2041/373/962 2043/375/964 2045/377/966 2047/379/968 2049/381/970 2051/383/972
f 1973/305/894 1975/307/896 1977/1270/898 1979/311/900 1981/313/902 1983/315/904 1985/317/906 1987/319/908 1989/321/910 1991/323/912 1993/325/914 1995/327/916 1997/329/918 1999/331/920 2001/333/922 2003/335/924 2005/1271/926 2007/339/928 2009/341/930 2011/343/932 2013/345/934 2015/347/936 2017/349/938 2019/351/940 2021/353/942 2023/355/944 2025/357/946 2027/359/948 2029/361/950 2031/363/952 2033/365/954 2035/367/956 2037/369/958 2154/1269/777 2147/1272/777 2148/1273/777 2149/1274/777 2146/1275/777 2175/1276/777 2172/1277/777 2169/1278/777 2171/1279/777 2170/1280/777 2174/1281/777 2173/1282/777 2137/1283/777 2138/1284/777 2140/1285/777 2139/1286/777 2141/1287/777 2142/1288/777 2145/1289/777 2143/1290/777 2144/1291/777 2181/1292/777 2178/1293/777 2180/1294/777 2179/1295/777 2158/1296/777 2159/1297/777 2168/1298/777 2128/1299/777 2131/1300/777 2130/1301/777 2129/1302/777 2136/1237/777
f 2156/1303/779 2103/1304/779 2104/1305/779 2157/1306/779
f 2160/1307/780 2108/1308/780 2103/1304/780 2156/1303/780
f 2119/1309/781 2110/1310/781 2108/1308/781 2160/1307/781
f 2122/1311/782 2109/1312/782 2110/1310/782 2119/1309/782
f 2120/1313/783 2118/1314/783 2109/1312/783 2122/1311/783
f 2121/1315/784 2082/1316/784 2118/1314/784 2120/1313/784
f 2127/1317/785 2085/1318/785 2082/1316/785 2121/1315/785
f 2123/1319/986 2084/1320/986 2085/1318/986 2127/1317/986
f 2083/1321/843 2084/1320/843 2123/1319/843 2124/1322/843
f 2090/1323/788 2083/1321/788 2124/1322/788 2126/1324/788
f 2087/1325/789 2090/1323/789 2126/1324/789 2125/1326/789
f 2086/1327/790 2087/1325/790 2125/1326/790 2162/1328/790
f 2089/1329/791 2086/1327/791 2162/1328/791 2161/1330/791
f 2088/1331/792 2089/1329/792 2161/1330/792 2167/1332/792
f 2115/1333/793 2088/1331/793 2167/1332/793 2164/1334/793
f 2114/1335/794 2115/1333/794 2164/1334/794 2163/1336/794
f 2117/1337/795 2114/1335/795 2163/1336/795 2166/1338/795
f 2116/1339/796 2117/1337/796 2166/1338/796 2165/1340/796
f 2111/1341/797 2116/1339/797 2165/1340/797 2135/1342/797
f 2112/1343/798 2111/1341/798 2135/1342/798 2134/1344/798
f 2113/1345/799 2112/1343/799 2134/1344/799 2132/1346/799
f 2079/1347/800 2113/1345/800 2132/1346/800 2133/1348/800
f 2080/1349/801 2079/1347/801 2133/1348/801 2136/1350/801
f 2078/1351/802 2080/1349/802 2136/1350/802 2129/1352/802
f 2077/1353/845 2078/1351/845 2129/1352/845 2130/1354/845
f 2081/1355/804 2077/1353/804 2130/1354/804 2131/1356/804
f 2075/1357/805 2081/1355/805 2131/1356/805 2128/1358/805
f 2074/1359/806 2075/1357/806 2128/1358/806 2168/1360/806
f 2076/1361/807 2074/1359/807 2168/1360/807 2159/1362/807
f 2073/1363/808 2076/1361/808 2159/1362/808 2158/1364/808
f 2106/1365/809 2073/1363/809 2158/1364/809 2179/1366/809
f 2107/1367/810 2106/1365/810 2179/1366/810 2180/1368/810
f 2105/1369/811 2107/1367/811 2180/1368/811 2178/1370/811
f 2099/1371/812 2105/1369/812 2178/1370/812 2181/1372/812
f 2100/1373/813 2099/1371/813 2181/1372/813 2144/1374/813
f 2098/1375/814 2100/1373/814 2144/1374/814 2143/1376/814
f 2101/1377/815 2098/1375/815 2143/1376/815 2145/1378/815
f 2070/1379/816 2101/1377/816 2145/1378/816 2142/1380/816
f 2071/1381/817 2070/1379/817 2142/1380/817 2141/1382/817
f 2068/1383/818 2071/1381/818 2141/1382/818 2139/1384/818
f 2140/1385/992 2069/1386/992 2068/1383/992 2139/1384/992
f 2138/1387/820 2072/1388/820 2069/1386/820 2140/1385/820
f 2137/1389/821 2065/1390/821 2072/1388/821 2138/1387/821
f 2173/1391/822 2066/1392/822 2065/1390/822 2137/1389/822
f 2174/1393/823 2067/1394/823 2066/1392/823 2173/1391/823
f 2170/1395/824 2064/1396/824 2067/1394/824 2174/1393/824
f 2171/1397/825 2092/1398/825 2064/1396/825 2170/1395/825
f 2169/1399/826 2091/1400/826 2092/1398/826 2171/1397/826
f 2172/1401/827 2093/1402/827 2091/1400/827 2169/1399/827
f 2175/1403/828 2097/1404/828 2093/1402/828 2172/1401/828
f 2146/1405/829 2094/1406/829 2097/1404/829 2175/1403/829
f 2149/1407/830 2096/1408/830 2094/1406/830 2146/1405/830
f 2148/1409/831 2095/1410/831 2096/1408/831 2149/1407/831
f 2147/1411/832 2055/1412/832 2095/1410/832 2148/1409/832
f 2154/1413/833 2056/1414/833 2055/1412/833 2147/1411/833
f 2151/1415/993 2057/1416/993 2056/1414/993 2154/1413/993
f 2150/1417/975 2058/1418/975 2057/1416/975 2151/1415/975
f 2153/1419/836 2059/1420/836 2058/1418/836 2150/1417/836
f 2152/1421/837 2060/1422/837 2059/1420/837 2153/1419/837
f 2182/1423/838 2063/1424/838 2060/1422/838 2152/1421/838
f 2176/1425/839 2061/1426/839 2063/1424/839 2182/1423/839
f 2177/1427/840 2062/1428/840 2061/1426/840 2176/1425/840
f 2155/1429/841 2102/1430/841 2062/1428/841 2177/1427/841
f 2157/1431/842 2104/1432/842 2102/1430/842 2155/1429/842
f 2183/1/847 2184/2/848 2186/5/849 2185/6/850
f 2185/6/850 2186/5/849 2188/9/851 2187/10/852
f 2187/10/852 2188/9/851 2190/13/853 2189/14/854
f 2189/14/854 2190/13/853 2192/17/855 2191/18/856
f 2191/18/856 2192/17/855 2194/21/857 2193/22/858
f 2193/22/858 2194/21/857 2196/25/859 2195/26/860
f 2195/26/860 2196/25/859 2198/29/861 2197/30/862
f 2197/30/862 2198/29/861 2200/33/863 2199/34/864
f 2199/34/864 2200/33/863 2202/37/865 2201/38/866
f 2201/38/866 2202/37/865 2204/41/867 2203/42/868
f 2203/42/868 2204/41/867 2206/45/869 2205/46/870
f 2205/46/870 2206/45/869 2208/49/871 2207/50/872
f 2207/50/872 2208/49/871 2210/53/873 2209/54/874
f 2209/54/874 2210/53/873 2212/57/875 2211/58/876
f 2211/58/876 2212/57/875 2214/61/994 2213/62/878
f 2213/62/878 2214/61/994 2216/65/979 2215/66/880
f 2215/66/880 2216/65/979 2218/69/881 2217/70/882
f 2217/70/882 2218/69/881 2220/73/883 2219/74/884
f 2219/74/884 2220/73/883 2222/77/885 2221/78/886
f 2221/78/886 2222/77/885 2224/81/887 2223/82/888
f 2223/82/888 2224/81/887 2226/85/889 2225/86/890
f 2225/86/890 2226/85/889 2228/89/891 2227/90/892
f 2227/90/892 2228/89/891 2230/93/893 2229/94/894
f 2229/94/894 2230/93/893 2232/97/895 2231/98/896
f 2231/98/896 2232/97/895 2234/101/897 2233/102/898
f 2233/102/898 2234/101/897 2236/105/899 2235/106/900
f 2235/106/900 2236/105/899 2238/109/901 2237/110/902
f 2237/110/902 2238/109/901 2240/113/903 2239/114/904
f 2239/114/904 2240/113/903 2242/117/905 2241/118/906
f 2241/118/906 2242/117/905 2244/121/907 2243/122/908
f 2243/122/908 2244/121/907 2246/125/909 2245/126/910
f 2245/126/910 2246/125/909 2248/129/995 2247/130/912
f 2247/130/912 2248/129/995 2250/133/913 2249/134/914
f 2249/134/914 2250/133/913 2252/137/915 2251/138/916
f 2251/138/916 2252/137/915 2254/141/917 2253/142/918
f 2253/142/918 2254/141/917 2256/145/919 2255/146/920
f 2255/146/920 2256/145/919 2258/149/921 2257/150/922
f 2257/150/922 2258/149/921 2260/153/923 2259/154/924
f 2259/154/924 2260/153/923 2262/157/925 2261/158/926
f 2261/158/926 2262/157/925 2264/161/927 2263/162/928
f 2263/162/928 2264/161/927 2266/165/996 2265/166/930
f 2265/166/930 2266/165/996 2268/169/931 2267/170/932
f 2267/170/932 2268/169/931 2270/173/933 2269/174/934
f 2269/174/934 2270/173/933 2272/177/935 2271/178/936
f 2271/178/936 2272/177/935 2274/181/937 2273/182/938
f 2273/182/938 2274/181/937 2276/185/939 2275/186/940
f 2275/186/940 2276/185/939 2278/189/981 2277/190/942
f 2277/190/942 2278/189/981 2280/193/943 2279/194/944
f 2279/194/944 2280/193/943 2282/197/945 2281/198/946
f 2281/198/946 2282/197/945 2284/201/991 2283/202/948
f 2283/202/948 2284/201/991 2286/205/983 2285/206/950
f 2285/206/950 2286/205/983 2288/209/951 2287/210/952
f 2287/210/952 2288/209/951 2290/213/953 2289/214/954
f 2289/214/954 2290/213/953 2292/217/955 2291/218/956
f 2291/218/956 2292/217/955 2294/221/957 2293/222/958
f 2293/222/958 2294/221/957 2296/225/959 2295/226/960
f 2295/226/960 2296/225/959 2298/229/961 2297/230/962
f 2297/230/962 2298/229/961 2300/233/963 2299/234/964
f 2299/234/964 2300/233/963 2302/237/965 2301/238/966
f 2301/238/966 2302/237/965 2304/241/967 2303/242/968
f 2303/242/968 2304/241/967 2306/245/969 2305/246/970
f 2305/246/970 2306/245/969 2308/249/971 2307/250/972
f 2240/460/903 2238/462/901 2236/464/899 2234/466/897 2232/468/895 2230/470/893 2228/472/891 2226/474/889 2224/476/887 2222/478/885 2220/480/883 2372/1173/775 2367/1174/775 2368/1175/775 2369/1176/775 2335/1177/775 2336/1178/775 2334/1179/775 2333/1180/775 2337/1181/775 2331/1182/775 2330/1183/775 2332/1184/775 2329/1185/775 2362/1186/775 2363/1187/775 2361/1188/775 2355/1189/775 2356/1190/775 2354/1191/775 2357/1192/775 2326/1193/775 2327/1194/775 2324/1195/775 2325/1196/775 2328/1197/775 2321/1198/775 2322/1199/775 2323/1200/775 2320/1201/775 2348/1202/775 2347/1203/775 2349/1204/775 2353/1205/775 2284/416/991 2282/418/945 2280/420/943 2278/422/981 2276/424/939 2274/426/937 2272/428/935 2270/430/933 2268/432/931 2266/434/996 2264/436/927 2262/438/925 2260/440/923 2258/442/921 2256/444/919 2254/446/917 2252/448/915 2250/450/913 2248/452/995 2246/454/909 2244/456/907 2242/458/905
f 2196/504/859 2194/506/857 2192/508/855 2190/510/853 2188/512/851 2186/514/849 2184/388/848 2310/390/973 2308/392/971 2306/394/969 2304/396/967 2302/398/965 2300/400/963 2298/402/961 2296/404/959 2294/406/957 2292/408/955 2290/410/953 2288/412/951 2286/414/983 2284/416/991 2353/1205/775 2350/1206/775 2352/1207/775 2351/1208/775 2311/1209/775 2312/1210/775 2313/1211/775 2314/1212/775 2315/1213/775 2316/1214/775 2319/1215/775 2317/1216/775 2318/1217/775 2358/1218/775 2360/1219/775 2359/1220/775 2364/1221/775 2366/1222/775 2365/1223/775 2374/1224/775 2338/1225/775 2341/1226/775 2340/1227/775 2339/1228/775 2346/1229/775 2343/1230/775 2342/1231/775 2345/1232/775 2344/1233/775 2371/1234/775 2370/1235/775 2373/1236/775 2372/1173/775 2220/480/883 2218/482/881 2216/484/979 2214/486/994 2212/488/875 2210/490/873 2208/492/871 2206/494/869 2204/496/867 2202/498/865 2200/500/863 2198/502/861
f 2307/250/972 2308/249/971 2310/253/973 2309/254/974
f 2309/254/974 2310/253/973 2184/257/848 2183/258/847
f 2309/385/974 2183/259/847 2185/261/850 2187/263/852 2189/265/854 2191/267/856 2193/269/858 2195/271/860 2197/273/862 2199/275/864 2201/277/866 2203/279/868 2205/281/870 2207/283/872 2209/285/874 2211/287/876 2213/289/878 2215/291/880 2217/293/882 2219/295/884 2221/297/886 2223/299/888 2225/301/890 2227/303/892 2229/305/894 2392/1237/777 2389/1238/777 2388/1239/777 2390/1240/777 2391/1241/777 2421/1242/777 2422/1243/777 2419/1244/777 2420/1245/777 2423/1246/777 2417/1247/777 2418/1248/777 2381/1249/777 2382/1250/777 2380/1251/777 2379/1252/777 2383/1253/777 2377/1254/777 2376/1255/777 2378/1256/777 2375/1257/777 2416/1258/777 2412/1259/777 2413/1260/777 2411/1261/777 2433/1262/777 2432/1263/777 2438/1264/777 2408/1265/777 2409/1266/777 2406/1267/777 2407/1268/777 2410/1269/777 2293/369/958 2295/371/960 2297/373/962 2299/375/964 2301/377/966 2303/379/968 2305/381/970 2307/383/972
f 2229/305/894 2231/307/896 2233/1270/898 2235/311/900 2237/313/902 2239/315/904 2241/317/906 2243/319/908 2245/321/910 2247/323/912 2249/325/914 2251/327/916 2253/329/918 2255/331/920 2257/333/922 2259/335/924 2261/1271/926 2263/339/928 2265/341/930 2267/343/932 2269/345/934 2271/347/936 2273/349/938 2275/351/940 2277/353/942 2279/355/944 2281/357/946 2283/359/948 2285/361/950 2287/363/952 2289/365/954 2291/367/956 2293/369/958 2410/1269/777 2403/1272/777 2404/1273/777 2405/1274/777 2402/1275/777 2431/1276/777 2428/1277/777 2425/1278/777 2427/1279/777 2426/1280/777 2430/1281/777 2429/1282/777 2393/1283/777 2394/1284/777 2396/1285/777 2395/1286/777 2397/1287/777 2398/1288/777 2401/1289/777 2399/1290/777 2400/1291/777 2437/1292/777 2434/1293/777 2436/1294/777 2435/1295/777 2414/1296/777 2415/1297/777 2424/1298/777 2384/1299/777 2387/1300/777 2386/1301/777 2385/1302/777 2392/1237/777
f 2412/1303/779 2359/1304/779 2360/1305/779 2413/1306/779
f 2416/1307/780 2364/1308/780 2359/1304/780 2412/1303/780
f 2375/1309/781 2366/1310/781 2364/1308/781 2416/1307/781
f 2378/1311/782 2365/1312/782 2366/1310/782 2375/1309/782
f 2376/1313/783 2374/1314/783 2365/1312/783 2378/1311/783
f 2377/1315/784 2338/1316/784 2374/1314/784 2376/1313/784
f 2383/1317/785 2341/1318/785 2338/1316/785 2377/1315/785
f 2379/1319/986 2340/1320/986 2341/1318/986 2383/1317/986
f 2339/1321/787 2340/1320/787 2379/1319/787 2380/1322/787
f 2346/1323/788 2339/1321/788 2380/1322/788 2382/1324/788
f 2343/1325/789 2346/1323/789 2382/1324/789 2381/1326/789
f 2342/1327/790 2343/1325/790 2381/1326/790 2418/1328/790
f 2345/1329/791 2342/1327/791 2418/1328/791 2417/1330/791
f 2344/1331/792 2345/1329/792 2417/1330/792 2423/1332/792
f 2371/1333/793 2344/1331/793 2423/1332/793 2420/1334/793
f 2370/1335/794 2371/1333/794 2420/1334/794 2419/1336/794
f 2373/1337/795 2370/1335/795 2419/1336/795 2422/1338/795
f 2372/1339/796 2373/1337/796 2422/1338/796 2421/1340/796
f 2367/1341/797 2372/1339/797 2421/1340/797 2391/1342/797
f 2368/1343/798 2367/1341/798 2391/1342/798 2390/1344/798
f 2369/1345/799 2368/1343/799 2390/1344/799 2388/1346/799
f 2335/1347/800 2369/1345/800 2388/1346/800 2389/1348/800
f 2336/1349/801 2335/1347/801 2389/1348/801 2392/1350/801
f 2334/1351/844 2336/1349/844 2392/1350/844 2385/1352/844
f 2333/1353/845 2334/1351/845 2385/1352/845 2386/1354/845
f 2337/1355/804 2333/1353/804 2386/1354/804 2387/1356/804
f 2331/1357/805 2337/1355/805 2387/1356/805 2384/1358/805
f 2330/1359/806 2331/1357/806 2384/1358/806 2424/1360/806
f 2332/1361/807 2330/1359/807 2424/1360/807 2415/1362/807
f 2329/1363/808 2332/1361/808 2415/1362/808 2414/1364/808
f 2362/1365/809 2329/1363/809 2414/1364/809 2435/1366/809
f 2363/1367/810 2362/1365/810 2435/1366/810 2436/1368/810
f 2361/1369/811 2363/1367/811 2436/1368/811 2434/1370/811
f 2355/1371/812 2361/1369/812 2434/1370/812 2437/1372/812
f 2356/1373/813 2355/1371/813 2437/1372/813 2400/1374/813
f 2354/1375/814 2356/1373/814 2400/1374/814 2399/1376/814
f 2357/1377/815 2354/1375/815 2399/1376/815 2401/1378/815
f 2326/1379/816 2357/1377/816 2401/1378/816 2398/1380/816
f 2327/1381/817 2326/1379/817 2398/1380/817 2397/1382/817
f 2324/1383/818 2327/1381/818 2397/1382/818 2395/1384/818
f 2396/1385/992 2325/1386/992 2324/1383/992 2395/1384/992
f 2394/1387/820 2328/1388/820 2325/1386/820 2396/1385/820
f 2393/1389/821 2321/1390/821 2328/1388/821 2394/1387/821
f 2429/1391/822 2322/1392/822 2321/1390/822 2393/1389/822
f 2430/1393/823 2323/1394/823 2322/1392/823 2429/1391/823
f 2426/1395/824 2320/1396/824 2323/1394/824 2430/1393/824
f 2427/1397/825 2348/1398/825 2320/1396/825 2426/1395/825
f 2425/1399/826 2347/1400/826 2348/1398/826 2427/1397/826
f 2428/1401/827 2349/1402/827 2347/1400/827 2425/1399/827
f 2431/1403/828 2353/1404/828 2349/1402/828 2428/1401/828
f 2402/1405/829 2350/1406/829 2353/1404/829 2431/1403/829
f 2405/1407/830 2352/1408/830 2350/1406/830 2402/1405/830
f 2404/1409/831 2351/1410/831 2352/1408/831 2405/1407/831
f 2403/1411/832 2311/1412/832 2351/1410/832 2404/1409/832
f 2410/1413/833 2312/1414/833 2311/1412/833 2403/1411/833
f 2407/1415/993 2313/1416/993 2312/1414/993 2410/1413/993
f 2406/1417/975 2314/1418/975 2313/1416/975 2407/1415/975
f 2409/1419/836 2315/1420/836 2314/1418/836 2406/1417/836
f 2408/1421/837 2316/1422/837 2315/1420/837 2409/1419/837
f 2438/1423/838 2319/1424/838 2316/1422/838 2408/1421/838
f 2432/1425/839 2317/1426/839 2319/1424/839 2438/1423/839
f 2433/1427/840 2318/1428/840 2317/1426/840 2432/1425/840
f 2411/1429/841 2358/1430/841 2318/1428/841 2433/1427/841
f 2413/1431/842 2360/1432/842 2358/1430/842 2411/1429/842
